night,radar,n_profiles,mtr_night,mtr_peak,vid_mean,alt_mean,dens_night,vid_night,ff_frac,first,last,dens_day,hours_night,coverage,step_min,lat,lon
2025-11-18,estjv,79,4474.042324528241,939.4117849269469,14.517703987073297,929.6006849937379,5.1848942810976055,14.517703987073297,0.7116616645063661,2025-11-18 17:27:50+00:00,2025-11-19 06:27:50+00:00,4.476673652274268,13.166666666666666,1.0,10,40.17592,-3.71368
2025-11-19,estjv,79,,,1.6126624661155895,858.5298131475762,0.5759508807555677,1.6126624661155895,0.19044607086091375,2025-11-19 17:27:51+00:00,2025-11-20 06:27:51+00:00,4.204094586168685,13.166666666666666,1.0,10,40.17592,-3.71368
2025-11-20,estjv,80,,,1.7821475732326508,797.0867787473496,0.6364812761545181,1.7821475732326508,0.0,2025-11-20 17:27:51+00:00,2025-11-21 06:37:50+00:00,7.324274392170565,13.333333333333332,1.0,10,40.17592,-3.71368
2025-11-21,estjv,80,,,0.28352721452713014,773.5462649683024,0.10125971947397505,0.28352721452713014,0.0,2025-11-21 17:27:51+00:00,2025-11-22 06:37:51+00:00,6.871875649860928,13.333333333333332,1.0,10,40.17592,-3.71368
2025-11-22,estjv,80,,,0.4809633514285087,798.1018700113882,0.17177262551018171,0.4809633514285087,0.0,2025-11-22 17:27:50+00:00,2025-11-23 06:37:51+00:00,10.1063597291708,13.333333333333332,0.9999791671006854,10,40.17592,-3.71368
2025-11-23,estjv,80,,,1.348786141872406,1132.3197393778119,0.4817093363830021,1.348786141872406,0.0,2025-11-23 17:27:51+00:00,2025-11-24 06:37:51+00:00,3.756975292818887,13.333333333333332,1.0,10,40.17592,-3.71368
2025-11-24,estjv,80,,,3.883201911747456,940.8515737831922,1.3868578256240913,3.883201911747456,0.0,2025-11-24 17:27:51+00:00,2025-11-25 06:37:51+00:00,2.511027746072837,13.333333333333332,1.0,10,40.17592,-3.71368
2025-11-25,estjv,80,,,2.553108618110419,992.2794501413806,0.9118245064680066,2.553108618110419,0.0,2025-11-25 17:27:51+00:00,2025-11-26 06:37:51+00:00,5.535644961297512,13.333333333333332,1.0,10,40.17592,-3.71368
2025-11-26,estjv,80,,,2.5877256953716277,827.1066098297141,0.9241877483470098,2.5877256953716277,0.09546248364151359,2025-11-26 17:27:51+00:00,2025-11-27 06:37:51+00:00,4.738916816370828,13.333333333333332,1.0,10,40.17592,-3.71368
2025-11-27,estjv,80,,,3.2641064609587196,794.1745784629725,1.165752307485257,3.2641064609587196,0.007040315566397494,2025-11-27 17:27:51+00:00,2025-11-28 06:37:51+00:00,5.385984355551856,13.333333333333332,1.0,10,40.17592,-3.71368
2025-11-28,estjv,80,,,2.065550575852394,786.9670074286264,0.7376966342329979,2.065550575852394,0.0,2025-11-28 17:27:51+00:00,2025-11-29 06:37:50+00:00,3.3577255113131796,13.333333333333332,1.0,10,40.17592,-3.71368
2025-11-29,estjv,80,,,1.3435511818528174,1206.7085989204102,0.47983970780457763,1.3435511818528174,0.0,2025-11-29 17:27:51+00:00,2025-11-30 06:37:51+00:00,4.816857819393841,13.333333333333332,1.0,10,40.17592,-3.71368
2025-11-30,estjv,81,,,0.25858176953998613,862.503367024687,0.09235063197856647,0.25858176953998613,0.2382897028163749,2025-11-30 17:27:51+00:00,2025-12-01 06:47:51+00:00,5.370643994773775,13.5,1.0,10,40.17592,-3.71368
2025-12-01,estjv,81,,,1.17489520267204,1009.8958497648877,0.4196054295257286,1.17489520267204,0.0,2025-12-01 17:27:51+00:00,2025-12-02 06:47:51+00:00,5.898285830057927,13.5,1.0,10,40.17592,-3.71368
2025-12-02,estjv,79,,,0.6536322925664202,1207.8376780526398,0.23344010448800717,0.6536322925664202,0.0,2025-12-02 17:27:50+00:00,2025-12-03 06:47:50+00:00,9.098903179799438,13.166666666666666,0.9753086419753086,10,40.17592,-3.71368
2025-12-03,estjv,81,,,0.9922268855718919,1079.255008625157,0.35436674484710423,0.9922268855718919,0.01945622681719715,2025-12-03 17:27:51+00:00,2025-12-04 06:47:51+00:00,6.184545767881116,13.5,1.0,10,40.17592,-3.71368
2025-12-04,estjv,81,,,0.684171747646214,790.2057307243032,0.24434705273079071,0.684171747646214,0.0,2025-12-04 17:27:51+00:00,2025-12-05 06:47:51+00:00,5.699984360565531,13.5,1.0,10,40.17592,-3.71368
2025-12-05,estjv,81,,,5.947428604702891,1153.1200567035714,2.124081644536747,5.947428604702891,0.0,2025-12-05 17:27:50+00:00,2025-12-06 06:47:51+00:00,5.5282144677337435,13.5,0.9999794242916813,10,40.17592,-3.71368
2025-12-06,estjv,81,,,3.406597422008161,1143.2014769616335,1.2166419364314862,3.406597422008161,0.0,2025-12-06 17:27:51+00:00,2025-12-07 06:47:51+00:00,8.419938274260078,13.5,1.0,10,40.17592,-3.71368
2025-12-07,estjv,81,,,1.879218736254139,779.74889601828,0.6711495486621925,1.879218736254139,0.0,2025-12-07 17:27:51+00:00,2025-12-08 06:47:51+00:00,9.43411379391771,13.5,1.0,10,40.17592,-3.71368
2025-12-08,estjv,81,,,1.6014539193959885,737.1913003713821,0.5719478283557101,1.6014539193959885,0.0,2025-12-08 17:27:50+00:00,2025-12-09 06:47:51+00:00,6.448510324656057,13.5,0.9999794242916813,10,40.17592,-3.71368
2025-12-09,estjv,81,,,0.6493618472122852,1004.0613270177604,0.23191494543295899,0.6493618472122852,0.0,2025-12-09 17:27:51+00:00,2025-12-10 06:47:51+00:00,0.9024238950575739,13.5,1.0,10,40.17592,-3.71368
2025-12-10,estjv,81,,,1.8090370139957945,1021.5763427857069,0.6460846478556409,1.8090370139957945,0.01120656369313358,2025-12-10 17:27:51+00:00,2025-12-11 06:47:51+00:00,4.29563960663997,13.5,1.0,10,40.17592,-3.71368
2025-12-11,estjv,81,,,2.8554006751672723,1046.201227403681,1.0197859554168829,2.8554006751672723,0.0,2025-12-11 17:27:51+00:00,2025-12-12 06:47:51+00:00,2.2794226138062754,13.5,1.0,10,40.17592,-3.71368
2025-12-12,estjv,82,,,2.33034692166782,795.507994455938,0.8322667577385072,2.33034692166782,0.0,2025-12-12 17:27:51+00:00,2025-12-13 06:57:50+00:00,0.9996045818807143,13.666666666666666,1.0,10,40.17592,-3.71368
2025-12-13,estjv,82,,,0.9665873115382544,730.6557456956593,0.3452097541208052,0.9665873115382544,0.0,2025-12-13 17:27:51+00:00,2025-12-14 06:57:51+00:00,3.0831683568860258,13.666666666666666,1.0,10,40.17592,-3.71368
2025-12-14,estjv,82,,,4.265030563095721,948.6845699211158,1.5232252011056147,4.265030563095721,0.0005029403333269202,2025-12-14 17:27:50+00:00,2025-12-15 06:57:51+00:00,6.1422068529216,13.666666666666666,0.9999796752098535,10,40.17592,-3.71368
2025-12-15,estjv,76,,,0.28385855022229645,1076.1371999626951,0.10137805365082016,0.28385855022229645,0.0,2025-12-15 18:07:51+00:00,2025-12-16 06:57:51+00:00,6.770916621802614,12.666666666666666,0.9743589743589743,10,40.17592,-3.71368
2025-12-16,estjv,81,,,2.4009444004223672,1179.751295540186,0.8574801430079882,2.4009444004223672,0.0,2025-12-16 17:27:51+00:00,2025-12-17 06:57:51+00:00,3.83895730586147,13.5,0.9878048780487805,10,40.17592,-3.71368
2025-12-17,estjv,82,,,1.0965672946557767,1177.3928900980657,0.3916311766627774,1.0965672946557767,0.0,2025-12-17 17:27:51+00:00,2025-12-18 06:57:51+00:00,3.568574996704751,13.666666666666666,1.0,10,40.17592,-3.71368
2025-12-18,estjv,82,,,1.0984958897276622,858.6400994419987,0.39231996061702223,1.0984958897276622,0.0,2025-12-18 17:27:51+00:00,2025-12-19 06:57:51+00:00,4.071689533516991,13.666666666666666,1.0,10,40.17592,-3.71368
2025-12-19,estjv,81,,,5.7902977060388645,1004.9582222239737,2.067963466442451,5.7902977060388645,0.0,2025-12-19 17:27:50+00:00,2025-12-20 06:57:51+00:00,8.817007595052322,13.5,0.9877848011219286,10,40.17592,-3.71368
2025-12-20,estjv,82,,,2.5679119770846714,993.1949083810468,0.9171114203873828,2.5679119770846714,0.0,2025-12-20 17:27:51+00:00,2025-12-21 06:57:51+00:00,3.0458249336197265,13.666666666666666,1.0,10,40.17592,-3.71368
2025-12-21,estjv,82,,,0.11209557030985996,799.9999936465363,0.040034132253521405,0.11209557030985996,0.0,2025-12-21 17:27:51+00:00,2025-12-22 06:57:51+00:00,12.831294044098328,13.666666666666666,1.0,10,40.17592,-3.71368
2025-12-22,estjv,82,,,0.24311859269694583,874.9149361162275,0.0868280688203378,0.24311859269694583,0.0,2025-12-22 17:27:51+00:00,2025-12-23 06:57:51+00:00,8.374387502398534,13.666666666666666,1.0,10,40.17592,-3.71368
2025-12-23,estjv,82,,,2.0128404628939744,1062.246217898412,0.7188715938907051,2.0128404628939744,0.0,2025-12-23 17:27:50+00:00,2025-12-24 06:57:51+00:00,9.298443325475358,13.666666666666666,0.9999796752098535,10,40.17592,-3.71368
2025-12-24,estjv,82,,,2.572115620316529,892.4744265941928,0.9186127215416173,2.572115620316529,0.0,2025-12-24 17:27:51+00:00,2025-12-25 06:57:51+00:00,7.866498626745942,13.666666666666666,1.0,10,40.17592,-3.71368
2025-12-25,estjv,82,,,6.345147244813965,1118.019522891691,2.2661240160049876,6.345147244813965,0.0,2025-12-25 17:27:51+00:00,2025-12-26 06:57:50+00:00,14.845674974940106,13.666666666666666,1.0,10,40.17592,-3.71368
2025-12-26,estjv,82,,,1.2636113312186266,918.9490714262388,0.45128976114950947,1.2636113312186266,0.0,2025-12-26 17:27:51+00:00,2025-12-27 06:57:51+00:00,16.232390154096493,13.666666666666666,1.0,10,40.17592,-3.71368
2025-12-27,estjv,82,,,2.3004370227819537,968.845998758865,0.8215846509935549,2.3004370227819537,0.006929032652137423,2025-12-27 17:27:52+00:00,2025-12-28 06:57:51+00:00,6.196151362998146,13.666666666666666,1.0,10,40.17592,-3.71368
2025-12-28,estjv,82,,,7.972383203593697,1081.4972363251902,2.847279715569177,7.972383203593697,0.0,2025-12-28 17:27:51+00:00,2025-12-29 06:57:51+00:00,7.035005730879705,13.666666666666666,1.0,10,40.17592,-3.71368
2025-12-29,estjv,81,,,1.8363974488811727,799.9999995697433,0.655856231743276,1.8363974488811727,0.0,2025-12-29 17:37:51+00:00,2025-12-30 06:57:50+00:00,6.607594895870127,13.5,1.0,10,40.17592,-3.71368
2025-12-30,estjv,81,,,1.02914594375057,752.6490906152392,0.36755212276806065,1.02914594375057,0.0,2025-12-30 17:37:51+00:00,2025-12-31 06:57:51+00:00,4.1029518538333,13.5,1.0,10,40.17592,-3.71368
2025-12-31,estjv,81,,,4.936377075572073,802.4294047718989,1.7629918127043116,4.936377075572073,0.0286583772936116,2025-12-31 17:37:51+00:00,2026-01-01 06:57:51+00:00,9.663373360064979,13.5,1.0,10,40.17592,-3.71368
2026-01-01,estjv,81,,,3.2538750945785897,1301.4857090754922,1.162098248063782,3.2538750945785897,0.0,2026-01-01 17:37:51+00:00,2026-01-02 06:57:51+00:00,3.7644306611507496,13.5,1.0,10,40.17592,-3.71368
2026-01-02,estjv,81,,,2.6334879650745866,1233.2698262132794,0.9405314160980666,2.6334879650745866,0.0,2026-01-02 17:37:51+00:00,2026-01-03 06:57:51+00:00,4.137122862743027,13.5,1.0,10,40.17592,-3.71368
2026-01-03,estjv,81,,,3.87518042097857,952.5625617939043,1.3839930074923463,3.87518042097857,0.00788267950831094,2026-01-03 17:37:50+00:00,2026-01-04 06:57:51+00:00,7.389939545165926,13.5,0.9999794242916813,10,40.17592,-3.71368
2026-01-04,estjv,81,,,4.575702985422112,920.2797360877483,1.634179637650754,4.575702985422112,0.0,2026-01-04 17:37:51+00:00,2026-01-05 06:57:51+00:00,11.516089576695647,13.5,1.0,10,40.17592,-3.71368
2026-01-05,estjv,80,,,0.28601193547248843,947.9065200879548,0.102147119811603,0.28601193547248843,0.0,2026-01-05 17:37:51+00:00,2026-01-06 06:57:51+00:00,16.555232277760904,13.333333333333332,0.9876543209876543,10,40.17592,-3.71368
2026-01-06,estjv,81,,,0.024790631988902155,1199.9999521922177,0.008853797138893628,0.024790631988902155,0.0,2026-01-06 17:37:50+00:00,2026-01-07 06:57:50+00:00,11.014518140327363,13.5,1.0,10,40.17592,-3.71368
2026-01-07,estjv,81,,,0.11574323828573581,758.617161714479,0.04133687081633422,0.11574323828573581,0.0,2026-01-07 17:37:51+00:00,2026-01-08 06:57:51+00:00,14.112923680671623,13.5,1.0,10,40.17592,-3.71368
2026-01-08,estjv,81,,,3.1333244103708386,1181.638033099764,1.1190444322752995,3.1333244103708386,0.12384565486483864,2026-01-08 17:37:50+00:00,2026-01-09 06:57:51+00:00,8.226970338484362,13.5,0.9999794242916813,10,40.17592,-3.71368
2026-01-09,estjv,81,,,0.5706619952931816,783.87836126919,0.20380785546185057,0.5706619952931816,0.0,2026-01-09 17:37:51+00:00,2026-01-10 06:57:51+00:00,11.010061999250736,13.5,1.0,10,40.17592,-3.71368
2026-01-10,estjv,80,,,0.0,0.0,0.0,0.0,0.0,2026-01-10 17:47:51+00:00,2026-01-11 06:57:51+00:00,16.550964129201713,13.333333333333332,1.0,10,40.17592,-3.71368
2026-01-11,estjv,80,,,1.2859178076684477,1188.611091199959,0.4592563598815884,1.2859178076684477,0.0,2026-01-11 17:47:51+00:00,2026-01-12 06:57:52+00:00,10.48389192355708,13.333333333333332,0.9999791671006854,10,40.17592,-3.71368
2026-01-12,estjv,80,,,0.22625741131603722,785.3355223364224,0.08080621832715613,0.22625741131603722,0.0,2026-01-12 17:47:51+00:00,2026-01-13 06:57:51+00:00,10.12494601530862,13.333333333333332,1.0,10,40.17592,-3.71368
2026-01-13,estjv,80,,,6.451202047765255,1069.402914325518,2.304000731344734,6.451202047765255,0.0,2026-01-13 17:47:51+00:00,2026-01-14 06:57:51+00:00,8.675483946076461,13.333333333333332,1.0,10,40.17592,-3.71368
2026-01-14,estjv,80,,,0.0,0.0,0.0,0.0,0.0,2026-01-14 17:47:50+00:00,2026-01-15 06:57:51+00:00,6.614232300136771,13.333333333333332,0.9999791671006854,10,40.17592,-3.71368
2026-01-15,estjv,80,,,2.333096170425415,1233.5765248487194,0.8332486322947912,2.333096170425415,0.0,2026-01-15 17:47:51+00:00,2026-01-16 06:57:51+00:00,4.706257928439549,13.333333333333332,1.0,10,40.17592,-3.71368
2026-01-16,estjv,80,,,2.9697701299190524,980.2172614383908,1.0606321892568045,2.9697701299190524,0.0,2026-01-16 17:47:51+00:00,2026-01-17 06:57:51+00:00,5.198942747541836,13.333333333333332,1.0,10,40.17592,-3.71368
2026-01-19,estjv,80,,,3.2565288550406697,741.6089078445061,1.163046019657382,3.2565288550406697,0.0,2026-01-19 17:47:51+00:00,2026-01-20 06:57:51+00:00,11.421819989936692,13.333333333333332,1.0,10,40.17592,-3.71368
2026-01-20,estjv,79,,,2.675027253695681,946.961044750103,0.955366876319886,2.675027253695681,0.0,2026-01-20 17:57:51+00:00,2026-01-21 06:57:51+00:00,4.801409653922756,13.166666666666666,1.0,10,40.17592,-3.71368
2026-01-21,estjv,78,,,3.891668816866019,1040.3272781632384,1.3898817203092924,3.891668816866019,0.0,2026-01-21 17:57:51+00:00,2026-01-22 06:57:51+00:00,3.148227208914856,13.0,0.9873417721518988,10,40.17592,-3.71368
2026-01-22,estjv,79,,,3.473281234125548,1252.895958529321,1.240457583616267,3.473281234125548,0.02890997191652043,2026-01-22 17:57:51+00:00,2026-01-23 06:57:50+00:00,6.939294098054662,13.166666666666666,1.0,10,40.17592,-3.71368
2026-01-23,estjv,79,,,2.460576771633535,1113.8306428825601,0.878777418440548,2.460576771633535,0.0,2026-01-23 17:57:51+00:00,2026-01-24 06:57:51+00:00,5.074553967357016,13.166666666666666,1.0,10,40.17592,-3.71368
2026-01-24,estjv,79,,,1.4304511188706266,1203.7700350140585,0.5108753995966523,1.4304511188706266,0.0,2026-01-24 17:57:51+00:00,2026-01-25 06:57:51+00:00,7.081084015322666,13.166666666666666,1.0,10,40.17592,-3.71368
2026-01-25,estjv,79,,,0.4874342442313327,786.182233834029,0.1740836586540474,0.4874342442313327,0.0,2026-01-25 17:57:51+00:00,2026-01-26 06:57:51+00:00,1.3416770372738025,13.166666666666666,1.0,10,40.17592,-3.71368
2026-01-26,estjv,79,,,5.917245002637936,1079.2527447863195,2.1133017866564057,5.917245002637936,0.0032038444206636185,2026-01-26 17:57:51+00:00,2026-01-27 06:57:51+00:00,1.3813951422854298,13.166666666666666,1.0,10,40.17592,-3.71368
2026-01-27,estjv,79,,,3.468804631052138,1130.688666102966,1.238858796804335,3.468804631052138,0.0,2026-01-27 17:57:51+00:00,2026-01-28 06:57:51+00:00,1.990115375912824,13.166666666666666,1.0,10,40.17592,-3.71368
2026-01-28,estjv,78,,,2.67801431906529,1112.2442671530846,0.9564336853804607,2.67801431906529,0.007717375612151552,2026-01-28 17:57:51+00:00,2026-01-29 06:47:51+00:00,4.011098946161026,13.0,1.0,10,40.17592,-3.71368
2026-01-29,estjv,77,,,1.649044950209655,804.5427020851873,0.5889446250748767,1.649044950209655,0.0,2026-01-29 18:07:51+00:00,2026-01-30 06:47:51+00:00,4.4193750115417725,12.833333333333332,1.0,10,40.17592,-3.71368
2026-01-30,estjv,76,,,1.5967058335479938,1222.1880904478066,0.5702520834099978,1.5967058335479938,0.0,2026-01-30 18:07:50+00:00,2026-01-31 06:47:51+00:00,8.71834492289795,12.666666666666666,0.9869916235579316,10,40.17592,-3.71368
2026-01-31,estjv,77,,,0.26890201197042096,1248.815942991897,0.09603643284657891,0.26890201197042096,0.0,2026-01-31 18:07:51+00:00,2026-02-01 06:47:51+00:00,8.445469154060048,12.833333333333332,1.0,10,40.17592,-3.71368
2026-02-01,estjv,77,,,3.6035263361868917,1218.102660604868,1.2869736914953187,3.6035263361868917,0.0,2026-02-01 18:07:52+00:00,2026-02-02 06:47:51+00:00,1.8015225965057742,12.833333333333332,1.0,10,40.17592,-3.71368
2026-02-02,estjv,77,,,4.81467801998188,1077.7859420507098,1.7195278642792426,4.81467801998188,0.0,2026-02-02 18:07:51+00:00,2026-02-03 06:47:51+00:00,3.464049421087071,12.833333333333332,1.0,10,40.17592,-3.71368
2026-02-03,estjv,77,,,3.5226284760933417,1243.3470429266054,1.2580815986047649,3.5226284760933417,0.0,2026-02-03 18:07:51+00:00,2026-02-04 06:47:51+00:00,1.8918608502918108,12.833333333333332,1.0,10,40.17592,-3.71368
2026-02-10,estjv,46,,,0.9301201312438302,1029.394824903575,0.33218576115851073,0.9301201312438302,0.0,2026-02-10 23:07:51+00:00,2026-02-11 06:37:51+00:00,0.8370451726610698,7.666666666666666,0.9999999999999999,10,40.17592,-3.71368
2026-02-13,estjv,75,,,3.520546682914098,1228.2792158065674,1.2573381010407492,3.520546682914098,0.0,2026-02-13 18:17:51+00:00,2026-02-14 06:37:51+00:00,3.5012544898460978,12.5,1.0,10,40.17592,-3.71368
2026-02-14,estjv,75,,,0.6755999214649201,799.9999989263863,0.24128568623747146,0.6755999214649201,0.0,2026-02-14 18:17:51+00:00,2026-02-15 06:37:51+00:00,10.182833373023753,12.5,1.0,10,40.17592,-3.71368
2026-02-15,estjv,74,,,0.44818507843726396,799.9999984321151,0.16006609944187997,0.44818507843726396,0.0,2026-02-15 18:27:51+00:00,2026-02-16 06:37:51+00:00,9.533684613972081,12.333333333333332,1.0,10,40.17592,-3.71368
2026-02-16,estjv,73,,,0.2648011980399694,792.0807028146074,0.09457185644284619,0.2648011980399694,0.0,2026-02-16 18:27:51+00:00,2026-02-17 06:27:51+00:00,3.289500887382001,12.166666666666666,1.0,10,40.17592,-3.71368
2026-02-17,estjv,73,,,2.5993547769442,807.8114467737327,0.9283409917657857,2.5993547769442,0.0,2026-02-17 18:27:51+00:00,2026-02-18 06:27:51+00:00,3.6994698381887043,12.166666666666666,1.0,10,40.17592,-3.71368
2026-02-18,estjv,73,,,4.588962037840935,931.9620208456614,1.6389150135146195,4.588962037840935,0.0,2026-02-18 18:27:51+00:00,2026-02-19 06:27:51+00:00,11.88604327036562,12.166666666666666,1.0,10,40.17592,-3.71368
2026-02-19,estjv,72,,,0.7256236606174045,799.9999989128127,0.25915130736335873,0.7256236606174045,0.0,2026-02-19 18:27:51+00:00,2026-02-20 06:27:51+00:00,5.1645033496214925,12.0,0.9863013698630138,10,40.17592,-3.71368
2026-02-20,estjv,73,,,2.5381755698217106,911.1404471795722,0.9064912749363252,2.5381755698217106,0.05540153963382667,2026-02-20 18:27:51+00:00,2026-02-21 06:27:51+00:00,3.593581956394071,12.166666666666666,1.0,10,40.17592,-3.71368
2026-02-21,estjv,73,,,8.870914228158455,1082.4109261541728,3.1681836529137337,8.870914228158455,0.14911189725663165,2026-02-21 18:27:51+00:00,2026-02-22 06:27:51+00:00,2.279779280935015,12.166666666666666,1.0,10,40.17592,-3.71368
2026-02-22,estjv,73,,,8.788598804931118,1082.81483757112,3.138785287475399,8.788598804931118,0.19864480936201345,2026-02-22 18:27:51+00:00,2026-02-23 06:27:51+00:00,2.136588102968784,12.166666666666666,1.0,10,40.17592,-3.71368
2026-02-23,estjv,73,,,8.91146248497375,891.5616441546925,3.182665173204911,8.91146248497375,0.35182781212736763,2026-02-23 18:27:51+00:00,2026-02-24 06:27:51+00:00,1.2929270824566303,12.166666666666666,1.0,10,40.17592,-3.71368
2026-02-24,estjv,71,,,6.8248574313983115,1013.6658877133757,2.437449082642254,6.8248574313983115,0.18185326402441027,2026-02-24 18:37:51+00:00,2026-02-25 06:17:51+00:00,2.900867133971854,11.833333333333332,1.0,10,40.17592,-3.71368
2026-02-25,estjv,71,,,1.2944487758925263,828.6972426697496,0.4623031342473309,1.2944487758925263,0.2600777676195849,2026-02-25 18:37:51+00:00,2026-02-26 06:17:51+00:00,1.418586494991912,11.833333333333332,1.0,10,40.17592,-3.71368
2026-02-26,estjv,71,,,1.8976145939088205,838.9584247622232,0.6777194978245786,1.8976145939088205,0.14391537572042637,2026-02-26 18:37:51+00:00,2026-02-27 06:17:51+00:00,1.5897417898328194,11.833333333333332,1.0,10,40.17592,-3.71368
2026-02-27,estjv,71,,,0.8392747835793966,772.9608549722602,0.29974099413549876,0.8392747835793966,0.1091477560810113,2026-02-27 18:37:51+00:00,2026-02-28 06:17:51+00:00,1.5402455632175718,11.833333333333332,1.0,10,40.17592,-3.71368
2026-02-28,estjv,71,,,1.396312309318865,904.716368677661,0.4986829676138803,1.396312309318865,0.42404583306670435,2026-02-28 18:37:51+00:00,2026-03-01 06:17:51+00:00,2.2651479806777184,11.833333333333332,1.0,10,40.17592,-3.71368
2026-03-01,estjv,71,,,1.5565965403133717,780.4028898038138,0.5559273358262041,1.5565965403133717,0.0,2026-03-01 18:37:51+00:00,2026-03-02 06:17:51+00:00,6.652060045849802,11.833333333333332,1.0,10,40.17592,-3.71368
2026-03-02,estjv,71,,,7.554746747016907,1090.9114429523472,2.6981238382203236,7.554746747016907,0.06194468909980907,2026-03-02 18:37:51+00:00,2026-03-03 06:17:51+00:00,6.579840469416187,11.833333333333332,1.0,10,40.17592,-3.71368
2026-03-03,estjv,70,,,0.9993487642492568,881.5167960404607,0.35691027294616307,0.9993487642492568,0.08197988863537084,2026-03-03 18:37:51+00:00,2026-03-04 06:07:51+00:00,5.324873953220157,11.666666666666666,1.0,10,40.17592,-3.71368
2026-03-04,estjv,69,,,4.813845971874569,1153.580812474685,1.7192307042409174,4.813845971874569,0.030754329847167583,2026-03-04 18:37:51+00:00,2026-03-05 06:07:51+00:00,3.911064765352834,11.5,0.9857142857142858,10,40.17592,-3.71368
2026-03-05,estjv,69,,,0.6400990679644156,1250.167078897088,0.22860680998729127,0.6400990679644156,0.0,2026-03-05 18:47:51+00:00,2026-03-06 06:07:51+00:00,2.735921853698344,11.5,1.0,10,40.17592,-3.71368
2026-03-06,estjv,69,,,2.8226063517556677,1082.0613644305854,1.0080736970555955,2.8226063517556677,0.0,2026-03-06 18:47:51+00:00,2026-03-07 06:07:51+00:00,0.3198197679036224,11.5,1.0,10,40.17592,-3.71368
2026-03-07,estjv,69,,,6.218663073622662,1086.5255663062526,2.2209510977223794,6.218663073622662,0.0792993740887702,2026-03-07 18:47:51+00:00,2026-03-08 06:07:51+00:00,5.8629702683967375,11.5,1.0,10,40.17592,-3.71368
2026-03-08,estjv,69,4500.108880781116,1182.5860748955092,15.047880292284317,1042.1185832238111,5.374242961530113,15.047880292284317,0.6358115367379971,2026-03-08 18:47:51+00:00,2026-03-09 06:07:51+00:00,10.419289033834627,11.5,1.0,10,40.17592,-3.71368
2026-03-09,estjv,68,,,2.787483095772126,1258.1177605249302,0.9955296770614737,2.787483095772126,0.0,2026-03-09 18:47:51+00:00,2026-03-10 05:57:51+00:00,7.152429500303301,11.333333333333332,1.0,10,40.17592,-3.71368
2026-03-10,estjv,68,,,5.817696118705413,1044.4740514073485,2.0777486138233616,5.817696118705413,0.0,2026-03-10 18:47:50+00:00,2026-03-11 05:57:51+00:00,8.50863616104299,11.333333333333332,0.9999754907967942,10,40.17592,-3.71368
2026-03-11,estjv,68,2325.9327098041344,622.0820052753722,8.715912718632643,903.630704550515,3.112825970940229,8.715912718632643,0.714830042227648,2026-03-11 18:47:51+00:00,2026-03-12 05:57:51+00:00,4.3414752294442485,11.333333333333332,1.0,10,40.17592,-3.71368
2026-03-12,estjv,68,3144.127746990217,964.2481578730494,9.580537416654476,829.6419425797748,3.4216205059480265,9.580537416654476,0.6799319532364801,2026-03-12 18:47:51+00:00,2026-03-13 05:57:51+00:00,3.767741248277681,11.333333333333332,1.0,10,40.17592,-3.71368
2026-03-13,estjv,68,6037.37413103167,1579.5016145931943,16.26623833810582,1020.7934886551105,5.809370835037792,16.26623833810582,0.6567432099613735,2026-03-13 18:47:51+00:00,2026-03-14 05:57:51+00:00,0.9339025004633835,11.333333333333332,1.0,10,40.17592,-3.71368
2026-03-14,estjv,32,,,7.918150932341814,1059.8709665950375,2.8279110472649336,7.918150932341814,0.06608444433531502,2026-03-14 18:47:51+00:00,2026-03-14 23:57:51+00:00,2.924402896346164,5.333333333333333,0.9999999999999999,10,40.17592,-3.71368
2026-03-15,estjv,1,,,2.5822482109069824,723.2696805221142,0.9222315038953509,2.5822482109069824,0.0,2026-03-16 00:07:52+00:00,2026-03-16 00:07:52+00:00,5.152786833125275,0.16666666666666666,1.0,10,40.17592,-3.71368
2026-03-16,estjv,66,,,7.788679054289153,1034.9360522534364,2.7816710908175546,7.788679054289153,0.33299966284376115,2026-03-16 18:57:51+00:00,2026-03-17 05:47:51+00:00,1.7633237522095442,11.0,1.0,10,40.17592,-3.71368
2026-03-17,estjv,66,,,8.76075776201306,1094.8629487925016,3.128842057861807,8.76075776201306,0.4754568610015531,2026-03-17 18:57:51+00:00,2026-03-18 05:47:51+00:00,1.5899603772949384,11.0,1.0,10,40.17592,-3.71368
2026-03-18,estjv,66,,,5.619137014945348,1116.668050635793,2.006834648194767,5.619137014945348,0.17977092509034784,2026-03-18 18:57:51+00:00,2026-03-19 05:47:51+00:00,1.4993210339442993,11.0,1.0,10,40.17592,-3.71368
2026-03-19,estjv,66,,,8.669134650808392,1162.32308201043,3.0961195181458545,8.669134650808392,0.2802186589631159,2026-03-19 18:57:51+00:00,2026-03-20 05:47:51+00:00,4.25763617004409,11.0,1.0,10,40.17592,-3.71368
2026-03-20,estjv,66,,,2.151028657140154,1159.9778222895463,0.7682245204071978,2.151028657140154,0.0,2026-03-20 18:57:51+00:00,2026-03-21 05:47:51+00:00,4.80329466369245,11.0,1.0,10,40.17592,-3.71368
2026-03-21,estjv,66,,,3.9530543677734604,983.5869154160358,1.4118051313476645,3.9530543677734604,0.3627294976544304,2026-03-21 18:57:51+00:00,2026-03-22 05:47:51+00:00,8.202656655858606,11.0,1.0,10,40.17592,-3.71368
2026-03-22,estjv,65,3912.6951108009057,1059.968830281902,16.22578055014977,883.7245806035762,5.79492162505349,16.22578055014977,0.7018529637290726,2026-03-22 18:57:51+00:00,2026-03-23 05:37:51+00:00,3.2937366980494875,10.833333333333332,1.0,10,40.17592,-3.71368
2026-03-23,estjv,65,3796.631386486659,731.9300742046312,11.190504573308505,976.4035663423487,3.9966087761816085,11.190504573308505,0.6431943452897756,2026-03-23 18:57:51+00:00,2026-03-24 05:37:51+00:00,1.6529398188153817,10.833333333333332,1.0,10,40.17592,-3.71368
2026-03-24,estjv,64,2504.757334209876,972.0716369025124,7.6103029388934385,814.2261584387797,2.717965335319085,7.6103029388934385,0.7007228748129243,2026-03-24 19:07:51+00:00,2026-03-25 05:37:51+00:00,2.668412383763034,10.666666666666666,1.0,10,40.17592,-3.71368
2026-03-25,estjv,64,,,12.656611474603416,1017.0053426373153,4.520218383786934,12.656611474603416,0.3487607606318222,2026-03-25 19:07:51+00:00,2026-03-26 05:37:51+00:00,2.511335726775881,10.666666666666666,1.0,10,40.17592,-3.71368
2026-03-26,estjv,64,,,9.391707701981069,975.8028249578657,3.3541813221360957,9.391707701981069,0.23304176653805403,2026-03-26 19:07:51+00:00,2026-03-27 05:37:51+00:00,3.1969030176922355,10.666666666666666,1.0,10,40.17592,-3.71368
2026-03-27,estjv,64,,,5.9050653561949735,936.516221637989,2.108951912926776,5.9050653561949735,0.07078036364993388,2026-03-27 19:07:51+00:00,2026-03-28 05:37:51+00:00,3.323000763519471,10.666666666666666,1.0,10,40.17592,-3.71368
2026-03-28,estjv,63,,,6.332742744021946,872.1562522678691,2.2616938371506947,6.332742744021946,0.03453725741608805,2026-03-28 19:07:51+00:00,2026-03-29 05:27:51+00:00,3.726677394464236,10.5,1.0,10,40.17592,-3.71368
2026-03-29,estjv,63,,,0.2817651211269318,819.5541756496359,0.10063040040247564,0.2817651211269318,0.0,2026-03-29 19:07:51+00:00,2026-03-30 05:27:51+00:00,8.897555229786251,10.5,1.0,10,40.17592,-3.71368
2026-03-30,estjv,63,,,9.150628356706529,857.3521093209865,3.2680815559666176,9.150628356706529,0.1385669798657083,2026-03-30 19:07:51+00:00,2026-03-31 05:27:51+00:00,3.591197404900009,10.5,1.0,10,40.17592,-3.71368
2026-03-31,estjv,63,,,7.300610957826888,824.3304934410833,2.6073610563667455,7.300610957826888,0.1699192618758961,2026-03-31 19:07:51+00:00,2026-04-01 05:27:51+00:00,3.9825914383675,10.5,1.0,10,40.17592,-3.71368
2026-04-01,estjv,63,,,17.734626472942413,1001.3289311563335,6.333795168908004,17.734626472942413,0.4753188650723982,2026-04-01 19:07:51+00:00,2026-04-02 05:27:51+00:00,3.2520413994789124,10.5,1.0,10,40.17592,-3.71368
2026-04-02,estjv,63,,,14.039414746799167,1007.2130996446881,5.014076695285417,14.039414746799167,0.47504199354096854,2026-04-02 19:07:51+00:00,2026-04-03 05:27:51+00:00,4.055917787255708,10.5,1.0,10,40.17592,-3.71368
2026-04-03,estjv,61,,,11.137580965386062,990.4954032112622,3.9777074876378795,11.137580965386062,0.4950196135959064,2026-04-03 19:17:51+00:00,2026-04-04 05:17:51+00:00,1.565612983012545,10.166666666666666,1.0,10,40.17592,-3.71368
2026-04-04,estjv,61,2209.2598983289417,705.3836958650616,8.932957133308786,841.1380769559327,3.1903418333245663,8.932957133308786,0.7014612089587667,2026-04-04 19:17:51+00:00,2026-04-05 05:17:51+00:00,0.6210983846004953,10.166666666666666,1.0,10,40.17592,-3.71368
2026-04-05,estjv,61,4388.766157195579,794.2393282135178,12.937099724519449,1149.4723651060108,4.620392758756946,12.937099724519449,0.6944249981904679,2026-04-05 19:17:51+00:00,2026-04-06 05:17:51+00:00,1.3136722593891377,10.166666666666666,1.0,10,40.17592,-3.71368
2026-04-06,estjv,61,2864.46845988727,1030.1732268958297,11.811819922337767,1153.5280232950731,4.218507115120631,11.811819922337767,0.6849333279219046,2026-04-06 19:17:51+00:00,2026-04-07 05:17:51+00:00,3.6942960366876547,10.166666666666666,1.0,10,40.17592,-3.71368
2026-04-07,estjv,61,,,4.8013628959655765,1113.1137624271262,1.7147724628448486,4.8013628959655765,0.26592708244066915,2026-04-07 19:17:50+00:00,2026-04-08 05:17:51+00:00,3.635089466269587,10.166666666666666,0.9999726783421219,10,40.17592,-3.71368
2026-04-08,estjv,61,,,2.095547775362359,870.699679991099,0.748409919772271,2.095547775362359,0.20477537823714212,2026-04-08 19:17:51+00:00,2026-04-09 05:17:51+00:00,5.649671044268119,10.166666666666666,1.0,10,40.17592,-3.71368
2026-04-09,estjv,60,2544.3265278132403,464.3189460840947,11.15917967716853,1202.1491897991366,3.985421313274474,11.15917967716853,0.6534023898916476,2026-04-09 19:17:51+00:00,2026-04-10 05:07:51+00:00,1.7242230063592885,10.0,1.0,10,40.17592,-3.71368
2026-04-10,estjv,60,3257.6418351459424,862.073912440673,10.161972643534343,1147.4395892210134,3.629275944119408,10.161972643534343,0.7448086259719225,2026-04-10 19:17:51+00:00,2026-04-11 05:07:51+00:00,1.5194076830352576,10.0,1.0,10,40.17592,-3.71368
2026-04-11,estjv,60,,,4.968210446834564,1076.236478026005,1.7743608738694872,4.968210446834564,0.0970102897536673,2026-04-11 19:17:51+00:00,2026-04-12 05:07:51+00:00,2.730349715858225,10.0,1.0,10,40.17592,-3.71368
2026-04-12,estjv,59,,,3.86225003630428,876.5196872977681,1.3793750129658142,3.86225003630428,0.1517392406074467,2026-04-12 19:27:50+00:00,2026-04-13 05:07:51+00:00,5.724323578463713,9.833333333333332,0.9999717522103895,10,40.17592,-3.71368
2026-04-13,estjv,59,,,4.547108743150355,835.3501415380589,1.623967408267984,4.547108743150355,0.34541691996129115,2026-04-13 19:27:51+00:00,2026-04-14 05:07:51+00:00,5.289907489977185,9.833333333333332,1.0,10,40.17592,-3.71368
2026-04-14,estjv,59,1058.620678465304,348.96884943152816,12.420347642090361,1012.5279696080303,4.4358384436037,12.420347642090361,0.6375367841531673,2026-04-14 19:27:51+00:00,2026-04-15 05:07:51+00:00,1.4514007469635326,9.833333333333332,1.0,10,40.17592,-3.71368
2026-04-15,estjv,58,1549.893317305649,542.968943579104,12.369185005385301,1168.5390864071692,4.417566073351893,12.369185005385301,0.5558705208272967,2026-04-15 19:27:51+00:00,2026-04-16 04:57:51+00:00,0.8962134293147496,9.666666666666666,1.0,10,40.17592,-3.71368
2026-04-16,estjv,58,1397.868904376648,614.346696754352,7.857820749282837,1118.3592041373686,2.806364553315299,7.857820749282837,0.6596496494232665,2026-04-16 19:27:51+00:00,2026-04-17 04:57:51+00:00,0.851839566417403,9.666666666666666,1.0,10,40.17592,-3.71368
2026-04-17,estjv,58,,,5.652893216034462,1164.9795266307506,2.018890434298022,5.652893216034462,0.40300166789686725,2026-04-17 19:27:50+00:00,2026-04-18 04:57:51+00:00,0.3270439187141314,9.666666666666666,0.999971265193529,10,40.17592,-3.71368
2026-04-18,estjv,58,1417.3827786951001,363.7692781292057,10.44963371342626,1116.4600066977846,3.732012040509379,10.44963371342626,0.7164479683826811,2026-04-18 19:27:51+00:00,2026-04-19 04:57:51+00:00,0.25501441570092354,9.666666666666666,1.0,10,40.17592,-3.71368
2026-04-19,estjv,58,560.9041944758483,175.3515218711729,5.394028990844201,1080.3979840435054,1.9264389253015,5.394028990844201,0.5574885325255947,2026-04-19 19:27:51+00:00,2026-04-20 04:57:51+00:00,0.6315254753160661,9.666666666666666,1.0,10,40.17592,-3.71368
2026-04-20,estjv,58,,,2.520676415542076,1285.1628694615422,0.900241576979313,2.520676415542076,0.26735617110015514,2026-04-20 19:27:51+00:00,2026-04-21 04:57:51+00:00,0.8734922522973829,9.666666666666666,1.0,10,40.17592,-3.71368
2026-04-21,estjv,57,1940.7626553717869,580.1518447341841,6.299657734653406,971.7546483205879,2.2498777623762165,6.299657734653406,0.7426736878028218,2026-04-21 19:37:51+00:00,2026-04-22 04:57:51+00:00,3.4903418294620705,9.5,1.0,10,40.17592,-3.71368
2026-04-22,estjv,56,348.5791469523413,304.12530033252375,2.76460143498012,954.6473100292371,0.9873576553500428,2.76460143498012,0.7512836061359703,2026-04-22 19:37:50+00:00,2026-04-23 04:47:51+00:00,2.1119835132238816,9.333333333333332,0.9999702389809826,10,40.17592,-3.71368
2026-04-23,estjv,56,,,10.048672306537629,1090.116173097903,3.588811538049153,10.048672306537629,0.23167271380451526,2026-04-23 19:37:51+00:00,2026-04-24 04:47:51+00:00,6.071693669645023,9.333333333333332,1.0,10,40.17592,-3.71368
2026-04-24,estjv,55,,,2.508986572785811,943.1431585548589,0.8960666331377897,2.508986572785811,0.10099765615923662,2026-04-24 19:37:51+00:00,2026-04-25 04:47:51+00:00,3.9716444403278324,9.166666666666666,0.9821428571428572,10,40.17592,-3.71368
2026-04-25,estjv,56,,,8.615645914418357,984.7953449492898,3.077016398006556,8.615645914418357,0.4643196895249648,2026-04-25 19:37:51+00:00,2026-04-26 04:47:51+00:00,2.421224552231866,9.333333333333332,1.0,10,40.17592,-3.71368
2026-04-26,estjv,56,,,17.19297127383096,1018.2614360687485,6.140346883511056,17.19297127383096,0.36017798749195074,2026-04-26 19:37:51+00:00,2026-04-27 04:47:51+00:00,1.7781420771219554,9.333333333333332,1.0,10,40.17592,-3.71368
2026-04-27,estjv,56,,,15.16821311712265,1144.0571231992965,5.417218970400946,15.16821311712265,0.4260772492778275,2026-04-27 19:37:51+00:00,2026-04-28 04:47:51+00:00,3.922272581074919,9.333333333333332,1.0,10,40.17592,-3.71368
2026-04-28,estjv,56,,,7.162281792504447,1091.5113717227973,2.5579577830373026,7.162281792504447,0.3681640086575803,2026-04-28 19:37:51+00:00,2026-04-29 04:47:50+00:00,4.382378000738029,9.333333333333332,1.0,10,40.17592,-3.71368
2026-04-29,estjv,55,513.5982080757674,317.54050424087404,3.160175576643511,1060.5733651530236,1.1286341345155393,3.160175576643511,0.6340456890094242,2026-04-29 19:37:51+00:00,2026-04-30 04:37:50+00:00,4.786557645501947,9.166666666666666,1.0,10,40.17592,-3.71368
2026-04-30,estjv,54,143.429567151289,57.3574912334969,4.241496972684508,1164.8054528199755,1.5148203473873239,4.241496972684508,0.58481989485056,2026-04-30 19:47:51+00:00,2026-05-01 04:37:51+00:00,2.484854701318239,9.0,1.0,10,40.17592,-3.71368
2026-05-01,estjv,54,,,9.470229872950801,1028.5052673768107,3.3822249546252863,9.470229872950801,0.1700674585038591,2026-05-01 19:47:51+00:00,2026-05-02 04:37:51+00:00,1.5624895878279992,9.0,1.0,10,40.17592,-3.71368
2026-05-02,estjv,54,20.60941579552309,70.40869623785693,0.13944449601350006,1127.0382956897345,0.04980160571910717,0.13944449601350006,0.6563703438618295,2026-05-02 19:47:51+00:00,2026-05-03 04:37:51+00:00,4.753622520238833,9.0,1.0,10,40.17592,-3.71368
2026-05-03,estjv,54,,,1.7476506796148088,1197.53780830191,0.6241609570052888,1.7476506796148088,0.47771789602831255,2026-05-03 19:47:51+00:00,2026-05-04 04:37:51+00:00,4.424648416669745,9.0,1.0,10,40.17592,-3.71368
2026-05-04,estjv,54,862.1834155077972,247.54416271975617,8.680578870243497,1103.4095211240926,3.1002067393726773,8.680578870243497,0.5380991490278593,2026-05-04 19:47:51+00:00,2026-05-05 04:37:51+00:00,4.721857013861633,9.0,1.0,10,40.17592,-3.71368
2026-05-05,estjv,52,,,8.415023352549627,1158.5230421554347,3.005365483053438,8.415023352549627,0.460029459195021,2026-05-05 19:47:51+00:00,2026-05-06 04:37:51+00:00,5.415106625636566,8.666666666666666,0.9629629629629629,10,40.17592,-3.71368
2026-05-06,estjv,53,775.7379319959973,282.56573864370785,5.69576856145319,1009.0163872629496,2.0342030576618533,5.69576856145319,0.5054646857188705,2026-05-06 19:47:50+00:00,2026-05-07 04:27:51+00:00,8.287001511161534,8.833333333333332,0.9999685544479733,10,40.17592,-3.71368
2026-05-07,estjv,53,895.0909804189134,314.6301296858505,6.884258808279938,952.6725233364743,2.458663860099978,6.884258808279938,0.5177113578083464,2026-05-07 19:47:51+00:00,2026-05-08 04:27:51+00:00,5.685775682442171,8.833333333333332,1.0,10,40.17592,-3.71368
2026-05-08,estjv,53,,,9.775134261149281,946.6617734276568,3.491119378981886,9.775134261149281,0.385683547636029,2026-05-08 19:47:51+00:00,2026-05-09 04:27:51+00:00,8.012638261139175,8.833333333333332,1.0,10,40.17592,-3.71368
2026-05-09,estjv,52,,,9.794364503713755,961.3593332378533,3.4979873227549123,9.794364503713755,0.3760760072573188,2026-05-09 19:57:50+00:00,2026-05-10 04:27:51+00:00,5.135549624760945,8.666666666666666,0.9999679497452005,10,40.17592,-3.71368
2026-05-10,estjv,52,,,4.177563900672473,1113.9552425429517,1.491987107383026,4.177563900672473,0.40732157845501854,2026-05-10 19:57:51+00:00,2026-05-11 04:27:51+00:00,7.705557018027201,8.666666666666666,1.0,10,40.17592,-3.71368
2026-05-11,estjv,52,,,3.770108932715196,873.3005922798053,1.3464674759697128,3.770108932715196,0.24480217866209292,2026-05-11 19:57:51+00:00,2026-05-12 04:27:50+00:00,7.381535800972155,8.666666666666666,1.0,10,40.17592,-3.71368
2026-05-12,estjv,52,2855.1465469060154,690.517293450235,14.859651601314546,1048.1238940041037,5.307018429040909,14.859651601314546,0.6647328807370543,2026-05-12 19:57:51+00:00,2026-05-13 04:27:51+00:00,11.859068849529976,8.666666666666666,1.0,10,40.17592,-3.71368
2026-05-13,estjv,52,,,11.058447514130519,1004.6777534078459,3.9494455407609,11.058447514130519,0.4648540624194108,2026-05-13 19:57:51+00:00,2026-05-14 04:27:51+00:00,3.1244189621328,8.666666666666666,1.0,10,40.17592,-3.71368
2026-05-14,estjv,52,2617.9530476334608,807.1587675207098,19.327922844886782,1045.116385158842,6.902829587459564,19.327922844886782,0.523312254114787,2026-05-14 19:57:51+00:00,2026-05-15 04:27:51+00:00,10.912871710546723,8.666666666666666,1.0,10,40.17592,-3.71368
2026-05-15,estjv,51,,,8.484998005511715,1077.5803379876188,3.030356430539898,8.484998005511715,0.27744261937876497,2026-05-15 19:57:50+00:00,2026-05-16 04:17:51+00:00,8.290798638197872,8.5,0.9999673213293684,10,40.17592,-3.71368
2026-05-16,estjv,51,,,6.568777263865752,923.2251751802987,2.345991879952054,6.568777263865752,0.045674338480903874,2026-05-16 19:57:51+00:00,2026-05-17 04:17:51+00:00,3.4621524621090876,8.5,1.0,10,40.17592,-3.71368
2026-05-17,estjv,51,,,2.452706512750364,1003.717174614942,0.8759666116965585,2.452706512750364,0.09595512033209257,2026-05-17 19:57:50+00:00,2026-05-18 04:17:51+00:00,3.008165519233207,8.5,0.9999673213293684,10,40.17592,-3.71368
2026-05-18,estjv,51,,,6.732849831674614,1269.1933804719242,2.4045892255980763,6.732849831674614,0.06613803171015664,2026-05-18 19:57:51+00:00,2026-05-19 04:17:51+00:00,0.8161790523994681,8.5,1.0,10,40.17592,-3.71368
2026-05-19,estjv,50,,,0.4558673133850098,1110.0368311610887,0.1628097547803606,0.4558673133850098,0.10949405457014967,2026-05-19 20:07:51+00:00,2026-05-20 04:17:50+00:00,0.6518858095620899,8.333333333333332,1.0,10,40.17592,-3.71368
2026-05-20,estjv,50,,,3.8247950973510747,1084.5270070397464,1.365998249053955,3.8247950973510747,0.17455631043053854,2026-05-20 20:07:51+00:00,2026-05-21 04:17:51+00:00,0.06364119126930001,8.333333333333332,1.0,10,40.17592,-3.71368
2026-05-21,estjv,50,,,4.762974035263062,1052.2867539281274,1.7010621554510934,4.762974035263062,0.15628756091584223,2026-05-21 20:07:51+00:00,2026-05-22 04:17:51+00:00,0.2884465416627271,8.333333333333332,1.0,10,40.17592,-3.71368
2026-05-22,estjv,50,,,5.574107629776002,1016.1248641298084,1.9907527249200003,5.574107629776002,0.3347325813926608,2026-05-22 20:07:51+00:00,2026-05-23 04:17:51+00:00,0.981167808920145,8.333333333333332,1.0,10,40.17592,-3.71368
2026-05-23,estjv,50,,,5.294169267654419,958.3365542754713,1.8907747384480067,5.294169267654419,0.46162765748913387,2026-05-23 20:07:51+00:00,2026-05-24 04:17:51+00:00,0.3599908488137381,8.333333333333332,1.0,10,40.17592,-3.71368
2026-05-24,estjv,50,694.0280638263713,189.99339279295532,3.9784584217071535,914.8891436805716,1.420878007752555,3.9784584217071535,0.6310934005474332,2026-05-24 20:07:51+00:00,2026-05-25 04:17:51+00:00,0.8429929426738194,8.333333333333332,1.0,10,40.17592,-3.71368
2026-05-25,estjv,50,650.6372626712456,155.29262454592492,4.467524757385254,972.6188526127995,1.5955445562090194,4.467524757385254,0.5209410661358661,2026-05-25 20:07:51+00:00,2026-05-26 04:17:51+00:00,0.760633875642504,8.333333333333332,1.0,10,40.17592,-3.71368
2026-05-26,estjv,50,,,2.899357795715332,1080.5734960225077,1.0354849270411899,2.899357795715332,0.12815477283632282,2026-05-26 20:07:50+00:00,2026-05-27 04:17:51+00:00,0.48924279904791285,8.333333333333332,0.9999666677777407,10,40.17592,-3.71368
2026-05-27,estjv,49,,,2.1325062343052457,1252.9300884804568,0.7616093693947306,2.1325062343052457,0.21183561187651614,2026-05-27 20:07:51+00:00,2026-05-28 04:07:51+00:00,1.6896655497806414,8.166666666666666,1.0,10,40.17592,-3.71368
2026-05-28,estjv,49,,,3.562140157271405,927.1371585116913,1.272192913311216,3.562140157271405,0.1082435555449869,2026-05-28 20:07:51+00:00,2026-05-29 04:07:51+00:00,1.6585508229477064,8.166666666666666,1.0,10,40.17592,-3.71368
2026-05-29,estjv,48,,,8.668646732966105,1183.1066005686196,3.095945261773609,8.668646732966105,0.2823273481238064,2026-05-29 20:17:51+00:00,2026-05-30 04:07:51+00:00,0.6289882740804128,8.0,1.0,10,40.17592,-3.71368
2026-05-30,estjv,48,,,7.593905818462372,1184.6568961696357,2.712109220879418,7.593905818462372,0.34031999010539543,2026-05-30 20:17:51+00:00,2026-05-31 04:07:51+00:00,0.5460051110812596,8.0,1.0,10,40.17592,-3.71368
2026-05-31,estjv,48,,,8.092907492319744,1253.1619139864513,2.8903241043999084,8.092907492319744,0.3386750648307746,2026-05-31 20:17:50+00:00,2026-06-01 04:07:51+00:00,1.3303820115548592,8.0,0.9999652789833687,10,40.17592,-3.71368
2026-06-01,estjv,48,1115.2821103628403,349.8693427960889,7.525796391566595,1124.833136573046,2.687784425559498,7.525796391566595,0.7867520702099128,2026-06-01 20:17:51+00:00,2026-06-02 04:07:50+00:00,1.4621319400101174,8.0,1.0,10,40.17592,-3.71368
2026-06-02,estjv,48,1370.6127775691943,432.59066008369473,11.714210738738378,1252.4993755681699,4.183646692406564,11.714210738738378,0.5753996247811574,2026-06-02 20:17:51+00:00,2026-06-03 04:07:50+00:00,4.41258291656132,8.0,1.0,10,40.17592,-3.71368
2026-06-03,estjv,48,,,14.45837793548902,1231.083835737627,5.1637064055317925,14.45837793548902,0.3945965460039174,2026-06-03 20:17:51+00:00,2026-06-04 04:07:51+00:00,2.510845248292132,8.0,1.0,10,40.17592,-3.71368
2026-06-04,estjv,48,,,11.913215524951617,1238.8366196282532,4.254719830339863,11.913215524951617,0.41859551798255695,2026-06-04 20:17:51+00:00,2026-06-05 04:07:51+00:00,8.972897672071689,8.0,1.0,10,40.17592,-3.71368
2026-06-05,estjv,48,,,14.172838970025381,1143.2365719988513,5.0617282035804925,14.172838970025381,0.2112781717605805,2026-06-05 20:17:51+00:00,2026-06-06 04:07:51+00:00,3.602834235915739,8.0,1.0,10,40.17592,-3.71368
2026-06-06,estjv,48,,,3.8736997961997983,1252.3508976754354,1.3834642129284995,3.8736997961997983,0.02597374843099034,2026-06-06 20:17:51+00:00,2026-06-07 04:07:51+00:00,1.0517962959169926,8.0,1.0,10,40.17592,-3.71368
2026-06-07,estjv,48,,,7.654319560527802,1199.3882347167735,2.7336855573313574,7.654319560527802,0.09076536622476146,2026-06-07 20:17:51+00:00,2026-06-08 04:07:50+00:00,0.7953694984057224,8.0,1.0,10,40.17592,-3.71368
2026-06-08,estjv,48,,,11.513003079096476,1269.970285996333,4.111786813963027,11.513003079096476,0.02926415221644958,2026-06-08 20:17:51+00:00,2026-06-09 04:07:51+00:00,1.862043871766045,8.0,1.0,10,40.17592,-3.71368
2026-06-10,estjv,48,,,7.0122213105360665,1132.8892871514288,2.504364753762881,7.0122213105360665,0.43408049025907186,2026-06-10 20:17:50+00:00,2026-06-11 04:07:49+00:00,3.36510358974727,8.0,1.0,10,40.17592,-3.71368
2026-06-11,estjv,48,,,5.014953930179279,1042.231670159369,1.7910549750640279,5.014953930179279,0.24407347320337222,2026-06-11 20:17:50+00:00,2026-06-12 04:07:50+00:00,1.9912818748413064,8.0,1.0,10,40.17592,-3.71368
2026-06-12,estjv,34,,,6.758951582628138,1226.81649947475,2.4139112795100495,6.758951582628138,0.43196741797701627,2026-06-12 20:17:50+00:00,2026-06-13 01:47:50+00:00,2.508394510657699,5.666666666666666,0.9999999999999999,10,40.17592,-3.71368
2026-06-13,estjv,47,950.6891979511402,289.63725865600316,6.412975409690371,1190.2850234639845,2.2903483606037036,6.412975409690371,0.5885176313966565,2026-06-13 20:27:50+00:00,2026-06-14 04:07:51+00:00,1.839371767167638,7.833333333333333,0.9999645402645295,10,40.17592,-3.71368
2026-06-14,estjv,47,,,8.713969797276436,1172.5178826019012,3.11213207045587,8.713969797276436,0.4437998525438266,2026-06-14 20:27:50+00:00,2026-06-15 04:07:50+00:00,2.419053485312009,7.833333333333333,0.9999999999999999,10,40.17592,-3.71368
2026-06-15,estjv,47,1098.214091049976,299.2125592707573,9.267045274693915,1128.7911810826904,3.3096590266763983,9.267045274693915,0.631898176721298,2026-06-15 20:27:50+00:00,2026-06-16 04:07:50+00:00,2.640212143742145,7.833333333333333,0.9999999999999999,10,40.17592,-3.71368
2026-06-16,estjv,47,1128.2577664624844,389.89121421788724,9.405244595446486,1188.903892115754,3.359015926945173,9.405244595446486,0.52608490541144,2026-06-16 20:27:49+00:00,2026-06-17 04:07:50+00:00,1.9091844525076513,7.833333333333333,0.9999645402645295,10,40.17592,-3.71368
2026-06-17,estjv,47,1174.117437783176,430.4847713327821,5.7337194386948935,1130.9421376928678,2.0477569423910333,5.7337194386948935,0.6170683428019793,2026-06-17 20:27:50+00:00,2026-06-18 04:07:49+00:00,1.3168321252907609,7.833333333333333,1.0,10,40.17592,-3.71368
2026-06-18,estjv,47,1514.3071913863453,389.7106352075733,8.404948777848102,1191.3657305206705,3.0017674206600367,8.404948777848102,0.7554110433895425,2026-06-18 20:27:50+00:00,2026-06-19 04:07:50+00:00,1.5918027841671,7.833333333333333,0.9999999999999999,10,40.17592,-3.71368
2026-06-19,estjv,47,1832.5235980872342,546.6862487395888,6.267663070496092,1123.8066388752843,2.2384510966057474,6.267663070496092,0.7991797469858423,2026-06-19 20:27:49+00:00,2026-06-20 04:07:50+00:00,1.67254980848226,7.833333333333333,0.9999645402645295,10,40.17592,-3.71368
2026-06-20,estjv,47,1689.7860969754324,497.09102197795755,6.548251202005022,1159.9571500431339,2.338661143573222,6.548251202005022,0.6777827200291199,2026-06-20 20:27:50+00:00,2026-06-21 04:07:49+00:00,2.544222469010004,7.833333333333333,1.0,10,40.17592,-3.71368
2026-06-21,estjv,47,1915.8001593412373,456.1279813748711,6.471421327489488,1114.2183860383964,2.311221902674817,6.471421327489488,0.835074610862325,2026-06-21 20:27:50+00:00,2026-06-22 04:07:51+00:00,3.7780749687749746,7.833333333333333,0.9999645402645295,10,40.17592,-3.71368
2026-06-22,estjv,47,922.4447400172992,218.3301029509901,4.231694309508547,1154.420461320127,1.5113193962530524,4.231694309508547,0.5396251262503022,2026-06-22 20:27:50+00:00,2026-06-23 04:07:50+00:00,2.11568439201507,7.833333333333333,0.9999999999999999,10,40.17592,-3.71368
2026-06-23,estjv,47,1375.0328595520007,378.88726080900017,7.482652025019869,1249.2646387407567,2.6723757232213816,7.482652025019869,0.6561975616465221,2026-06-23 20:27:50+00:00,2026-06-24 04:07:50+00:00,2.014325352703653,7.833333333333333,0.9999999999999999,10,40.17592,-3.71368
2026-06-24,estjv,47,1723.3275438852172,454.9255873615783,8.851936570126961,1166.4594265857002,3.161405917902486,8.851936570126961,0.7009576711010338,2026-06-24 20:27:50+00:00,2026-06-25 04:07:50+00:00,4.907936733436709,7.833333333333333,0.9999999999999999,10,40.17592,-3.71368
2026-06-25,estjv,47,567.1392782340445,196.3050267838053,9.133283657976921,1151.8980890805003,3.2618870207060433,9.133283657976921,0.6382363228631966,2026-06-25 20:27:49+00:00,2026-06-26 04:07:50+00:00,4.967936317546448,7.833333333333333,0.9999645402645295,10,40.17592,-3.71368
2026-06-26,estjv,47,362.254262651024,113.97716056614576,9.584844907040292,1299.2710108289132,3.4231588953715324,9.584844907040292,0.5573631263703178,2026-06-26 20:27:50+00:00,2026-06-27 04:07:49+00:00,2.3369654613223445,7.833333333333333,1.0,10,40.17592,-3.71368
2026-06-27,estjv,47,,,9.32047004940662,1272.7531629194668,3.328739303359507,9.32047004940662,0.49303009573913886,2026-06-27 20:27:50+00:00,2026-06-28 04:07:50+00:00,2.8586514053153405,7.833333333333333,0.9999999999999999,10,40.17592,-3.71368
2026-06-28,estjv,47,721.3871262957643,210.91859591042763,7.3125453437262395,1310.222354006997,2.6116233370450854,7.3125453437262395,0.6462006156986829,2026-06-28 20:27:50+00:00,2026-06-29 04:07:50+00:00,3.742858354797229,7.833333333333333,0.9999999999999999,10,40.17592,-3.71368
2026-06-29,estjv,47,696.8375594553927,167.0899608539442,9.701644628479126,1242.4479408170764,3.464873081599688,9.701644628479126,0.7138000911079371,2026-06-29 20:27:50+00:00,2026-06-30 04:07:50+00:00,2.3732070945978583,7.833333333333333,0.9999999999999999,10,40.17592,-3.71368
2026-06-30,estjv,47,697.0675846999794,221.40060628842429,8.033404968900884,1188.7072826808244,2.869073203178887,8.033404968900884,0.7452310446738853,2026-06-30 20:27:50+00:00,2026-07-01 04:07:51+00:00,2.71392672248776,7.833333333333333,0.9999645402645295,10,40.17592,-3.71368
2026-07-01,estjv,47,,,5.963071429539234,1307.7486651475417,2.1296683676925836,5.963071429539234,0.35356047129224527,2026-07-01 20:27:50+00:00,2026-07-02 04:07:49+00:00,4.434154577671535,7.833333333333333,1.0,10,40.17592,-3.71368
2026-07-02,estjv,47,,,3.789514078168159,1237.1251373467815,1.3533978850600568,3.789514078168159,0.11023047995623796,2026-07-02 20:27:50+00:00,2026-07-03 04:07:49+00:00,3.9872864769505605,7.833333333333333,1.0,10,40.17592,-3.71368
2026-07-03,estjv,48,495.6863007253808,131.58794944869342,10.519990159074466,1268.945622433118,3.7571393425265946,10.519990159074466,0.5748868934195874,2026-07-03 20:27:50+00:00,2026-07-04 04:17:49+00:00,3.1041191803978023,8.0,1.0,10,40.17592,-3.71368
2026-07-04,estjv,48,1062.6634812926677,340.9995199396252,7.572296543419362,1192.1477388200294,2.7043916226497715,7.572296543419362,0.7644532058194284,2026-07-04 20:27:50+00:00,2026-07-05 04:17:50+00:00,3.6976447694095564,8.0,1.0,10,40.17592,-3.71368
2026-07-05,estjv,48,637.7919966945847,207.02659334967532,10.708661307394506,1266.2154109811397,3.8245218954980373,10.708661307394506,0.5897496805927547,2026-07-05 20:27:50+00:00,2026-07-06 04:17:50+00:00,4.385551622909423,8.0,1.0,10,40.17592,-3.71368
2026-07-06,estjv,48,,,9.011063139264783,1256.8652291668172,3.2182368354517084,9.011063139264783,0.49968680822525163,2026-07-06 20:27:50+00:00,2026-07-07 04:17:49+00:00,3.3221247503944595,8.0,1.0,10,40.17592,-3.71368
2026-07-07,estjv,48,,,7.943469926218192,1263.1771022243997,2.8369535450779257,7.943469926218192,0.4323022665792942,2026-07-07 20:27:50+00:00,2026-07-08 04:17:50+00:00,4.435405491862768,8.0,1.0,10,40.17592,-3.71368
2026-07-08,estjv,48,644.3087456873732,170.66129958679363,9.875107497225207,1240.33267691708,3.526824106151859,9.875107497225207,0.6224171310605898,2026-07-08 20:27:50+00:00,2026-07-09 04:17:50+00:00,3.8093860424788937,8.0,1.0,10,40.17592,-3.71368
2026-07-09,estjv,48,,,48.894889104987186,1417.840186652897,17.46246039463828,48.894889104987186,0.40876011708069115,2026-07-09 20:27:50+00:00,2026-07-10 04:17:50+00:00,8.989273277224687,8.0,1.0,10,40.17592,-3.71368
2026-07-10,estjv,48,500.4692121224068,117.64094187295606,8.957569217930237,1266.5288639914386,3.1991318635465134,8.957569217930237,0.5653258295315196,2026-07-10 20:27:50+00:00,2026-07-11 04:17:50+00:00,4.622820313855664,8.0,1.0,10,40.17592,-3.71368
2026-07-11,estjv,49,1603.7008588888423,414.1854300406334,11.645800091782395,1185.042968617421,4.159214318493713,11.645800091782395,0.7032999588288972,2026-07-11 20:17:50+00:00,2026-07-12 04:17:50+00:00,6.202224203360775,8.166666666666666,1.0,10,40.17592,-3.71368
2026-07-12,estjv,49,,,8.84746082571088,1214.6889006141769,3.159807437753886,8.84746082571088,0.436915927893819,2026-07-12 20:17:49+00:00,2026-07-13 04:17:50+00:00,6.524422336087236,8.166666666666666,0.999965987551444,10,40.17592,-3.71368
2026-08-06,estjv,54,1060.5017146273753,337.4874099569067,9.451889894957896,1182.505681915642,3.3756749624849625,9.451889894957896,0.6126707221125074,2026-08-06 19:57:50+00:00,2026-08-07 04:47:50+00:00,6.4882351183824944,9.0,1.0,10,40.17592,-3.71368
2026-08-07,estjv,54,1278.1629087467313,323.240025546294,7.520452550053597,1164.298784201181,2.685875910733427,7.520452550053597,0.5949751956089372,2026-08-07 19:57:50+00:00,2026-08-08 04:47:50+00:00,8.303473263204872,9.0,1.0,10,40.17592,-3.71368
2026-08-08,estjv,54,,,8.173440850443312,1205.316614289988,2.919086018015468,8.173440850443312,0.46719520173282153,2026-08-08 19:57:50+00:00,2026-08-09 04:47:50+00:00,6.606218942896204,9.0,1.0,10,40.17592,-3.71368
2026-08-09,estjv,54,,,2.2542233957184687,1071.0093350855193,0.8050797841851673,2.2542233957184687,0.294864989398953,2026-08-09 19:57:50+00:00,2026-08-10 04:47:50+00:00,6.75312541200892,9.0,1.0,10,40.17592,-3.71368
2026-08-10,estjv,54,,,7.494720586803225,1198.1564557085255,2.6766859238582947,7.494720586803225,0.4860460964155216,2026-08-10 19:57:50+00:00,2026-08-11 04:47:50+00:00,6.575057088065956,9.0,1.0,10,40.17592,-3.71368
2026-08-12,estjv,54,,,4.846661921121456,1117.8223079987586,1.7309506861148056,4.846661921121456,0.4666894910248818,2026-08-12 19:47:50+00:00,2026-08-13 04:47:50+00:00,4.76269995537433,9.0,0.9818181818181819,10,40.17592,-3.71368
2026-08-13,estjv,55,,,5.063960396484895,1231.8017468783532,1.808557284458891,5.063960396484895,0.4583975406031308,2026-08-13 19:47:50+00:00,2026-08-14 04:47:50+00:00,6.296970384362198,9.166666666666666,1.0,10,40.17592,-3.71368
2026-08-14,estjv,55,,,5.978206229643389,1139.2719610545957,2.1350736534440675,5.978206229643389,0.27993273226788234,2026-08-14 19:47:51+00:00,2026-08-15 04:47:50+00:00,6.540189761420091,9.166666666666666,1.0,10,40.17592,-3.71368
2026-08-15,estjv,56,,,3.2947909563779834,1067.2964745311365,1.1767110558492797,3.2947909563779834,0.12294799378054669,2026-08-15 19:47:50+00:00,2026-08-16 04:57:50+00:00,5.336794740586054,9.333333333333332,1.0,10,40.17592,-3.71368
2026-08-16,estjv,56,1192.2633748947912,290.71677383929523,6.444443942180702,1041.3876650545396,2.3015871222073936,6.444443942180702,0.6587300423139445,2026-08-16 19:47:50+00:00,2026-08-17 04:57:50+00:00,3.402230942391214,9.333333333333332,1.0,10,40.17592,-3.71368
2026-08-17,estjv,56,2147.278596861924,610.0158019621307,9.911953506725174,1132.9295383243423,3.5399833952589908,9.911953506725174,0.7500772443425979,2026-08-17 19:47:49+00:00,2026-08-18 04:57:50+00:00,4.887797749723706,9.333333333333332,0.9999702389809826,10,40.17592,-3.71368
2026-08-18,estjv,57,,,3.562886781232399,1221.148986773107,1.2724595647258565,3.562886781232399,0.40929535688754637,2026-08-18 19:37:50+00:00,2026-08-19 04:57:49+00:00,6.396881914933522,9.5,1.0,10,40.17592,-3.71368
2026-08-19,estjv,31,,,3.498945633346035,1138.1447510022065,1.2496234404807267,3.498945633346035,0.4253562540070491,2026-08-19 19:37:50+00:00,2026-08-20 04:57:50+00:00,7.095937829273088,5.166666666666666,0.5438596491228069,10,40.17592,-3.71368
2026-08-20,estjv,53,,,4.1789524678070595,1237.5826324720556,1.4924830242168068,4.1789524678070595,0.2458780250558373,2026-08-20 19:37:50+00:00,2026-08-21 04:57:49+00:00,7.600590201188239,8.833333333333332,0.929851750051171,10,40.17592,-3.71368
2026-08-21,estjv,20,173.7575057584408,99.61393973723739,5.363714271187783,1220.5326883287812,1.915612239709922,5.363714271187783,0.7071523242750817,2026-08-21 19:37:50+00:00,2026-08-22 00:00:50+00:00,3.5147720456571503,3.333333333333333,0.7326007326007324,10,40.17592,-3.71368
2026-08-24,estjv,55,,,2.3913725603710523,1047.974821615365,0.8540616287039472,2.3913725603710523,0.2397023340578812,2026-08-24 19:27:50+00:00,2026-08-25 04:57:50+00:00,8.098663251748611,9.166666666666666,0.9482758620689655,10,40.17592,-3.71368
2026-08-25,estjv,59,1385.835617389495,334.5490329480929,7.717170678154898,1079.5585338189605,2.7561323850553205,7.717170678154898,0.7204136600288069,2026-08-25 19:27:50+00:00,2026-08-26 05:07:50+00:00,7.237976224455115,9.833333333333332,1.0,10,40.17592,-3.71368
2026-08-26,estjv,59,,,7.251491543802165,1009.7016892610493,2.5898184085007734,7.251491543802165,0.30662735294389987,2026-08-26 19:27:50+00:00,2026-08-27 05:07:50+00:00,4.637409633855698,9.833333333333332,1.0,10,40.17592,-3.71368
2026-08-27,estjv,59,,,2.366301703099477,836.4129815882991,0.845107751106956,2.366301703099477,0.33568029888972345,2026-08-27 19:27:50+00:00,2026-08-28 05:07:50+00:00,5.312413781018434,9.833333333333332,1.0,10,40.17592,-3.71368
2026-08-28,estjv,59,2316.3428661378366,574.5739883779606,8.582405180850271,949.0976256329278,3.0651447074465255,8.582405180850271,0.8521382630530383,2026-08-28 19:27:50+00:00,2026-08-29 05:07:50+00:00,3.34697750133891,9.833333333333332,1.0,10,40.17592,-3.71368
2026-08-29,estjv,59,1696.3887994931513,384.35640719224597,9.426270946001601,1013.7779952684457,3.3665253378577153,9.426270946001601,0.9068492834166569,2026-08-29 19:27:50+00:00,2026-08-30 05:07:50+00:00,3.8284319582439608,9.833333333333332,1.0,10,40.17592,-3.71368
2026-08-30,estjv,58,,,15.787378177971677,1028.925040129651,5.6383493492755985,15.787378177971677,0.4976458646333264,2026-08-30 19:17:50+00:00,2026-08-31 05:07:50+00:00,6.17051742059969,9.666666666666666,0.9666666666666666,10,40.17592,-3.71368
2026-08-31,estjv,12,236.50547867433704,295.18465676910085,8.254683287938436,1037.3350781769452,2.948101174263727,8.254683287938436,0.7341359669080868,2026-08-31 19:17:50+00:00,2026-08-31 23:57:50+00:00,3.6098421553157007,2.0,0.4137931034482758,10,40.17592,-3.71368
2025-11-19,esgld,76,,,3.3808269714054306,915.5945583841672,1.2074382040733682,3.3808269714054306,0.23587851703653342,2025-11-19 17:37:50+00:00,2025-11-20 06:07:50+00:00,4.470305849950781,12.666666666666666,1.0,10,41.40818,1.88489
2025-11-20,esgld,80,,,3.9824762041866784,983.9753503793493,1.4223129300666708,3.9824762041866784,0.10518326267951172,2025-11-20 17:07:50+00:00,2025-11-21 06:17:50+00:00,2.2681876188116936,13.333333333333332,1.0,10,41.40818,1.88489
2025-11-21,esgld,80,,,4.4323802134394645,1126.307854529319,1.5829929333712374,4.4323802134394645,0.007604741717982643,2025-11-21 17:07:50+00:00,2025-11-22 06:17:50+00:00,2.169527257062256,13.333333333333332,1.0,10,41.40818,1.88489
2025-11-22,esgld,81,,,3.389304195215673,1013.4215356796316,1.2104657840055975,3.389304195215673,0.029099241478074685,2025-11-22 16:57:51+00:00,2025-11-23 06:17:50+00:00,0.4215027585017438,13.5,1.0,10,41.40818,1.88489
2025-11-23,esgld,81,,,3.194280879880175,947.711477100806,1.1408145999572052,3.194280879880175,0.023657651298241805,2025-11-23 16:57:50+00:00,2025-11-24 06:17:51+00:00,3.1978620116133243,13.5,0.9999794242916813,10,41.40818,1.88489
2025-11-25,esgld,81,,,4.931856641835637,1073.8427127843333,1.7613773720841561,4.931856641835637,0.07547575853992065,2025-11-25 16:57:49+00:00,2025-11-26 06:17:50+00:00,3.177421920198612,13.5,0.9999794242916813,10,41.40818,1.88489
2025-11-26,esgld,81,,,4.162987053541491,871.7328471247008,1.4867810905505319,4.162987053541491,0.10485351116220415,2025-11-26 16:57:50+00:00,2025-11-27 06:17:50+00:00,3.294494603622064,13.5,1.0,10,41.40818,1.88489
2025-11-27,esgld,81,,,4.786248004289321,943.1635812349884,1.7093742872461861,4.786248004289321,0.20437643698274044,2025-11-27 16:57:49+00:00,2025-11-28 06:17:50+00:00,1.8305723546516328,13.5,0.9999794242916813,10,41.40818,1.88489
2025-11-28,esgld,81,,,2.6746384753121273,877.5390199343217,0.9552280268971882,2.6746384753121273,0.47503998715233703,2025-11-28 16:57:50+00:00,2025-11-29 06:17:50+00:00,0.5016539880473699,13.5,1.0,10,41.40818,1.88489
2025-11-29,esgld,81,,,3.0673004697870327,856.6167942589535,1.0954644534953688,3.0673004697870327,0.28803875456971073,2025-11-29 16:57:49+00:00,2025-11-30 06:17:50+00:00,0.4854247481340454,13.5,0.9999794242916813,10,41.40818,1.88489
2025-11-30,esgld,82,,,3.92611639412438,859.3558114710306,1.4021844264729928,3.92611639412438,0.20862757479416486,2025-11-30 16:57:50+00:00,2025-12-01 06:27:50+00:00,2.5160525831589218,13.666666666666666,1.0,10,41.40818,1.88489
2025-12-01,esgld,82,,,3.6226588231034396,938.8959386752906,1.2938067225369427,3.6226588231034396,0.08504878231830634,2025-12-01 16:57:51+00:00,2025-12-02 06:27:50+00:00,2.9411485675514117,13.666666666666666,1.0,10,41.40818,1.88489
2025-12-02,esgld,82,,,4.843949654916438,922.5054542216932,1.7299820196130136,4.843949654916438,0.023295464178100713,2025-12-02 16:57:50+00:00,2025-12-03 06:27:50+00:00,2.3727801345385515,13.666666666666666,1.0,10,41.40818,1.88489
2025-12-03,esgld,82,,,3.3765517636043274,968.4791265233902,1.2059113441444025,3.3765517636043274,0.09218374240721537,2025-12-03 16:57:50+00:00,2025-12-04 06:27:50+00:00,2.42234202055704,13.666666666666666,1.0,10,41.40818,1.88489
2025-12-04,esgld,82,,,3.932509703461717,1013.7974194702167,1.4044677512363275,3.932509703461717,0.048822420121957075,2025-12-04 16:57:50+00:00,2025-12-05 06:27:50+00:00,3.512833351422226,13.666666666666666,1.0,10,41.40818,1.88489
2025-12-05,esgld,82,,,2.804320904103721,842.8279005627869,1.0015431800370433,2.804320904103721,0.2228558033552308,2025-12-05 16:57:50+00:00,2025-12-06 06:27:50+00:00,0.5582845738684152,13.666666666666666,1.0,10,41.40818,1.88489
2025-12-06,esgld,82,,,2.719306408050584,843.9149173039546,0.9711808600180655,2.719306408050584,0.2932320499424689,2025-12-06 16:57:50+00:00,2025-12-07 06:27:50+00:00,0.6865210609233126,13.666666666666666,1.0,10,41.40818,1.88489
2025-12-07,esgld,82,,,2.499613007685033,876.6931670186173,0.8927189313160833,2.499613007685033,0.440898393790851,2025-12-07 16:57:50+00:00,2025-12-08 06:27:51+00:00,0.2015370322125299,13.666666666666666,0.9999796752098535,10,41.40818,1.88489
2025-12-08,esgld,82,,,4.373045951564138,904.9726016909731,1.5618021255586205,4.373045951564138,0.18842137762898264,2025-12-08 16:57:50+00:00,2025-12-09 06:27:50+00:00,1.4926567334443965,13.666666666666666,1.0,10,41.40818,1.88489
2025-12-09,esgld,82,,,3.059175643397541,778.1969661615492,1.092562729784836,3.059175643397541,0.18481920423648213,2025-12-09 16:57:50+00:00,2025-12-10 06:27:50+00:00,1.5060104318755738,13.666666666666666,1.0,10,41.40818,1.88489
2025-12-10,esgld,82,,,2.1202039442411285,890.9260076676885,0.7572156943718316,2.1202039442411285,0.30455951456407265,2025-12-10 16:57:50+00:00,2025-12-11 06:27:50+00:00,1.2693614537592717,13.666666666666666,1.0,10,41.40818,1.88489
2025-12-11,esgld,83,,,3.1626039685973204,855.173067741247,1.129501417356186,3.1626039685973204,0.11701460756435136,2025-12-11 16:57:49+00:00,2025-12-12 06:37:51+00:00,1.55942665199016,13.833333333333332,0.9999598409702422,10,41.40818,1.88489
2025-12-12,esgld,83,,,2.113707496028349,972.7524977310214,0.7548955342958388,2.113707496028349,0.07731681589693178,2025-12-12 16:57:50+00:00,2025-12-13 06:37:50+00:00,1.0863090139165477,13.833333333333332,1.0,10,41.40818,1.88489
2025-12-13,esgld,83,,,2.470337722244033,869.2846601258293,0.8822634722300118,2.470337722244033,0.021082736720709025,2025-12-13 16:57:50+00:00,2025-12-14 06:37:50+00:00,0.28544630087617684,13.833333333333332,1.0,10,41.40818,1.88489
2025-12-14,esgld,83,,,2.3263671102294006,1013.0916859886607,0.8308453965105002,2.3263671102294006,0.02320860675928865,2025-12-14 16:57:50+00:00,2025-12-15 06:37:50+00:00,0.7247054519352579,13.833333333333332,1.0,10,41.40818,1.88489
2025-12-15,esgld,78,,,5.287931302036995,920.077750982357,1.888546893584641,5.287931302036995,0.0,2025-12-15 16:57:50+00:00,2025-12-16 06:37:49+00:00,1.585498831304563,13.0,0.9397779071868914,10,41.40818,1.88489
2025-12-16,esgld,82,,,5.325398816422719,1078.0952306483914,1.9019281487223993,5.325398816422719,0.0,2025-12-16 16:57:50+00:00,2025-12-17 06:37:50+00:00,1.644251870554547,13.666666666666666,0.9879518072289157,10,41.40818,1.88489
2025-12-17,esgld,83,,,2.862831471770643,797.2070830683324,1.0224398113466582,2.862831471770643,0.026651445148922343,2025-12-17 16:57:50+00:00,2025-12-18 06:37:49+00:00,2.013047040665742,13.833333333333332,1.0,10,41.40818,1.88489
2025-12-18,esgld,83,,,3.0682519346834667,785.8168809748937,1.0958042623869522,3.0682519346834667,0.015206725319839078,2025-12-18 16:57:49+00:00,2025-12-19 06:37:49+00:00,1.5468888502128377,13.833333333333332,1.0,10,41.40818,1.88489
2025-12-19,esgld,83,,,5.457845857918981,1039.4500336098686,1.9492306635424932,5.457845857918981,0.0,2025-12-19 16:57:50+00:00,2025-12-20 06:37:51+00:00,1.0685079079931197,13.833333333333332,0.999979920081926,10,41.40818,1.88489
2025-12-20,esgld,83,,,3.4814914696187858,1239.9758664369378,1.2433898105781378,3.4814914696187858,0.0,2025-12-20 16:57:50+00:00,2025-12-21 06:37:50+00:00,0.3870774108152952,13.833333333333332,1.0,10,41.40818,1.88489
2025-12-21,esgld,83,,,3.1346392068518214,1055.036165990401,1.119514002447079,3.1346392068518214,0.008508400616778586,2025-12-21 16:57:49+00:00,2025-12-22 06:37:51+00:00,3.201811584349004,13.833333333333332,0.9999598409702422,10,41.40818,1.88489
2025-12-22,esgld,82,,,1.1448569211291104,1005.1390217988569,0.4088774718318251,1.1448569211291104,0.0,2025-12-22 17:07:50+00:00,2025-12-23 06:37:50+00:00,1.6000754709662117,13.666666666666666,1.0,10,41.40818,1.88489
2025-12-23,esgld,82,,,7.740550957074979,1067.9766934289391,2.764482484669635,7.740550957074979,0.004423097189117973,2025-12-23 17:07:50+00:00,2025-12-24 06:37:51+00:00,2.030691826102897,13.666666666666666,0.9999796752098535,10,41.40818,1.88489
2025-12-24,esgld,82,,,2.413661415329794,1033.0081702543382,0.8620219340463549,2.413661415329794,0.0,2025-12-24 17:07:50+00:00,2025-12-25 06:37:49+00:00,0.28608895097830284,13.666666666666666,1.0,10,41.40818,1.88489
2025-12-25,esgld,82,,,5.182601741174373,985.6847657996708,1.8509291932765615,5.182601741174373,0.1711630607244595,2025-12-25 17:07:50+00:00,2025-12-26 06:37:49+00:00,1.087032941927821,13.666666666666666,1.0,10,41.40818,1.88489
2025-12-26,esgld,82,,,5.694024509554956,1118.137089417522,2.033580181983913,5.694024509554956,0.0771628729229541,2025-12-26 17:07:50+00:00,2025-12-27 06:37:51+00:00,1.7807955839989347,13.666666666666666,0.9999796752098535,10,41.40818,1.88489
2025-12-27,esgld,82,,,6.921685589304785,1086.5851317948525,2.4720305676088516,6.921685589304785,0.10541444018798031,2025-12-27 17:07:50+00:00,2025-12-28 06:37:50+00:00,1.1820604338871765,13.666666666666666,1.0,10,41.40818,1.88489
2025-12-28,esgld,82,,,3.5962839467859857,1071.1303071729592,1.2843871238521374,3.5962839467859857,0.0020090838725051697,2025-12-28 17:07:50+00:00,2025-12-29 06:37:49+00:00,1.4588250515299925,13.666666666666666,1.0,10,41.40818,1.88489
2025-12-29,esgld,82,,,3.3689350503246964,1002.9040960902171,1.203191089401677,3.3689350503246964,0.0,2025-12-29 17:07:50+00:00,2025-12-30 06:37:50+00:00,0.9632532702099463,13.666666666666666,1.0,10,41.40818,1.88489
2025-12-30,esgld,82,,,2.066864429196207,876.4775396021048,0.7381658675700739,2.066864429196207,0.027667735257343343,2025-12-30 17:07:50+00:00,2025-12-31 06:37:49+00:00,2.4038951506155617,13.666666666666666,1.0,10,41.40818,1.88489
2025-12-31,esgld,82,,,1.5229954130765868,949.9615745619807,0.5439269332416381,1.5229954130765868,0.0,2025-12-31 17:07:50+00:00,2026-01-01 06:37:49+00:00,0.05926195901215621,13.666666666666666,1.0,10,41.40818,1.88489
2026-01-01,esgld,82,,,0.2629615104053079,850.8294622889313,0.09391482514475281,0.2629615104053079,0.0,2026-01-01 17:07:50+00:00,2026-01-02 06:37:50+00:00,0.47005123289522793,13.666666666666666,1.0,10,41.40818,1.88489
2026-01-02,esgld,82,,,1.0193259550303948,1254.098442611449,0.3640449839394267,1.0193259550303948,0.0,2026-01-02 17:07:49+00:00,2026-01-03 06:37:50+00:00,1.6725066348593285,13.666666666666666,0.9999796752098535,10,41.40818,1.88489
2026-01-03,esgld,82,,,0.7336067544250954,1261.1133701025396,0.2620024122946769,0.7336067544250954,0.0,2026-01-03 17:07:50+00:00,2026-01-04 06:37:50+00:00,1.014607552563528,13.666666666666666,1.0,10,41.40818,1.88489
2026-01-04,esgld,82,,,2.7276748394093864,1244.825952314773,0.9741695855033522,2.7276748394093864,0.13160343536372202,2026-01-04 17:07:50+00:00,2026-01-05 06:37:48+00:00,1.047814438408269,13.666666666666666,1.0,10,41.40818,1.88489
2026-01-05,esgld,81,,,3.238262145828318,1161.2531375841165,1.156522194938685,3.238262145828318,0.0,2026-01-05 17:17:50+00:00,2026-01-06 06:37:49+00:00,0.8819758660389296,13.5,1.0,10,41.40818,1.88489
2026-01-06,esgld,81,,,3.0488562572885445,909.2800457512159,1.0888772347459086,3.0488562572885445,0.004997213062816532,2026-01-06 17:17:50+00:00,2026-01-07 06:37:50+00:00,1.458510028215346,13.5,1.0,10,41.40818,1.88489
2026-01-07,esgld,81,,,4.004244628438244,1016.7828968938956,1.4300873672993726,4.004244628438244,0.0,2026-01-07 17:17:50+00:00,2026-01-08 06:37:50+00:00,3.6863623342977827,13.5,1.0,10,41.40818,1.88489
2026-01-08,esgld,81,,,5.841650015704426,1181.0161486210666,2.086303577037295,5.841650015704426,0.001737232033737827,2026-01-08 17:17:50+00:00,2026-01-09 06:37:50+00:00,3.808776942792272,13.5,1.0,10,41.40818,1.88489
2026-01-09,esgld,81,,,7.847025895265886,1310.3085849861504,2.802509248309245,7.847025895265886,0.027028517408228866,2026-01-09 17:17:50+00:00,2026-01-10 06:37:50+00:00,3.656710859550082,13.5,1.0,10,41.40818,1.88489
2026-01-10,esgld,81,,,3.8157247046997522,1158.7346557164622,1.3627588231070542,3.8157247046997522,0.05265308370239696,2026-01-10 17:17:50+00:00,2026-01-11 06:37:50+00:00,1.1841186297325683,13.5,1.0,10,41.40818,1.88489
2026-01-11,esgld,81,,,1.6132324118673067,789.8941800277781,0.5761544328097524,1.6132324118673067,0.0,2026-01-11 17:17:50+00:00,2026-01-12 06:37:49+00:00,1.940686528903565,13.5,1.0,10,41.40818,1.88489
2026-01-12,esgld,81,,,2.9995144928679056,782.2091558551842,1.071255176024252,2.9995144928679056,0.014708745567443537,2026-01-12 17:17:50+00:00,2026-01-13 06:37:50+00:00,1.9384115485563165,13.5,1.0,10,41.40818,1.88489
2026-01-13,esgld,81,,,1.9561470576642472,763.2003396935241,0.6986239491658026,1.9561470576642472,0.0,2026-01-13 17:17:50+00:00,2026-01-14 06:37:50+00:00,1.559815142037613,13.5,1.0,10,41.40818,1.88489
2026-01-14,esgld,81,,,2.0340053419272106,762.0393689893751,0.726430479259718,2.0340053419272106,0.0,2026-01-14 17:17:50+00:00,2026-01-15 06:37:51+00:00,1.4979855247906277,13.5,0.9999794242916813,10,41.40818,1.88489
2026-01-15,esgld,80,,,3.731511535570026,825.0562668076324,1.3326826912750092,3.731511535570026,0.0004939279432513903,2026-01-15 17:27:51+00:00,2026-01-16 06:37:50+00:00,2.632073607473146,13.333333333333332,1.0,10,41.40818,1.88489
2026-01-16,esgld,80,,,3.329673033207655,1136.5669698777087,1.1891689404313053,3.329673033207655,0.10613909651975202,2026-01-16 17:27:50+00:00,2026-01-17 06:37:50+00:00,2.628343066954542,13.333333333333332,1.0,10,41.40818,1.88489
2026-01-19,esgld,80,,,2.9160291728377343,1032.6085459894161,1.041438990299191,2.9160291728377343,0.011880679160840154,2026-01-19 17:27:51+00:00,2026-01-20 06:37:49+00:00,0.3273406108683816,13.333333333333332,1.0,10,41.40818,1.88489
2026-01-20,esgld,80,,,4.511998340189457,1194.9000516531241,1.6114279786390917,4.511998340189457,0.11067932817839111,2026-01-20 17:27:50+00:00,2026-01-21 06:37:50+00:00,2.9137877181598117,13.333333333333332,1.0,10,41.40818,1.88489
2026-01-21,esgld,80,,,4.953932538032532,1209.6999716600233,1.7692616207259042,4.953932538032532,0.019104212230796034,2026-01-21 17:27:50+00:00,2026-01-22 06:37:50+00:00,2.610861745286495,13.333333333333332,1.0,10,41.40818,1.88489
2026-01-22,esgld,80,,,3.032437431812286,932.2445055318859,1.083013368504388,3.032437431812286,0.0,2026-01-22 17:27:51+00:00,2026-01-23 06:37:50+00:00,3.771001267603465,13.333333333333332,1.0,10,41.40818,1.88489
2026-01-23,esgld,80,,,2.6246549068018794,969.1701579667032,0.9373767524292427,2.6246549068018794,0.008027983837671476,2026-01-23 17:27:50+00:00,2026-01-24 06:37:50+00:00,1.6037786269187928,13.333333333333332,1.0,10,41.40818,1.88489
2026-01-24,esgld,79,,,6.406714589950405,1298.8907745230097,2.288112353553716,6.406714589950405,0.003605062905487269,2026-01-24 17:37:51+00:00,2026-01-25 06:37:49+00:00,1.9256555308614458,13.166666666666666,1.0,10,41.40818,1.88489
2026-01-25,esgld,79,,,8.29756823849829,1204.3935356177349,2.9634172280351034,8.29756823849829,0.008965686499271866,2026-01-25 17:37:49+00:00,2026-01-26 06:37:50+00:00,4.717195789353187,13.166666666666666,0.9999789033986626,10,41.40818,1.88489
2026-01-26,esgld,79,,,2.353668950479242,972.8086275973952,0.8405960537425864,2.353668950479242,0.0,2026-01-26 17:37:50+00:00,2026-01-27 06:37:50+00:00,2.958022321305689,13.166666666666666,1.0,10,41.40818,1.88489
2026-01-27,esgld,79,,,7.735721877292741,1192.1384462034057,2.7627578133188364,7.735721877292741,0.01983510127842316,2026-01-27 17:37:50+00:00,2026-01-28 06:37:50+00:00,3.2441274394307817,13.166666666666666,1.0,10,41.40818,1.88489
2026-01-28,esgld,78,,,2.7714917507691266,1024.8307033520198,0.9898184824175451,2.7714917507691266,0.02764387849281618,2026-01-28 17:37:50+00:00,2026-01-29 06:27:50+00:00,3.6381593304021016,13.0,1.0,10,41.40818,1.88489
2026-01-29,esgld,78,,,3.515075023510517,998.480765958995,1.255383936968042,3.515075023510517,0.014501216486309672,2026-01-29 17:37:49+00:00,2026-01-30 06:27:51+00:00,4.272322015775429,13.0,0.9999572667834707,10,41.40818,1.88489
2026-01-30,esgld,78,,,5.242979118151543,1123.6877639416693,1.8724925421969794,5.242979118151543,0.0,2026-01-30 17:37:49+00:00,2026-01-31 06:27:49+00:00,3.0333968473823516,13.0,1.0,10,41.40818,1.88489
2026-01-31,esgld,78,,,4.047817949033701,1205.1974068371078,1.445649267512036,4.047817949033701,0.0022203576214140206,2026-01-31 17:37:50+00:00,2026-02-01 06:27:50+00:00,1.6629956367292575,13.0,1.0,10,41.40818,1.88489
2026-02-01,esgld,78,,,1.5622838258743288,829.2212238735264,0.5579585092408316,1.5622838258743288,0.0,2026-02-01 17:37:49+00:00,2026-02-02 06:27:50+00:00,1.703890024952972,13.0,0.9999786329351937,10,41.40818,1.88489
2026-02-02,esgld,77,,,4.446404893676956,1223.6269698024448,1.58800174774177,4.446404893676956,0.006669261690782801,2026-02-02 17:47:49+00:00,2026-02-03 06:27:50+00:00,3.1526759149571957,12.833333333333332,0.9999783554468518,10,41.40818,1.88489
2026-02-03,esgld,77,,,5.023552013836898,937.5762366208996,1.7941257192274636,5.023552013836898,0.0,2026-02-03 17:47:50+00:00,2026-02-04 06:27:49+00:00,0.7670284972522722,12.833333333333332,1.0,10,41.40818,1.88489
2026-02-10,esgld,44,,,9.091512726315043,1276.537818912435,3.2469688308268014,9.091512726315043,0.04166142274159982,2026-02-10 23:07:50+00:00,2026-02-11 06:17:49+00:00,2.7231930915073783,7.333333333333333,1.0,10,41.40818,1.88489
2026-02-12,esgld,4,,,10.906580305099487,886.8021081157968,3.8952072518212453,10.906580305099487,0.0,2026-02-13 05:47:50+00:00,2026-02-13 06:17:50+00:00,0.0,0.6666666666666666,1.0,10,41.40818,1.88489
2026-02-13,esgld,75,,,8.162643746296565,1232.2063927189351,2.9152299093916305,8.162643746296565,0.011753187559455312,2026-02-13 17:57:50+00:00,2026-02-14 06:17:50+00:00,1.4258395993739974,12.5,1.0,10,41.40818,1.88489
2026-02-14,esgld,75,,,5.088949956436952,1338.8195990693957,1.8174821272989115,5.088949956436952,0.05077173847284985,2026-02-14 17:57:50+00:00,2026-02-15 06:17:50+00:00,1.1335171246711089,12.5,1.0,10,41.40818,1.88489
2026-02-15,esgld,75,,,6.292671858469646,1233.3312543594936,2.247382806596302,6.292671858469646,0.0,2026-02-15 17:57:50+00:00,2026-02-16 06:17:50+00:00,3.3210658779253768,12.5,1.0,10,41.40818,1.88489
2026-02-16,esgld,74,,,5.6550833549853925,1057.7295334541573,2.019672626780497,5.6550833549853925,0.05332505206464224,2026-02-16 17:57:49+00:00,2026-02-17 06:07:50+00:00,2.9190462585678674,12.333333333333332,0.99997747798473,10,41.40818,1.88489
2026-02-17,esgld,74,,,8.679057376771361,978.9730674406486,3.099663348846914,8.679057376771361,0.2731282466619632,2026-02-17 17:57:50+00:00,2026-02-18 06:07:50+00:00,1.6647558770980453,12.333333333333332,1.0,10,41.40818,1.88489
2026-02-18,esgld,73,,,11.092362196396476,1114.4751040762646,3.961557927284455,11.092362196396476,0.11410103640988,2026-02-18 18:07:50+00:00,2026-02-19 06:07:49+00:00,2.976051620378786,12.166666666666666,1.0,10,41.40818,1.88489
2026-02-19,esgld,73,,,6.542303287125614,1266.505594081073,2.3365368882591477,6.542303287125614,0.04410485349767419,2026-02-19 18:07:50+00:00,2026-02-20 06:07:49+00:00,2.536136331265433,12.166666666666666,1.0,10,41.40818,1.88489
2026-02-20,esgld,73,,,2.7760028861973387,825.0947503290622,0.9914296022133352,2.7760028861973387,0.10172174382977436,2026-02-20 18:07:51+00:00,2026-02-21 06:07:49+00:00,1.1860276659941438,12.166666666666666,1.0,10,41.40818,1.88489
2026-02-21,esgld,73,,,8.58247257344527,1123.3220150393531,3.0651687762304527,8.58247257344527,0.07986060544911788,2026-02-21 18:07:50+00:00,2026-02-22 06:07:50+00:00,0.17551214563582332,12.166666666666666,1.0,10,41.40818,1.88489
2026-02-22,esgld,73,,,10.454523090467061,1093.9814455598244,3.733758246595379,10.454523090467061,0.12767439334247213,2026-02-22 18:07:50+00:00,2026-02-23 06:07:50+00:00,0.8270535160755289,12.166666666666666,1.0,10,41.40818,1.88489
2026-02-23,esgld,72,,,8.143289562397534,1025.9427098553917,2.9083177008562617,8.143289562397534,0.14230917596129627,2026-02-23 18:07:50+00:00,2026-02-24 05:57:50+00:00,1.3428086996367135,12.0,1.0,10,41.40818,1.88489
2026-02-24,esgld,72,,,11.014180668360659,1036.9455742403873,3.933635952985949,11.014180668360659,0.09554832123207088,2026-02-24 18:07:50+00:00,2026-02-25 05:57:50+00:00,1.4531039252119549,12.0,1.0,10,41.40818,1.88489
2026-02-25,esgld,72,,,2.383756625817882,850.4692158365117,0.8513416520778149,2.383756625817882,0.03593627203966458,2026-02-25 18:07:50+00:00,2026-02-26 05:57:50+00:00,1.0918340250019876,12.0,1.0,10,41.40818,1.88489
2026-02-26,esgld,72,,,8.185627204842039,961.9330783574791,2.923438287443585,8.185627204842039,0.14546831881871422,2026-02-26 18:07:50+00:00,2026-02-27 05:57:50+00:00,0.9852203051249186,12.0,1.0,10,41.40818,1.88489
2026-02-27,esgld,71,,,1.138789897401568,1087.373740713538,0.4067106776434171,1.138789897401568,0.1140501313860345,2026-02-27 18:17:51+00:00,2026-02-28 05:57:50+00:00,0.7422437878946463,11.833333333333332,1.0,10,41.40818,1.88489
2026-02-28,esgld,71,,,4.791156331082465,1091.3467417960983,1.7111272611008803,4.791156331082465,0.0,2026-02-28 18:17:50+00:00,2026-03-01 05:57:50+00:00,0.5057434051608046,11.833333333333332,1.0,10,41.40818,1.88489
2026-03-01,esgld,71,,,1.8561601186302346,956.3557839128979,0.6629143280822267,1.8561601186302346,0.04759403888146378,2026-03-01 18:17:50+00:00,2026-03-02 05:57:50+00:00,1.9034914287428062,11.833333333333332,1.0,10,41.40818,1.88489
2026-03-02,esgld,70,,,3.246940327031272,1031.081263508188,1.1596215453683112,3.246940327031272,0.0,2026-03-02 18:17:51+00:00,2026-03-03 05:47:50+00:00,2.2254921511525203,11.666666666666666,1.0,10,41.40818,1.88489
2026-03-03,esgld,70,,,8.17216935587781,1104.64419126552,2.9186319128135025,8.17216935587781,0.03342826412731142,2026-03-03 18:17:50+00:00,2026-03-04 05:47:51+00:00,3.0589832000486745,11.666666666666666,0.9999761910430705,10,41.40818,1.88489
2026-03-04,esgld,69,,,8.258867808010267,1159.6283398696416,2.9495956457179524,8.258867808010267,0.0274503563192763,2026-03-04 18:17:50+00:00,2026-03-05 05:47:51+00:00,2.486106464399387,11.5,0.9856908168853123,10,41.40818,1.88489
2026-03-05,esgld,70,,,3.6247053309849333,1155.8733896571687,1.2945376182089048,3.6247053309849333,0.14405238851464844,2026-03-05 18:17:50+00:00,2026-03-06 05:47:50+00:00,1.796239365287091,11.666666666666666,1.0,10,41.40818,1.88489
2026-03-06,esgld,70,,,3.5148130566733227,1068.9042923818206,1.2552903773833295,3.5148130566733227,0.03189945207053972,2026-03-06 18:17:50+00:00,2026-03-07 05:47:50+00:00,1.4486704590957833,11.666666666666666,1.0,10,41.40818,1.88489
2026-03-07,esgld,70,,,3.235406112968922,1055.964557064672,1.1555021832031862,3.235406112968922,0.01869673958108285,2026-03-07 18:17:50+00:00,2026-03-08 05:47:50+00:00,0.888791192649147,11.666666666666666,1.0,10,41.40818,1.88489
2026-03-08,esgld,68,,,6.599800680840717,1159.8706773411911,2.3570716717288276,6.599800680840717,0.16039746994892143,2026-03-08 18:27:50+00:00,2026-03-09 05:37:50+00:00,1.8147553816643727,11.333333333333332,1.0,10,41.40818,1.88489
2026-03-09,esgld,68,,,13.160257957262152,1111.9934583500903,4.700092127593626,13.160257957262152,0.22250215208428117,2026-03-09 18:27:49+00:00,2026-03-10 05:37:49+00:00,1.2331949247879916,11.333333333333332,1.0,10,41.40818,1.88489
2026-03-10,esgld,68,,,6.272210333277197,1036.1564815930858,2.2400751190275705,6.272210333277197,0.19492007464206046,2026-03-10 18:27:50+00:00,2026-03-11 05:37:50+00:00,1.0544468978094677,11.333333333333332,1.0,10,41.40818,1.88489
2026-03-11,esgld,68,,,10.494155968988643,1054.1315540533633,3.7479128460673725,10.494155968988643,0.37977571331887433,2026-03-11 18:27:50+00:00,2026-03-12 05:37:51+00:00,1.1535557090830642,11.333333333333332,0.9999754907967942,10,41.40818,1.88489
2026-03-12,esgld,68,,,14.627806411069983,1092.3884609313018,5.224216575382137,14.627806411069983,0.4804161115443631,2026-03-12 18:27:50+00:00,2026-03-13 05:37:50+00:00,1.7149389064205545,11.333333333333332,1.0,10,41.40818,1.88489
2026-03-13,esgld,68,,,14.906897051194136,1069.880050294193,5.323891803997905,14.906897051194136,0.49157159518779414,2026-03-13 18:27:50+00:00,2026-03-14 05:37:50+00:00,0.8477196608270918,11.333333333333332,1.0,10,41.40818,1.88489
2026-03-14,esgld,34,,,3.3374701498185892,881.4355043264683,1.1919536249352103,3.3374701498185892,0.04682621466873173,2026-03-14 18:27:49+00:00,2026-03-14 23:57:50+00:00,1.9515524537169506,5.666666666666666,0.9999509827949609,10,41.40818,1.88489
2026-03-15,esgld,1,,,0.0,0.0,0.0,0.0,0.0,2026-03-16 00:07:50+00:00,2026-03-16 00:07:50+00:00,2.166184663772583,0.16666666666666666,1.0,10,41.40818,1.88489
2026-03-16,esgld,67,,,11.553262188185508,1055.2885597190484,4.12616506720911,11.553262188185508,0.36027543959572766,2026-03-16 18:27:50+00:00,2026-03-17 05:27:50+00:00,1.7077842298444812,11.166666666666666,1.0,10,41.40818,1.88489
2026-03-17,esgld,66,,,12.501480628324279,1173.794387694788,4.464814510115813,12.501480628324279,0.3193965957774619,2026-03-17 18:37:51+00:00,2026-03-18 05:27:50+00:00,2.5660822006372306,11.0,1.0,10,41.40818,1.88489
2026-03-18,esgld,66,,,7.489506531484199,1140.1757666310637,2.674823761244357,7.489506531484199,0.31019780574080746,2026-03-18 18:37:51+00:00,2026-03-19 05:27:51+00:00,2.640949149184175,11.0,1.0,10,41.40818,1.88489
2026-03-19,esgld,66,,,6.26580211502133,993.7261702953566,2.2377864696504752,6.26580211502133,0.16422758812444227,2026-03-19 18:37:50+00:00,2026-03-20 05:27:50+00:00,2.2397400867807993,11.0,1.0,10,41.40818,1.88489
2026-03-20,esgld,65,,,6.217023620605469,994.1265667261124,2.2203655787876673,6.217023620605469,0.087348900559032,2026-03-20 18:37:50+00:00,2026-03-21 05:17:50+00:00,0.9629668192171947,10.833333333333332,1.0,10,41.40818,1.88489
2026-03-21,esgld,65,,,9.96385584977957,1022.0228801029965,3.5585199463498465,9.96385584977957,0.2923937616118107,2026-03-21 18:37:50+00:00,2026-03-22 05:17:50+00:00,0.7103229293123985,10.833333333333332,1.0,10,41.40818,1.88489
2026-03-22,esgld,65,,,11.472759338158827,1194.5140398841954,4.097414049342438,11.472759338158827,0.40360654351016056,2026-03-22 18:37:50+00:00,2026-03-23 05:17:50+00:00,2.332329041286826,10.833333333333332,1.0,10,41.40818,1.88489
2026-03-23,esgld,65,,,13.134472202887903,1021.79375635558,4.6908829296028225,13.134472202887903,0.4281511664557956,2026-03-23 18:37:50+00:00,2026-03-24 05:17:50+00:00,2.221678579921153,10.833333333333332,1.0,10,41.40818,1.88489
2026-03-24,esgld,65,5882.901848323281,1536.1064247742663,15.246604966383714,994.566375854032,5.445216059422755,15.246604966383714,0.5640963298070982,2026-03-24 18:37:49+00:00,2026-03-25 05:17:50+00:00,3.0968512409785665,10.833333333333332,0.9999743596318043,10,41.40818,1.88489
2026-03-25,esgld,65,,,8.752205510139467,1105.8010364953236,3.125787682192666,8.752205510139467,0.2756686104779512,2026-03-25 18:37:50+00:00,2026-03-26 05:17:49+00:00,2.738311737579304,10.833333333333332,1.0,10,41.40818,1.88489
2026-03-26,esgld,63,,,10.340826908747355,1095.8968698822036,3.6931524674097695,10.340826908747355,0.4930846805411329,2026-03-26 18:47:49+00:00,2026-03-27 05:07:49+00:00,2.7699967813698243,10.5,1.0,10,41.40818,1.88489
2026-03-27,esgld,63,,,10.956672478573664,1050.8709344648832,3.9130973137763085,10.956672478573664,0.4148773995781591,2026-03-27 18:47:50+00:00,2026-03-28 05:07:50+00:00,1.3137346811131883,10.5,1.0,10,41.40818,1.88489
2026-03-28,esgld,63,,,6.110943561413932,1085.8448459122262,2.1824798433621186,6.110943561413932,0.3127406995361533,2026-03-28 18:47:50+00:00,2026-03-29 05:07:50+00:00,1.9737496419708018,10.5,1.0,10,41.40818,1.88489
2026-03-29,esgld,63,,,2.580920170223902,766.0186577352516,0.9217572036513937,2.580920170223902,0.012236797136767614,2026-03-29 18:47:50+00:00,2026-03-30 05:07:50+00:00,2.590367246951376,10.5,1.0,10,41.40818,1.88489
2026-03-30,esgld,63,,,5.29010503940166,950.8639314507358,1.8893232283577357,5.29010503940166,0.13697091444310092,2026-03-30 18:47:51+00:00,2026-03-31 05:07:50+00:00,3.21030781243368,10.5,1.0,10,41.40818,1.88489
2026-04-03,esgld,62,,,10.049253774458363,1190.3945389472835,3.5890192051637007,10.049253774458363,0.4842148619212671,2026-04-03 18:47:50+00:00,2026-04-04 04:57:50+00:00,1.5706364569919449,10.333333333333332,1.0,10,41.40818,1.88489
2026-04-04,esgld,61,,,13.919675449465142,1148.8711104996307,4.971312660523265,13.919675449465142,0.45341510620151965,2026-04-04 18:57:50+00:00,2026-04-05 04:57:50+00:00,2.5295662077713983,10.166666666666666,1.0,10,41.40818,1.88489
2026-04-05,esgld,61,3860.8508259455257,985.3419524857292,13.146168078750861,1092.5497906311857,4.695060028125307,13.146168078750861,0.5327023532536681,2026-04-05 18:57:50+00:00,2026-04-06 04:57:50+00:00,2.062342318710016,10.166666666666666,1.0,10,41.40818,1.88489
2026-04-06,esgld,60,,,11.042717283169429,1153.8208359284795,3.9438276011319386,11.042717283169429,0.367165198802332,2026-04-06 18:57:51+00:00,2026-04-07 04:47:50+00:00,1.7202106520837668,10.0,1.0,10,41.40818,1.88489
2026-04-07,esgld,60,,,4.872890036900839,1236.704033819047,1.740317870321728,4.872890036900839,0.2721915030027385,2026-04-07 18:57:51+00:00,2026-04-08 04:47:51+00:00,2.150351347971936,10.0,1.0,10,41.40818,1.88489
2026-04-08,esgld,60,579.3903156025137,444.5117300933862,5.319684049288432,1202.7981756424842,1.8998871604601542,5.319684049288432,0.5084240248284605,2026-04-08 18:57:50+00:00,2026-04-09 04:47:51+00:00,2.263719682962122,10.0,0.9999722229938058,10,41.40818,1.88489
2026-04-09,esgld,60,1630.1989639647982,336.5898762506432,9.749198226133982,1112.335026593407,3.481856509333565,9.749198226133982,0.6280649299848046,2026-04-09 18:57:50+00:00,2026-04-10 04:47:51+00:00,1.812823596573065,10.0,0.9999722229938058,10,41.40818,1.88489
2026-04-10,esgld,60,2560.087557609515,665.5448816285175,10.586764883200328,1163.2742975722044,3.780987458285831,10.586764883200328,0.551804897176868,2026-04-10 18:57:50+00:00,2026-04-11 04:47:50+00:00,1.5048808982921025,10.0,1.0,10,41.40818,1.88489
2026-04-11,esgld,60,,,7.4013748224576315,1162.7809395068766,2.6433481508777255,7.4013748224576315,0.2402822803433941,2026-04-11 18:57:50+00:00,2026-04-12 04:47:50+00:00,2.8256937362963246,10.0,1.0,10,41.40818,1.88489
2026-04-12,esgld,58,,,0.0,0.0,0.0,0.0,0.0,2026-04-12 19:07:50+00:00,2026-04-13 04:37:50+00:00,1.660464304013991,9.666666666666666,1.0,10,41.40818,1.88489
2026-04-13,esgld,58,,,3.3183205514118588,1015.8981956975916,1.1851144826470925,3.3183205514118588,0.25975987424541447,2026-04-13 19:07:50+00:00,2026-04-14 04:37:50+00:00,4.6597591652756645,9.666666666666666,1.0,10,41.40818,1.88489
2026-04-14,esgld,58,,,9.510596435645532,1019.7914337007793,3.396641584159118,9.510596435645532,0.4351550981940781,2026-04-14 19:07:50+00:00,2026-04-15 04:37:50+00:00,3.1921082228895217,9.666666666666666,1.0,10,41.40818,1.88489
2026-04-15,esgld,58,,,12.231227212527703,1150.695504164578,4.368295433045608,12.231227212527703,0.4106952237765076,2026-04-15 19:07:51+00:00,2026-04-16 04:37:50+00:00,2.406086385371734,9.666666666666666,1.0,10,41.40818,1.88489
2026-04-16,esgld,58,3768.125117334799,635.6785320488069,14.299273408692459,1113.093718722818,5.1068833602473065,14.299273408692459,0.6729100428248346,2026-04-16 19:07:50+00:00,2026-04-17 04:37:51+00:00,2.044883998406143,9.666666666666666,0.999971265193529,10,41.40818,1.88489
2026-04-17,esgld,58,2262.6258745010555,637.6475076809559,11.180832731518253,1095.840504125634,3.9931545469708043,11.180832731518253,0.6733229323380099,2026-04-17 19:07:50+00:00,2026-04-18 04:37:49+00:00,2.2453867058231407,9.666666666666666,1.0,10,41.40818,1.88489
2026-04-18,esgld,58,2352.795411105708,441.4716974028165,11.06574298205047,1084.1111149825404,3.9520510650180243,11.06574298205047,0.6090355390095317,2026-04-18 19:07:50+00:00,2026-04-19 04:37:51+00:00,1.6449749359292873,9.666666666666666,0.999971265193529,10,41.40818,1.88489
2026-04-19,esgld,57,,,9.826983708666083,1146.0473549766464,3.509637038809315,9.826983708666083,0.49917344492226184,2026-04-19 19:07:50+00:00,2026-04-20 04:27:50+00:00,1.8988968721918158,9.5,1.0,10,41.40818,1.88489
2026-04-20,esgld,57,,,8.101666439625255,1270.1467125417505,2.8934522998661625,8.101666439625255,0.4783965156960523,2026-04-20 19:07:50+00:00,2026-04-21 04:27:50+00:00,1.4308585131030285,9.5,1.0,10,41.40818,1.88489
2026-04-21,esgld,56,,,8.151431640556881,1266.7921602307351,2.9112255859131717,8.151431640556881,0.41178291420750734,2026-04-21 19:17:51+00:00,2026-04-22 04:27:51+00:00,1.1291239410338987,9.333333333333332,1.0,10,41.40818,1.88489
2026-04-22,esgld,56,748.3202931134111,278.95827930179155,5.752149684514319,1232.9320602184364,2.054339173040828,5.752149684514319,0.6035064975238937,2026-04-22 19:17:50+00:00,2026-04-23 04:27:51+00:00,3.6368632783695145,9.333333333333332,0.9999702389809826,10,41.40818,1.88489
2026-04-23,esgld,56,,,3.362611501557487,1258.0415046010608,1.2009326791276735,3.362611501557487,0.32084702522096026,2026-04-23 19:17:50+00:00,2026-04-24 04:27:50+00:00,3.4920222506069005,9.333333333333332,1.0,10,41.40818,1.88489
2026-04-24,esgld,56,1049.7981327584293,780.3987500578827,9.907998279162815,1089.657220902129,3.53857081398672,9.907998279162815,0.727102305642313,2026-04-24 19:17:51+00:00,2026-04-25 04:27:50+00:00,3.1626114066441855,9.333333333333332,1.0,10,41.40818,1.88489
2026-04-25,esgld,55,381.58931860757605,204.23380642019902,7.317365511980924,1069.270838575435,2.6133448257074727,7.317365511980924,0.6107517445411454,2026-04-25 19:17:50+00:00,2026-04-26 04:17:50+00:00,2.7302904354390645,9.166666666666666,1.0,10,41.40818,1.88489
2026-04-26,esgld,55,645.28686434035,189.0492403933912,10.993923685333947,1085.6070844626663,3.9264013161906948,10.993923685333947,0.6149465718318906,2026-04-26 19:17:51+00:00,2026-04-27 04:17:51+00:00,2.4671235871591164,9.166666666666666,1.0,10,41.40818,1.88489
2026-04-27,esgld,55,,,6.538496672890403,1168.4369146873482,2.3351773831751443,6.538496672890403,0.3501247510057485,2026-04-27 19:17:50+00:00,2026-04-28 04:17:50+00:00,2.226822764192309,9.166666666666666,1.0,10,41.40818,1.88489
2026-04-28,esgld,55,,,3.6811935832283718,1278.418861209351,1.3147119940101326,3.6811935832283718,0.387252975226786,2026-04-28 19:17:50+00:00,2026-04-29 04:17:50+00:00,3.610382387288531,9.166666666666666,1.0,10,41.40818,1.88489
2026-04-29,esgld,55,,,3.3059497022628785,1265.3114530548753,1.1806963222367421,3.3059497022628785,0.4753390514560652,2026-04-29 19:17:50+00:00,2026-04-30 04:17:50+00:00,4.4197764112088915,9.166666666666666,1.0,10,41.40818,1.88489
2026-04-30,esgld,54,,,5.487083504486968,1211.78107789568,1.9596726801739168,5.487083504486968,0.33501663864838194,2026-04-30 19:27:50+00:00,2026-05-01 04:17:50+00:00,4.274060999876575,9.0,1.0,10,41.40818,1.88489
2026-05-01,esgld,54,,,3.655250406265259,1282.0959539887588,1.3054465736661638,3.655250406265259,0.34992507849300647,2026-05-01 19:27:50+00:00,2026-05-02 04:17:50+00:00,3.963341522305264,9.0,1.0,10,41.40818,1.88489
2026-05-02,esgld,53,,,3.4293699507443414,1308.5479365544022,1.2247749824086933,3.4293699507443414,0.31113978680256643,2026-05-02 19:27:50+00:00,2026-05-03 04:07:51+00:00,2.936700653112001,8.833333333333332,0.9999685544479733,10,41.40818,1.88489
2026-05-03,esgld,53,,,1.587998640312339,1590.2889782617603,0.567142371540121,1.587998640312339,0.0,2026-05-03 19:27:50+00:00,2026-05-04 04:07:50+00:00,2.198364338538642,8.833333333333332,1.0,10,41.40818,1.88489
2026-05-04,esgld,53,,,8.493032180138355,1201.2693272957335,3.0332257786208405,8.493032180138355,0.409980642689785,2026-05-04 19:27:50+00:00,2026-05-05 04:07:50+00:00,2.5661956763555036,8.833333333333332,1.0,10,41.40818,1.88489
2026-05-05,esgld,53,,,6.891813859399759,1057.0238150806806,2.4613620926427715,6.891813859399759,0.40452308128158665,2026-05-05 19:27:50+00:00,2026-05-06 04:07:49+00:00,3.470237091653643,8.833333333333332,1.0,10,41.40818,1.88489
2026-05-06,esgld,53,525.6630026469713,303.6883278092423,7.913977095765889,1083.514639951825,2.8264203913449597,7.913977095765889,0.6182426054077089,2026-05-06 19:27:51+00:00,2026-05-07 04:07:50+00:00,4.2755435767111845,8.833333333333332,1.0,10,41.40818,1.88489
2026-05-07,esgld,53,,,7.392973871950833,1124.5917163734805,2.640347811411012,7.392973871950833,0.4543480733230204,2026-05-07 19:27:50+00:00,2026-05-08 04:07:50+00:00,3.9157835296000973,8.833333333333332,1.0,10,41.40818,1.88489
2026-05-08,esgld,52,,,4.68082392857625,1193.049027974943,1.6717228316343749,4.68082392857625,0.3224456859460746,2026-05-08 19:37:50+00:00,2026-05-09 04:07:50+00:00,2.749373534141661,8.666666666666666,1.0,10,41.40818,1.88489
2026-05-09,esgld,52,,,7.143071217261829,1174.3045039563467,2.5510968633077957,7.143071217261829,0.3956023851713923,2026-05-09 19:37:50+00:00,2026-05-10 04:07:50+00:00,1.0749358474771618,8.666666666666666,1.0,10,41.40818,1.88489
2026-05-10,esgld,51,,,4.765858234611212,1037.266790721782,1.7020922266468614,4.765858234611212,0.4989731236988368,2026-05-10 19:37:50+00:00,2026-05-11 03:57:50+00:00,2.759497140674005,8.5,1.0,10,41.40818,1.88489
2026-05-11,esgld,51,1098.6094823753333,510.66147892177435,7.433648856480917,1102.7416748066773,2.654874591600327,7.433648856480917,0.5487633125652674,2026-05-11 19:37:49+00:00,2026-05-12 03:57:50+00:00,2.967402322598435,8.5,0.9999673213293684,10,41.40818,1.88489
2026-05-12,esgld,51,725.9531579996685,265.5629813533243,8.677711247462852,1086.175568514736,3.09918258837959,8.677711247462852,0.5525912362863294,2026-05-12 19:37:50+00:00,2026-05-13 03:57:50+00:00,3.4947503011869046,8.5,1.0,10,41.40818,1.88489
2026-05-13,esgld,51,779.6280787890669,365.41129799981854,9.565899871377384,1080.6586252925747,3.4163928112062085,9.565899871377384,0.509694745526162,2026-05-13 19:37:51+00:00,2026-05-14 03:57:50+00:00,5.380185268671129,8.5,1.0,10,41.40818,1.88489
2026-05-14,esgld,51,,,14.751212909174901,1137.8725557382465,5.268290324705322,14.751212909174901,0.3871351488350184,2026-05-14 19:37:50+00:00,2026-05-15 03:57:50+00:00,4.092514350713916,8.5,1.0,10,41.40818,1.88489
2026-05-15,esgld,51,,,5.5889999408347935,960.9062507768599,1.9960714074409978,5.5889999408347935,0.4206322218466471,2026-05-15 19:37:50+00:00,2026-05-16 03:57:50+00:00,3.6200915975984573,8.5,1.0,10,41.40818,1.88489
2026-05-16,esgld,51,,,8.785293947014154,1098.8377422215665,3.1376049810764837,8.785293947014154,0.4221551101510636,2026-05-16 19:37:51+00:00,2026-05-17 03:57:50+00:00,5.281293902539431,8.5,1.0,10,41.40818,1.88489
2026-05-17,esgld,50,,,7.773486703634262,1181.7599083325476,2.7762452512979507,7.773486703634262,0.43720819574235126,2026-05-17 19:47:50+00:00,2026-05-18 03:57:50+00:00,4.041467639572151,8.333333333333332,1.0,10,41.40818,1.88489
2026-05-18,esgld,50,846.7633493448627,244.33252449668558,6.9407151770591735,1172.2221300852589,2.478826848949705,6.9407151770591735,0.5891328872747045,2026-05-18 19:47:50+00:00,2026-05-19 03:57:50+00:00,2.507657305025925,8.333333333333332,1.0,10,41.40818,1.88489
2026-05-19,esgld,49,542.4152557553637,233.88580733323454,5.04121607371739,1222.1021530965359,1.8004343120419248,5.04121607371739,0.6219456023722321,2026-05-19 19:47:50+00:00,2026-05-20 03:47:50+00:00,2.0245690090315684,8.166666666666666,1.0,10,41.40818,1.88489
2026-05-20,esgld,49,658.5582208561957,155.5590659026367,7.017434102661756,1224.8459849850562,2.5062264652363413,7.017434102661756,0.6708789431724134,2026-05-20 19:47:50+00:00,2026-05-21 03:47:50+00:00,2.085752554808591,8.166666666666666,1.0,10,41.40818,1.88489
2026-05-21,esgld,49,823.8958440982025,183.256932856925,7.555185016320676,1188.9976953000976,2.6982803629716696,7.555185016320676,0.6718930284023003,2026-05-21 19:47:51+00:00,2026-05-22 03:47:50+00:00,2.2405526907316275,8.166666666666666,1.0,10,41.40818,1.88489
2026-05-22,esgld,49,500.55199323272984,141.20169972014568,7.84046450634392,1225.5898966082816,2.8001658951228285,7.84046450634392,0.6402043524723132,2026-05-22 19:47:51+00:00,2026-05-23 03:47:50+00:00,2.3595717946162718,8.166666666666666,1.0,10,41.40818,1.88489
2026-05-23,esgld,49,472.517978790909,123.15549622101992,8.166221883345624,1142.1225254871986,2.91650781548058,8.166221883345624,0.7937561551824567,2026-05-23 19:47:50+00:00,2026-05-24 03:47:51+00:00,2.376572241648585,8.166666666666666,0.999965987551444,10,41.40818,1.88489
2026-05-24,esgld,49,459.2991474338845,136.56126478642818,10.78182819570814,1133.0464942891965,3.8506529270386207,10.78182819570814,0.6316571479825627,2026-05-24 19:47:50+00:00,2026-05-25 03:47:50+00:00,2.2287762578202304,8.166666666666666,1.0,10,41.40818,1.88489
2026-05-25,esgld,49,486.3420830687048,125.7977326997454,8.505505134621446,1138.0442912064605,3.037680405221945,8.505505134621446,0.6631353418829942,2026-05-25 19:47:50+00:00,2026-05-26 03:47:50+00:00,2.6230938758379145,8.166666666666666,1.0,10,41.40818,1.88489
2026-05-26,esgld,49,615.7682571946901,176.35797632523335,8.256505429988005,1220.4513625811444,2.9487519392814305,8.256505429988005,0.6484848979861012,2026-05-26 19:47:50+00:00,2026-05-27 03:47:50+00:00,2.2244371999928982,8.166666666666666,1.0,10,41.40818,1.88489
2026-05-27,esgld,48,570.8062925781929,153.9659291935107,8.426195917030176,1180.2145670943244,3.009355684653634,8.426195917030176,0.8013198440531663,2026-05-27 19:57:50+00:00,2026-05-28 03:47:50+00:00,2.3112496881888656,8.0,1.0,10,41.40818,1.88489
2026-05-28,esgld,48,462.1943678354352,189.08962609286996,5.04218447804451,1368.4754722541222,1.8007801707301823,5.04218447804451,0.575920733836214,2026-05-28 19:57:51+00:00,2026-05-29 03:47:51+00:00,3.1317401464496344,8.0,1.0,10,41.40818,1.88489
2026-05-29,esgld,48,,,4.57292030453682,1429.8546804171651,1.633185823048864,4.57292030453682,0.42441153161936596,2026-05-29 19:57:50+00:00,2026-05-30 03:47:51+00:00,1.9128507024606909,8.0,0.9999652789833687,10,41.40818,1.88489
2026-05-30,esgld,48,,,2.9852912435928984,1487.9850121222423,1.0661754441403206,2.9852912435928984,0.2944090908762973,2026-05-30 19:57:51+00:00,2026-05-31 03:47:50+00:00,1.2175001717039518,8.0,1.0,10,41.40818,1.88489
2026-05-31,esgld,48,346.1008528662508,96.77807861168074,4.99823468575875,1389.2773323376216,1.7850838163424105,4.99823468575875,0.5830947644593675,2026-05-31 19:57:51+00:00,2026-06-01 03:47:51+00:00,2.9268112178305823,8.0,1.0,10,41.40818,1.88489
2026-06-01,esgld,47,,,2.4938108687705185,1433.258036192619,0.8906467388466137,2.4938108687705185,0.45886193119175384,2026-06-01 19:57:50+00:00,2026-06-02 03:37:51+00:00,2.5729911728614465,7.833333333333333,0.9999645402645295,10,41.40818,1.88489
2026-06-02,esgld,47,1711.0195900474896,474.1840092302121,12.058784318477551,1182.8448133057725,4.306708685170553,12.058784318477551,0.6967908279964016,2026-06-02 19:57:50+00:00,2026-06-03 03:37:50+00:00,4.243955029220116,7.833333333333333,0.9999999999999999,10,41.40818,1.88489
2026-06-03,esgld,47,807.6012174482157,351.85995639347317,6.440448687938934,1317.7545818440024,2.300160245692476,6.440448687938934,0.5770664238532566,2026-06-03 19:57:51+00:00,2026-06-04 03:37:51+00:00,3.730854514999257,7.833333333333333,0.9999999999999999,10,41.40818,1.88489
2026-06-04,esgld,47,,,10.747541423554116,1054.7629833656097,3.838407651269327,10.747541423554116,0.4357278664108958,2026-06-04 19:57:50+00:00,2026-06-05 03:37:50+00:00,2.2083678166625393,7.833333333333333,0.9999999999999999,10,41.40818,1.88489
2026-06-05,esgld,47,,,5.384753348472271,1301.0523052465326,1.9231261958829537,5.384753348472271,0.31166357862404553,2026-06-05 19:57:51+00:00,2026-06-06 03:37:50+00:00,5.1142332908999215,7.833333333333333,1.0,10,41.40818,1.88489
2026-06-06,esgld,47,813.5729611625635,228.61877006009962,9.588271319612543,1136.1700218903559,3.424382614147337,9.588271319612543,0.6872695593751785,2026-06-06 19:57:51+00:00,2026-06-07 03:37:50+00:00,3.382960191742884,7.833333333333333,1.0,10,41.40818,1.88489
2026-06-07,esgld,47,434.4601741801757,200.11514214809705,4.098669547223031,1220.245260452179,1.4638105525796534,4.098669547223031,0.7199128106255444,2026-06-07 19:57:51+00:00,2026-06-08 03:37:51+00:00,3.2348063222622625,7.833333333333333,0.9999999999999999,10,41.40818,1.88489
2026-06-08,esgld,46,556.7636223009622,185.17289483374185,7.410610588737156,1240.9571382116226,2.6466466388346985,7.410610588737156,0.6565635298037039,2026-06-08 20:07:50+00:00,2026-06-09 03:37:51+00:00,2.8708407710653563,7.666666666666666,0.9999637694286437,10,41.40818,1.88489
2026-06-09,esgld,46,649.1589023198181,147.55707650160798,8.868134618842083,1262.1993909151233,3.167190935300744,8.868134618842083,0.5647571732415319,2026-06-09 20:07:50+00:00,2026-06-10 03:37:51+00:00,5.239759052879719,7.666666666666666,0.9999637694286437,10,41.40818,1.88489
2026-06-10,esgld,46,935.0875012657082,315.72782122845916,13.952800164015398,1074.9184925068607,4.983142915719784,13.952800164015398,0.5891923118774024,2026-06-10 20:07:50+00:00,2026-06-11 03:37:51+00:00,4.876251102218513,7.666666666666666,0.9999637694286437,10,41.40818,1.88489
2026-06-12,esgld,35,704.9625188920395,308.0020200137538,12.403283514295305,1133.5244672051524,4.429744112248324,12.403283514295305,0.8469881606356571,2026-06-12 20:07:51+00:00,2026-06-13 01:47:50+00:00,2.423756446504732,5.833333333333333,1.0,10,41.40818,1.88489
2026-06-13,esgld,46,386.7822171281491,108.21436298876067,8.766692300723948,1186.485510669345,3.1309615359728378,8.766692300723948,0.5890780738130914,2026-06-13 20:07:50+00:00,2026-06-14 03:37:50+00:00,6.42763663091103,7.666666666666666,0.9999999999999999,10,41.40818,1.88489
2026-06-14,esgld,46,448.82413702261294,166.83160346990758,12.304125174232151,1271.390626825005,4.394330419368626,12.304125174232151,0.5933433746889445,2026-06-14 20:07:51+00:00,2026-06-15 03:37:50+00:00,6.236105703933729,7.666666666666666,1.0,10,41.40818,1.88489
2026-06-15,esgld,46,569.1010156875966,179.70898382607973,9.829106041141179,1215.3624702117195,3.510395014693278,9.829106041141179,0.6083493621298296,2026-06-15 20:07:50+00:00,2026-06-16 03:37:50+00:00,5.305650127353629,7.666666666666666,0.9999999999999999,10,41.40818,1.88489
2026-06-16,esgld,34,736.2566522742032,335.81031473974826,11.793756529864144,1154.0287870856864,4.212055903522908,11.793756529864144,0.6077355562722305,2026-06-16 20:07:50+00:00,2026-06-17 03:37:50+00:00,4.537705161556694,5.666666666666666,0.7391304347826085,10,41.40818,1.88489
2026-06-17,esgld,42,613.3611685805749,198.67585285561563,14.840738257907688,1076.3964310618464,5.300263663538459,14.840738257907688,0.7126308609295956,2026-06-17 20:27:50+00:00,2026-06-18 03:37:51+00:00,5.845142524107746,7.0,0.9545092988901934,10,41.40818,1.88489
2026-06-18,esgld,46,809.203322239003,300.4462739364806,10.622446325550909,1280.80511729483,3.793730830553896,10.622446325550909,0.5239517402360987,2026-06-18 20:07:51+00:00,2026-06-19 03:37:49+00:00,2.9877613130762186,7.666666666666666,1.0,10,41.40818,1.88489
2026-06-19,esgld,46,1282.7902111371295,283.00913830456807,10.498751266624618,1105.1632356439516,3.7495540237945058,10.498751266624618,0.873197797307549,2026-06-19 20:07:50+00:00,2026-06-20 03:37:50+00:00,1.94913587836023,7.666666666666666,0.9999999999999999,10,41.40818,1.88489
2026-06-20,esgld,46,903.3777289337488,203.78211379687292,9.67505982492281,1152.8846404321746,3.4553785089010036,9.67505982492281,0.7810646937966645,2026-06-20 20:07:51+00:00,2026-06-21 03:37:50+00:00,3.0483261677030904,7.666666666666666,1.0,10,41.40818,1.88489
2026-06-21,esgld,46,605.9170012168171,121.04243655352786,10.839303855274036,1203.5405198656524,3.871179948312155,10.839303855274036,0.6282984605591985,2026-06-21 20:07:49+00:00,2026-06-22 03:37:50+00:00,4.957751688503084,7.666666666666666,0.9999637694286437,10,41.40818,1.88489
2026-06-22,esgld,46,955.330319150839,244.87425623674602,12.42241211766782,1132.0685955037231,4.436575756309936,12.42241211766782,0.6174483890645794,2026-06-22 20:07:50+00:00,2026-06-23 03:37:50+00:00,2.1835112467875466,7.666666666666666,0.9999999999999999,10,41.40818,1.88489
2026-06-23,esgld,46,996.1897492808719,244.09286815916914,18.66267699625181,1095.1301656396056,6.665241784375647,18.66267699625181,0.7404118766348804,2026-06-23 20:07:50+00:00,2026-06-24 03:37:50+00:00,10.715268663715783,7.666666666666666,0.9999999999999999,10,41.40818,1.88489
2026-06-24,esgld,46,837.0607378589473,259.79870467474086,14.907838806898699,1081.8040757688118,5.324228145320964,14.907838806898699,0.6584435650183681,2026-06-24 20:07:50+00:00,2026-06-25 03:37:51+00:00,16.792803302176438,7.666666666666666,0.9999637694286437,10,41.40818,1.88489
2026-06-25,esgld,46,897.5675701954617,343.37903646024625,16.811452944382378,1065.512009532954,6.004090337279421,16.811452944382378,0.5590661615516916,2026-06-25 20:07:50+00:00,2026-06-26 03:37:50+00:00,7.8936939516494276,7.666666666666666,0.9999999999999999,10,41.40818,1.88489
2026-06-26,esgld,46,483.38558491106596,216.27800401212687,11.782960636201114,1077.5479086334851,4.208200227214682,11.782960636201114,0.6238206616136356,2026-06-26 20:07:51+00:00,2026-06-27 03:37:49+00:00,8.184694161923945,7.666666666666666,1.0,10,41.40818,1.88489
2026-06-27,esgld,46,714.6537935275774,285.0620432121491,14.217056550668634,1100.983061171104,5.077520196667369,14.217056550668634,0.7053271918685274,2026-06-27 20:07:51+00:00,2026-06-28 03:37:50+00:00,10.310477031436516,7.666666666666666,1.0,10,41.40818,1.88489
2026-06-28,esgld,47,,,16.39159778128279,1184.533865415566,5.854142064743853,16.39159778128279,0.4363802075531475,2026-06-28 20:07:50+00:00,2026-06-29 03:47:50+00:00,9.442970115652482,7.833333333333333,0.9999999999999999,10,41.40818,1.88489
2026-06-29,esgld,47,,,12.014399935336824,1183.0619163882293,4.290857119763151,12.014399935336824,0.4643635541007453,2026-06-29 20:07:50+00:00,2026-06-30 03:47:49+00:00,6.1524615994624146,7.833333333333333,1.0,10,41.40818,1.88489
2026-06-30,esgld,47,1122.5683847219827,635.1921559684981,16.260584519264548,1223.3425090458888,5.807351614023052,16.260584519264548,0.5722827530679231,2026-06-30 20:07:50+00:00,2026-07-01 03:47:50+00:00,7.224527009998459,7.833333333333333,0.9999999999999999,10,41.40818,1.88489
2026-07-01,esgld,47,1253.3720124600843,633.6726089771082,17.65424164711161,1166.1909265441993,6.305086302539861,17.65424164711161,0.5820250593284515,2026-07-01 20:07:50+00:00,2026-07-02 03:47:49+00:00,5.1388720382716695,7.833333333333333,1.0,10,41.40818,1.88489
2026-07-02,esgld,47,983.9178529398083,391.5214009552759,14.13841006908011,1055.150594906754,5.04943216752861,14.13841006908011,0.6345884615251557,2026-07-02 20:07:50+00:00,2026-07-03 03:47:50+00:00,3.6050893261976777,7.833333333333333,0.9999999999999999,10,41.40818,1.88489
2026-07-03,esgld,47,970.9833662300954,235.6330751361994,15.662237566075428,1106.1381676356073,5.593656273598366,15.662237566075428,0.531048249134205,2026-07-03 20:07:50+00:00,2026-07-04 03:47:50+00:00,4.2035361427345705,7.833333333333333,0.9999999999999999,10,41.40818,1.88489
2026-07-04,esgld,47,1249.5161154759164,349.035562396015,17.053413525794415,1092.6609998447248,6.090504830640862,17.053413525794415,0.6517813309447454,2026-07-04 20:07:51+00:00,2026-07-05 03:47:50+00:00,4.920988184753611,7.833333333333333,1.0,10,41.40818,1.88489
2026-07-05,esgld,47,1481.6564600125084,472.1178534786398,17.225964326046885,974.5486593680978,6.152130116445315,17.225964326046885,0.7798888785654123,2026-07-05 20:07:51+00:00,2026-07-06 03:47:50+00:00,9.08268833243473,7.833333333333333,1.0,10,41.40818,1.88489
2026-07-06,esgld,47,1189.4521567876416,337.30426179865873,17.84892932201954,1052.851695309563,6.3746176150069775,17.84892932201954,0.5041780627087511,2026-07-06 20:07:50+00:00,2026-07-07 03:47:51+00:00,7.460765407060498,7.833333333333333,0.9999645402645295,10,41.40818,1.88489
2026-07-07,esgld,47,1406.1936643275608,490.47624373303455,16.638337175896826,1098.5548010003863,5.942263277106011,16.638337175896826,0.7095344022506809,2026-07-07 20:07:50+00:00,2026-07-08 03:47:50+00:00,4.955000580513498,7.833333333333333,0.9999999999999999,10,41.40818,1.88489
2026-07-08,esgld,47,942.6030793935739,272.61050781012295,15.301074874147456,1077.5806504617838,5.464669597909806,15.301074874147456,0.7319605261718553,2026-07-08 20:07:50+00:00,2026-07-09 03:47:50+00:00,10.357941759377718,7.833333333333333,0.9999999999999999,10,41.40818,1.88489
2026-07-09,esgld,47,640.2775330591,171.31545450902496,13.672874078852066,1083.2641540809207,4.8831693138757375,13.672874078852066,0.5677733989246726,2026-07-09 20:07:50+00:00,2026-07-10 03:47:50+00:00,9.164216507889815,7.833333333333333,0.9999999999999999,10,41.40818,1.88489
2026-07-10,esgld,47,,,10.97658585893347,1066.0113905512026,3.920209235333382,10.97658585893347,0.44897229208766315,2026-07-10 20:07:50+00:00,2026-07-11 03:47:50+00:00,3.410839460093719,7.833333333333333,0.9999999999999999,10,41.40818,1.88489
2026-07-11,esgld,47,,,10.465955338579542,1084.034740037366,3.737841192349837,10.465955338579542,0.30689157722680166,2026-07-11 20:07:51+00:00,2026-07-12 03:47:50+00:00,3.109156997325769,7.833333333333333,1.0,10,41.40818,1.88489
2026-07-12,esgld,47,,,7.802117778899822,1043.1839896003908,2.786470635321365,7.802117778899822,0.28857591837111984,2026-07-12 20:07:50+00:00,2026-07-13 03:47:50+00:00,3.1424528038690958,7.833333333333333,0.9999999999999999,10,41.40818,1.88489
2026-08-06,esgld,53,,,7.058633973463527,1167.4386030162552,2.5209407048084023,7.058633973463527,0.32814737676363953,2026-08-06 19:37:51+00:00,2026-08-07 04:17:50+00:00,2.4873609964170793,8.833333333333332,1.0,10,41.40818,1.88489
2026-08-07,esgld,53,,,6.175019579113655,1080.9133571960226,2.205364135397734,6.175019579113655,0.34633085078025855,2026-08-07 19:37:50+00:00,2026-08-08 04:17:50+00:00,0.8561930538108485,8.833333333333332,1.0,10,41.40818,1.88489
2026-08-08,esgld,53,,,9.426016500311079,1116.6368596923314,3.3664344643968134,9.426016500311079,0.46087537542485046,2026-08-08 19:37:51+00:00,2026-08-09 04:17:50+00:00,1.7107047210818984,8.833333333333332,1.0,10,41.40818,1.88489
2026-08-09,esgld,53,226.32749856589524,118.81083221754733,3.1558902223155183,862.8729495651239,1.127103650826971,3.1558902223155183,0.5758751494146348,2026-08-09 19:37:50+00:00,2026-08-10 04:17:51+00:00,1.7831131412279628,8.833333333333332,0.9999685544479733,10,41.40818,1.88489
2026-08-10,esgld,53,,,4.452804405284378,944.5222002566197,1.5902872876015637,4.452804405284378,0.4585307831174158,2026-08-10 19:37:50+00:00,2026-08-11 04:17:50+00:00,1.4687483478786771,8.833333333333332,1.0,10,41.40818,1.88489
2026-08-11,esgld,55,411.7689651560489,177.46846034811506,10.472372888218274,929.4543339488195,3.7401331743636685,10.472372888218274,0.5191207914945435,2026-08-11 19:27:50+00:00,2026-08-12 04:27:50+00:00,1.493643041002065,9.166666666666666,1.0,10,41.40818,1.88489
2026-08-12,esgld,55,267.40335956701495,121.32218180587131,9.335762871828946,924.3372264419188,3.3342010256531953,9.335762871828946,0.560759039717984,2026-08-12 19:27:50+00:00,2026-08-13 04:27:51+00:00,2.6681205263935532,9.166666666666666,0.9999696978879429,10,41.40818,1.88489
2026-08-13,esgld,55,206.931282993932,48.81057116624099,6.20398496020924,892.2708393192553,2.2157089143604427,6.20398496020924,0.603918988066728,2026-08-13 19:27:50+00:00,2026-08-14 04:27:51+00:00,1.9829183056240989,9.166666666666666,0.9999696978879429,10,41.40818,1.88489
2026-08-14,esgld,55,416.38629521672397,208.47578237044053,4.799976516203447,921.0740797962029,1.7142773272155167,4.799976516203447,0.6559151331122836,2026-08-14 19:27:50+00:00,2026-08-15 04:27:50+00:00,1.7396135516393751,9.166666666666666,1.0,10,41.40818,1.88489
2026-08-15,esgld,55,,,5.030220825021917,1009.6258796175979,1.7965074375078276,5.030220825021917,0.37897655585323975,2026-08-15 19:27:51+00:00,2026-08-16 04:27:50+00:00,6.670528607595535,9.166666666666666,1.0,10,41.40818,1.88489
2026-08-16,esgld,55,,,9.934908955747431,1147.8719105603197,3.548181769909797,9.934908955747431,0.41974816064966913,2026-08-16 19:27:50+00:00,2026-08-17 04:27:50+00:00,1.6630487821215676,9.166666666666666,1.0,10,41.40818,1.88489
2026-08-17,esgld,55,,,10.254163437756626,1198.6033734688544,3.662201227770223,10.254163437756626,0.4837862375998694,2026-08-17 19:27:50+00:00,2026-08-18 04:27:50+00:00,3.232753440125348,9.166666666666666,1.0,10,41.40818,1.88489
2026-08-18,esgld,56,,,5.152755216189794,1298.3516029143138,1.840269720067783,5.152755216189794,0.1482744772944456,2026-08-18 19:17:51+00:00,2026-08-19 04:27:50+00:00,1.6974184574399676,9.333333333333332,1.0,10,41.40818,1.88489
2026-08-19,esgld,30,,,5.08180302143097,1143.6804078257576,1.8149296505110606,5.08180302143097,0.24026675026502015,2026-08-19 19:17:51+00:00,2026-08-20 04:27:50+00:00,3.4963282653263636,5.0,0.535730230066371,10,41.40818,1.88489
2026-08-20,esgld,53,,,4.956996820332869,1119.8935037391732,1.770356007261739,4.956996820332869,0.1372549603267886,2026-08-20 19:17:50+00:00,2026-08-21 04:37:50+00:00,4.93834761256877,8.833333333333332,0.9298245614035087,10,41.40818,1.88489
2026-08-21,esgld,50,400.0845313728064,155.28971311143118,5.42616502571106,1088.10217845679,1.9379160806110927,5.42616502571106,0.5807299048341091,2026-08-21 19:17:50+00:00,2026-08-22 04:37:50+00:00,3.5886009213546983,8.333333333333332,0.8771929824561402,10,41.40818,1.88489
2026-08-22,esgld,57,,,5.92142282849864,1088.4079188961289,2.1147938673209428,5.92142282849864,0.42620564647963316,2026-08-22 19:17:50+00:00,2026-08-23 04:37:50+00:00,1.4437663797936384,9.5,1.0,10,41.40818,1.88489
2026-08-23,esgld,57,,,4.538211525741377,1027.857034752835,1.6207898306219202,4.538211525741377,0.12174891851764305,2026-08-23 19:17:50+00:00,2026-08-24 04:37:51+00:00,2.2154191985813836,9.5,0.9999707610888572,10,41.40818,1.88489
2026-08-24,esgld,55,,,6.800699442083185,1306.025532989376,2.428821229315423,6.800699442083185,0.3655589265135081,2026-08-24 19:07:50+00:00,2026-08-25 04:37:50+00:00,6.345023383249742,9.166666666666666,0.9482758620689655,10,41.40818,1.88489
2026-08-25,esgld,58,,,7.044182044884255,1223.576348926724,2.515779301744377,7.044182044884255,0.44034337016269537,2026-08-25 19:07:51+00:00,2026-08-26 04:37:50+00:00,3.834947548850409,9.666666666666666,1.0,10,41.40818,1.88489
2026-08-26,esgld,58,,,7.208717062144444,1333.5988643921337,2.57454180790873,7.208717062144444,0.03813613451734692,2026-08-26 19:07:50+00:00,2026-08-27 04:37:51+00:00,0.8485281091846831,9.666666666666666,0.999971265193529,10,41.40818,1.88489
2026-08-27,esgld,58,2158.4790691001976,784.8435178906215,8.642982524016809,1163.6204713388745,3.086779472863146,8.642982524016809,0.5889005692272369,2026-08-27 19:07:51+00:00,2026-08-28 04:37:50+00:00,2.7633188632982115,9.666666666666666,1.0,10,41.40818,1.88489
2026-08-28,esgld,58,2883.881180615161,540.5980866867446,15.678347464265494,1154.278979356202,5.599409808666248,15.678347464265494,0.7224539553012246,2026-08-28 19:07:50+00:00,2026-08-29 04:37:50+00:00,6.922169960207409,9.666666666666666,1.0,10,41.40818,1.88489
2026-08-29,esgld,59,,,6.6830110630746615,1273.5665838957743,2.386789665383808,6.6830110630746615,0.4325590076952302,2026-08-29 19:07:50+00:00,2026-08-30 04:47:50+00:00,2.304943752785524,9.833333333333332,1.0,10,41.40818,1.88489
2026-08-30,esgld,60,,,4.308417696158092,1251.7478272887547,1.5387206057707468,4.308417696158092,0.44435511250793797,2026-08-30 18:57:51+00:00,2026-08-31 04:47:51+00:00,1.1119372966159293,10.0,1.0,10,41.40818,1.88489
2026-08-31,esgld,14,160.47752545855548,205.8939941558232,9.177718496322631,1202.1697403315402,3.2777566058295116,9.177718496322631,0.594995574343962,2026-08-31 18:57:50+00:00,2026-08-31 23:57:50+00:00,6.493479418024724,2.333333333333333,0.4516129032258064,10,41.40818,1.88489
2025-11-18,esahr,78,,,1.8795606698745337,1288.5383328862315,0.6712716678123335,1.8795606698745337,0.2612425487069737,2025-11-18 17:37:53+00:00,2025-11-19 06:27:52+00:00,0.33480516067739957,13.0,1.0,10,36.61343,-4.65933
2025-11-19,esahr,78,,,2.663220664476737,1478.7439679614627,0.9511502373131204,2.663220664476737,0.0009930894792676266,2025-11-19 17:37:52+00:00,2025-11-20 06:27:52+00:00,0.7372295318266773,13.0,1.0,10,36.61343,-4.65933
2025-11-20,esahr,78,,,1.3339075206181943,1468.335821820396,0.4763955430779265,1.3339075206181943,0.0,2025-11-20 17:37:52+00:00,2025-11-21 06:27:52+00:00,0.8386208151234966,13.0,1.0,10,36.61343,-4.65933
2025-11-21,esahr,78,,,4.005381554747239,1601.3142642779176,1.4304934124097282,4.005381554747239,0.004724142981445156,2025-11-21 17:37:53+00:00,2025-11-22 06:27:52+00:00,1.0534302326185363,13.0,1.0,10,36.61343,-4.65933
2025-11-22,esahr,78,,,0.1148605227470398,1236.7444126229595,0.04102161526679993,0.1148605227470398,0.0,2025-11-22 17:37:52+00:00,2025-11-23 06:27:53+00:00,0.29801189919913207,13.0,0.9999786329351937,10,36.61343,-4.65933
2025-11-23,esahr,77,,,2.157415305639242,1542.438482606311,0.7705054662997294,2.157415305639242,0.0,2025-11-23 17:37:52+00:00,2025-11-24 06:27:52+00:00,1.1700098937848114,12.833333333333332,0.9871794871794871,10,36.61343,-4.65933
2025-11-24,esahr,79,,,9.386547719979589,1600.3033303040008,3.352338471421281,9.386547719979589,0.2955920401047277,2025-11-24 17:37:52+00:00,2025-11-25 06:37:53+00:00,2.256837994842739,13.166666666666666,0.9999789033986626,10,36.61343,-4.65933
2025-11-25,esahr,79,,,2.7954264203204384,1593.4490367184376,0.998366578685871,2.7954264203204384,0.021582789876876934,2025-11-25 17:37:52+00:00,2025-11-26 06:37:52+00:00,0.8443159144985807,13.166666666666666,1.0,10,36.61343,-4.65933
2025-11-26,esahr,79,,,0.22050346875492532,1210.0753386861716,0.07875123884104475,0.22050346875492532,0.0,2025-11-26 17:37:52+00:00,2025-11-27 06:37:52+00:00,0.19654681009578182,13.166666666666666,1.0,10,36.61343,-4.65933
2025-11-27,esahr,79,,,1.3136552054670794,1533.8868883964024,0.46916257338109973,1.3136552054670794,0.0,2025-11-27 17:37:52+00:00,2025-11-28 06:37:52+00:00,0.10799106659174633,13.166666666666666,1.0,10,36.61343,-4.65933
2025-11-28,esahr,79,,,0.06376679260519487,1199.999984039945,0.02277385450185531,0.06376679260519487,0.0,2025-11-28 17:37:53+00:00,2025-11-29 06:37:52+00:00,0.1512751502483165,13.166666666666666,1.0,10,36.61343,-4.65933
2025-11-29,esahr,79,,,6.200896420509,1622.8157877323988,2.2146058644675,6.200896420509,0.014169644902439129,2025-11-29 17:37:53+00:00,2025-11-30 06:37:52+00:00,0.9300203997881806,13.166666666666666,1.0,10,36.61343,-4.65933
2025-11-30,esahr,79,,,4.52680538545681,1614.0195059452371,1.6167162090917178,4.52680538545681,0.0051916105667720045,2025-11-30 17:37:52+00:00,2025-12-01 06:37:52+00:00,2.6697166612168317,13.166666666666666,1.0,10,36.61343,-4.65933
2025-12-01,esahr,79,,,0.2061434298376494,1285.0206806750791,0.07362265351344621,0.2061434298376494,0.0,2025-12-01 17:37:52+00:00,2025-12-02 06:37:52+00:00,1.0627672463123288,13.166666666666666,1.0,10,36.61343,-4.65933
2025-12-04,esahr,79,,,6.078928661044641,1616.380205611662,2.171045950373086,6.078928661044641,0.14474108297636984,2025-12-04 17:37:51+00:00,2025-12-05 06:37:51+00:00,3.0903964151654923,13.166666666666666,1.0,10,36.61343,-4.65933
2025-12-05,esahr,80,,,4.405893625468016,1568.164725173095,1.5735334376671486,4.405893625468016,0.03290478222285417,2025-12-05 17:37:51+00:00,2025-12-06 06:47:51+00:00,2.086111380856912,13.333333333333332,1.0,10,36.61343,-4.65933
2025-12-06,esahr,80,,,0.4700500310957432,1527.9160907523365,0.16787501110562258,0.4700500310957432,0.0,2025-12-06 17:37:51+00:00,2025-12-07 06:47:51+00:00,0.22646270375124877,13.333333333333332,1.0,10,36.61343,-4.65933
2025-12-07,esahr,80,,,0.3666989570111036,1350.484935801696,0.1309639132182513,0.3666989570111036,0.023460076160429295,2025-12-07 17:37:51+00:00,2025-12-08 06:47:51+00:00,0.31153130186455585,13.333333333333332,1.0,10,36.61343,-4.65933
2025-12-08,esahr,80,,,0.11984880410134793,1199.9999934917998,0.04280314432190997,0.11984880410134793,0.0,2025-12-08 17:37:51+00:00,2025-12-09 06:47:51+00:00,0.20800573016916002,13.333333333333332,1.0,10,36.61343,-4.65933
2025-12-09,esahr,80,,,0.03136980831623078,1199.999962702993,0.011203502970082421,0.03136980831623078,0.0,2025-12-09 17:37:51+00:00,2025-12-10 06:47:51+00:00,0.5015908360481263,13.333333333333332,1.0,10,36.61343,-4.65933
2025-12-10,esahr,80,,,3.51632280766964,1605.704132178916,1.2558295741677283,3.51632280766964,0.0,2025-12-10 17:37:51+00:00,2025-12-11 06:47:51+00:00,0.7848806188787733,13.333333333333332,1.0,10,36.61343,-4.65933
2025-12-11,esahr,80,,,5.4159117832779895,1675.8200115936013,1.9342542083135672,5.4159117832779895,0.12599564514285347,2025-12-11 17:37:51+00:00,2025-12-12 06:47:51+00:00,1.8327196412852833,13.333333333333332,1.0,10,36.61343,-4.65933
2025-12-12,esahr,80,,,8.009725904464721,1521.0962154989304,2.8606163944516863,8.009725904464721,0.4672066261970087,2025-12-12 17:37:51+00:00,2025-12-13 06:47:51+00:00,2.564705993788583,13.333333333333332,1.0,10,36.61343,-4.65933
2025-12-13,esahr,80,,,6.346414457559586,1672.4048833995585,2.266576591985566,6.346414457559586,0.09110039953716294,2025-12-13 17:37:51+00:00,2025-12-14 06:47:52+00:00,3.744937663078308,13.333333333333332,0.9999791671006854,10,36.61343,-4.65933
2025-12-14,esahr,78,,,4.1777813566036714,1574.0426892556,1.492064770215597,4.1777813566036714,0.054054663713460675,2025-12-14 17:37:51+00:00,2025-12-15 06:47:51+00:00,2.8256376640285765,13.0,0.9750000000000001,10,36.61343,-4.65933
2025-12-15,esahr,70,,,5.688830117498125,1584.5982852031784,2.0317250419636164,5.688830117498125,0.019820740799080146,2025-12-15 18:07:51+00:00,2025-12-16 06:47:51+00:00,1.5698316415150961,11.666666666666666,0.9090909090909092,10,36.61343,-4.65933
2025-12-19,esahr,73,,,5.184593153326479,1607.5095804157856,1.851640411902314,5.184593153326479,0.005799454026374565,2025-12-19 17:37:51+00:00,2025-12-20 06:47:51+00:00,2.3635652726823158,12.166666666666666,0.9125000000000001,10,36.61343,-4.65933
2025-12-20,esahr,81,,,9.62942541970147,1660.366824890426,3.43908050703624,9.62942541970147,0.027621075891784953,2025-12-20 17:37:51+00:00,2025-12-21 06:57:51+00:00,3.5958732726275056,13.5,1.0,10,36.61343,-4.65933
2025-12-21,esahr,81,,,4.185959567994248,1561.7106007366067,1.4949855599979454,4.185959567994248,0.0,2025-12-21 17:37:51+00:00,2025-12-22 06:57:51+00:00,1.0031382215023041,13.5,1.0,10,36.61343,-4.65933
2025-12-22,esahr,81,,,4.945284171751989,1566.8644563272576,1.7661729184828527,4.945284171751989,0.010604825878111769,2025-12-22 17:37:50+00:00,2025-12-23 06:57:52+00:00,1.9574653774760555,13.5,0.9999588494300646,10,36.61343,-4.65933
2025-12-23,esahr,81,,,4.102440369276353,1628.7510268132437,1.4651572747415547,4.102440369276353,0.008982459920157556,2025-12-23 17:37:51+00:00,2025-12-24 06:57:52+00:00,0.6549332288715651,13.5,0.9999794242916813,10,36.61343,-4.65933
2025-12-24,esahr,81,,,1.417394448504036,1506.3249353125009,0.5062123030371556,1.417394448504036,0.0,2025-12-24 17:37:51+00:00,2025-12-25 06:57:51+00:00,1.327543053286416,13.5,1.0,10,36.61343,-4.65933
2025-12-25,esahr,81,,,4.941738754290122,1616.8461966347975,1.7649066979607577,4.941738754290122,0.0,2025-12-25 17:37:52+00:00,2025-12-26 06:57:52+00:00,1.590846357686179,13.5,1.0,10,36.61343,-4.65933
2025-12-26,esahr,80,,,3.42601298250258,1560.6287050878566,1.223576065179493,3.42601298250258,0.0,2025-12-26 17:47:51+00:00,2025-12-27 06:57:51+00:00,2.3497625388417926,13.333333333333332,1.0,10,36.61343,-4.65933
2025-12-27,esahr,15,,,6.757271327972413,1803.5655360072399,2.413311188561576,6.757271327972413,0.0,2025-12-27 17:47:51+00:00,2025-12-27 20:27:51+00:00,2.1091997131468756,2.5,0.8823529411764707,10,36.61343,-4.65933
2025-12-29,esahr,80,,,2.224982153773308,1603.097766644057,0.7946364834904671,2.224982153773308,0.0,2025-12-29 17:47:51+00:00,2025-12-30 06:57:51+00:00,0.5633903305019651,13.333333333333332,1.0,10,36.61343,-4.65933
2025-12-30,esahr,80,,,0.5325186425447465,1459.020001882075,0.19018522948026656,0.5325186425447465,0.0,2025-12-30 17:47:51+00:00,2025-12-31 06:57:51+00:00,0.38040003955364227,13.333333333333332,1.0,10,36.61343,-4.65933
2025-12-31,esahr,80,,,4.135078986883164,1823.4354477610689,1.476813923886844,4.135078986883164,0.09005934317470095,2025-12-31 17:47:51+00:00,2026-01-01 06:57:51+00:00,1.429202151255948,13.333333333333332,1.0,10,36.61343,-4.65933
2026-01-01,esahr,80,,,2.9070310203731062,1646.882779205603,1.0382253644189663,2.9070310203731062,0.0,2026-01-01 17:47:52+00:00,2026-01-02 06:57:51+00:00,0.7316647793565478,13.333333333333332,1.0,10,36.61343,-4.65933
2026-01-02,esahr,80,,,2.454276746734977,1648.020667420637,0.876527409548206,2.454276746734977,0.03660490016694597,2026-01-02 17:47:51+00:00,2026-01-03 06:57:52+00:00,0.5879201122692653,13.333333333333332,0.9999791671006854,10,36.61343,-4.65933
2026-01-03,esahr,80,,,6.159095357656479,1629.0347576303889,2.1996769134487426,6.159095357656479,0.035941033309087954,2026-01-03 17:47:50+00:00,2026-01-04 06:57:51+00:00,0.4968483897617885,13.333333333333332,0.9999791671006854,10,36.61343,-4.65933
2026-01-04,esahr,80,,,1.6914000591635705,1636.4775437611288,0.6040714497012751,1.6914000591635705,0.0,2026-01-04 17:47:51+00:00,2026-01-05 06:57:51+00:00,0.5379776044507069,13.333333333333332,1.0,10,36.61343,-4.65933
2026-01-05,esahr,80,,,5.690802482366562,1623.2835849184228,2.0324294579880577,5.690802482366562,0.03829996082744241,2026-01-05 17:47:51+00:00,2026-01-06 06:57:51+00:00,2.2080045522962295,13.333333333333332,1.0,10,36.61343,-4.65933
2026-01-06,esahr,80,,,1.3645048920810223,1350.7793447544325,0.48732317574322226,1.3645048920810223,0.0,2026-01-06 17:47:51+00:00,2026-01-07 06:57:50+00:00,1.7186883464246905,13.333333333333332,1.0,10,36.61343,-4.65933
2026-01-07,esahr,80,,,5.495268854051829,1589.765064152541,1.9625960193042247,5.495268854051829,0.13908374429367235,2026-01-07 17:47:51+00:00,2026-01-08 06:57:51+00:00,2.417867111224754,13.333333333333332,1.0,10,36.61343,-4.65933
2026-01-08,esahr,79,,,5.014331293407875,1617.9420427988211,1.7908326047885268,5.014331293407875,0.0,2026-01-08 17:57:51+00:00,2026-01-09 06:57:51+00:00,2.424289726858656,13.166666666666666,1.0,10,36.61343,-4.65933
2026-01-09,esahr,59,,,3.3055473048808213,1567.4407953221946,1.1805526088860074,3.3055473048808213,0.02915264739972229,2026-01-09 21:17:51+00:00,2026-01-10 06:57:51+00:00,1.1483968274193521,9.833333333333332,1.0,10,36.61343,-4.65933
2026-01-10,esahr,79,,,1.6938250733327265,1629.3105298898904,0.6049375261902594,1.6938250733327265,0.019454247711541355,2026-01-10 17:57:51+00:00,2026-01-11 06:57:51+00:00,0.3309881905881631,13.166666666666666,1.0,10,36.61343,-4.65933
2026-01-11,esahr,79,,,0.032869590083255046,1199.9999671890953,0.01173913931544823,0.032869590083255046,0.0,2026-01-11 17:57:51+00:00,2026-01-12 06:57:50+00:00,0.3853613248392313,13.166666666666666,1.0,10,36.61343,-4.65933
2026-01-12,esahr,79,,,0.12086514641967001,1199.9999943445705,0.04316612372131071,0.12086514641967001,0.0,2026-01-12 17:57:51+00:00,2026-01-13 06:57:51+00:00,0.05338212897797592,13.166666666666666,1.0,10,36.61343,-4.65933
2026-01-13,esahr,79,,,4.741941156040264,1623.935863326061,1.6935504128715229,4.741941156040264,0.020261733053613985,2026-01-13 17:57:51+00:00,2026-01-14 06:57:51+00:00,1.1272340335382154,13.166666666666666,1.0,10,36.61343,-4.65933
2026-01-14,esahr,79,,,0.6121444539178775,1360.990979834622,0.21862301925638486,0.6121444539178775,0.0,2026-01-14 17:57:51+00:00,2026-01-15 06:57:50+00:00,1.5717866462485797,13.166666666666666,1.0,10,36.61343,-4.65933
2026-01-15,esahr,79,,,6.05142522160011,1651.265899428258,2.1612232934286104,6.05142522160011,0.1341341169811862,2026-01-15 17:57:51+00:00,2026-01-16 06:57:51+00:00,3.0294123450581094,13.166666666666666,1.0,10,36.61343,-4.65933
2026-01-16,esahr,79,,,3.89496875654293,1640.2322756053493,1.3910602701939037,3.89496875654293,0.0,2026-01-16 17:57:51+00:00,2026-01-17 06:57:51+00:00,2.1335768683271095,13.166666666666666,1.0,10,36.61343,-4.65933
2026-01-19,esahr,78,,,3.438676371024205,1569.2488732655167,1.228098703937216,3.438676371024205,0.0,2026-01-19 18:07:51+00:00,2026-01-20 06:57:51+00:00,1.3381442114349322,13.0,1.0,10,36.61343,-4.65933
2026-01-20,esahr,78,,,3.9543671959485764,1564.6257226074765,1.412273998553063,3.9543671959485764,0.0014022321032771715,2026-01-20 18:07:51+00:00,2026-01-21 06:57:51+00:00,1.7439073813411425,13.0,1.0,10,36.61343,-4.65933
2026-01-21,esahr,77,,,17.440166170566116,1657.6025221938608,6.228630775202183,17.440166170566116,0.18739752852331537,2026-01-21 18:07:51+00:00,2026-01-22 06:57:51+00:00,3.2009385444436753,12.833333333333332,0.9871794871794871,10,36.61343,-4.65933
2026-01-22,esahr,77,,,6.971390350143632,1589.531998830363,2.4897822679084394,6.971390350143632,0.13434793714090632,2026-01-22 18:07:51+00:00,2026-01-23 06:57:52+00:00,2.779416428181039,12.833333333333332,0.9871583940514091,10,36.61343,-4.65933
2026-01-23,esahr,78,,,9.67935820726248,1507.2138642897892,3.4569136454508853,9.67935820726248,0.38289458988150593,2026-01-23 18:07:51+00:00,2026-01-24 06:57:50+00:00,2.6807984008893864,13.0,1.0,10,36.61343,-4.65933
2026-01-24,esahr,77,,,7.583860649071731,1591.7392556673917,2.7085216603827607,7.583860649071731,0.0803668877713386,2026-01-24 18:07:51+00:00,2026-01-25 06:47:51+00:00,2.6362696567956974,12.833333333333332,1.0,10,36.61343,-4.65933
2026-01-25,esahr,77,,,13.441590061435452,1602.0243907013034,4.80056787908409,13.441590061435452,0.3156650039184474,2026-01-25 18:07:50+00:00,2026-01-26 06:47:51+00:00,3.984498445949857,12.833333333333332,0.9999783554468518,10,36.61343,-4.65933
2026-01-26,esahr,77,,,35.06596493535228,1692.225995379018,12.523558905482956,35.06596493535228,0.2989649703144158,2026-01-26 18:07:51+00:00,2026-01-27 06:47:50+00:00,5.36144154870903,12.833333333333332,1.0,10,36.61343,-4.65933
2026-01-27,esahr,77,,,14.19105781270312,1588.0860103259888,5.068234933108257,14.19105781270312,0.09006061089867068,2026-01-27 18:07:51+00:00,2026-01-28 06:47:51+00:00,8.331850765466022,12.833333333333332,1.0,10,36.61343,-4.65933
2026-01-28,esahr,77,12372.910115384399,7373.210855466442,30.96428232626482,1522.5579814893306,11.058672259380291,30.96428232626482,0.6461931720209257,2026-01-28 18:07:50+00:00,2026-01-29 06:47:51+00:00,11.067179941626453,12.833333333333332,0.9999783554468518,10,36.61343,-4.65933
2026-01-29,esahr,76,,,12.849504425023731,1629.5695630224839,4.589108723222761,12.849504425023731,0.2775194306224351,2026-01-29 18:17:52+00:00,2026-01-30 06:47:51+00:00,6.1926917335974485,12.666666666666666,1.0,10,36.61343,-4.65933
2026-01-30,esahr,76,,,12.981854704179263,1630.8436451098578,4.636376680064022,12.981854704179263,0.3222435393242083,2026-01-30 18:17:51+00:00,2026-01-31 06:47:51+00:00,2.958339396607939,12.666666666666666,1.0,10,36.61343,-4.65933
2026-01-31,esahr,76,,,4.746471735050804,1620.9300777076703,1.6951684768038586,4.746471735050804,0.005680081592197187,2026-01-31 18:17:51+00:00,2026-02-01 06:47:51+00:00,1.9632843593498328,12.666666666666666,1.0,10,36.61343,-4.65933
2026-02-01,esahr,76,,,6.101370529595175,1596.571823102884,2.1790609034268478,6.101370529595175,0.1698361607399036,2026-02-01 18:17:52+00:00,2026-02-02 06:47:51+00:00,1.761681175135538,12.666666666666666,1.0,10,36.61343,-4.65933
2026-02-02,esahr,76,,,4.5119963332226405,1540.2166095320224,1.6114272618652286,4.5119963332226405,0.058209225586500185,2026-02-02 18:17:51+00:00,2026-02-03 06:47:51+00:00,3.8185545175659414,12.666666666666666,1.0,10,36.61343,-4.65933
2026-02-03,esahr,76,,,1.037135939221633,1480.193288359309,0.3704056925791547,1.037135939221633,0.2385756656056632,2026-02-03 18:17:51+00:00,2026-02-04 06:47:51+00:00,1.5665125538702727,12.666666666666666,1.0,10,36.61343,-4.65933
2026-02-10,esahr,46,,,8.391057281908783,1577.3054195229363,2.996806172110279,8.391057281908783,0.2845332294187746,2026-02-10 23:07:51+00:00,2026-02-11 06:37:50+00:00,4.57487487237646,7.666666666666666,1.0,10,36.61343,-4.65933
2026-02-12,esahr,1,,,30.66113967895508,1466.1548601529967,10.950407028198242,30.66113967895508,0.0,2026-02-13 06:07:51+00:00,2026-02-13 06:07:51+00:00,41.56099836485727,0.16666666666666666,1.0,10,36.61343,-4.65933
2026-02-13,esahr,74,,,10.847018522185248,1514.4421105683878,3.873935186494732,10.847018522185248,0.3512965324992522,2026-02-13 18:27:51+00:00,2026-02-14 06:37:51+00:00,13.115959126080197,12.333333333333332,1.0,10,36.61343,-4.65933
2026-02-14,esahr,74,,,3.341648978800387,1557.1144087243729,1.193446063857281,3.341648978800387,0.0,2026-02-14 18:27:51+00:00,2026-02-15 06:37:50+00:00,1.786698872232672,12.333333333333332,1.0,10,36.61343,-4.65933
2026-02-15,esahr,74,,,5.5761693297205746,1628.4526022583366,1.9914890463287767,5.5761693297205746,0.06715025665226987,2026-02-15 18:27:50+00:00,2026-02-16 06:37:52+00:00,2.0315929564642787,12.333333333333332,0.9999549569839197,10,36.61343,-4.65933
2026-02-16,esahr,74,,,5.119602280049711,1640.8592814012993,1.8284293857320395,5.119602280049711,0.0,2026-02-16 18:27:51+00:00,2026-02-17 06:37:51+00:00,1.5598153331743674,12.333333333333332,1.0,10,36.61343,-4.65933
2026-02-17,esahr,73,,,3.177617699152803,1433.9125110953116,1.1348634639831439,3.177617699152803,0.037270734080873745,2026-02-17 18:27:51+00:00,2026-02-18 06:27:51+00:00,1.2038013343446947,12.166666666666666,1.0,10,36.61343,-4.65933
2026-02-18,esahr,72,,,7.169820345772639,1625.4529202491003,2.5606501234902277,7.169820345772639,0.18996709552224036,2026-02-18 18:37:51+00:00,2026-02-19 06:27:51+00:00,1.6995670196458035,12.0,1.0,10,36.61343,-4.65933
2026-02-19,esahr,72,,,0.7437946266598172,1435.9294178196487,0.2656409380927919,0.7437946266598172,0.16817797011053615,2026-02-19 18:37:51+00:00,2026-02-20 06:27:51+00:00,0.45863104891257483,12.0,1.0,10,36.61343,-4.65933
2026-02-20,esahr,72,,,1.9878288139899576,1586.6007125009946,0.7099388621392704,1.9878288139899576,0.005505670614657248,2026-02-20 18:37:51+00:00,2026-02-21 06:27:51+00:00,0.35089009411278227,12.0,1.0,10,36.61343,-4.65933
2026-02-21,esahr,72,,,0.20973175631629098,1396.7796524234116,0.07490419868438963,0.20973175631629098,0.0,2026-02-21 18:37:51+00:00,2026-02-22 06:27:51+00:00,0.6688200715751875,12.0,1.0,10,36.61343,-4.65933
2026-02-22,esahr,72,,,4.190474641157522,1616.3599839632477,1.496598086127686,4.190474641157522,0.020804255671324653,2026-02-22 18:37:51+00:00,2026-02-23 06:27:51+00:00,0.9124614604172252,12.0,1.0,10,36.61343,-4.65933
2026-02-23,esahr,72,,,2.9095419628752603,1459.1370165710862,1.039122129598307,2.9095419628752603,0.006617997039593415,2026-02-23 18:37:51+00:00,2026-02-24 06:27:51+00:00,1.2580944684999331,12.0,1.0,10,36.61343,-4.65933
2026-02-24,esahr,72,,,1.5394732453756863,1385.9644238726146,0.5498118733484594,1.5394732453756863,0.0,2026-02-24 18:37:51+00:00,2026-02-25 06:27:51+00:00,0.5008420705085709,12.0,1.0,10,36.61343,-4.65933
2026-02-25,esahr,71,,,0.2291025883714918,1310.3678780910122,0.08182235298981848,0.2291025883714918,0.0327518327894915,2026-02-25 18:37:50+00:00,2026-02-26 06:17:51+00:00,0.5954875167636645,11.833333333333332,0.9999765263726202,10,36.61343,-4.65933
2026-02-26,esahr,71,,,0.2009397349726986,1331.3262548816945,0.07176419106167807,0.2009397349726986,0.0,2026-02-26 18:37:51+00:00,2026-02-27 06:17:51+00:00,1.1237097000070702,11.833333333333332,1.0,10,36.61343,-4.65933
2026-02-27,esahr,71,,,0.12855142266817499,1240.3846428746906,0.045911222381491056,0.12855142266817499,0.031203251082114143,2026-02-27 18:37:51+00:00,2026-02-28 06:17:51+00:00,0.4552796235268792,11.833333333333332,1.0,10,36.61343,-4.65933
2026-02-28,esahr,70,,,1.6449110058375769,1715.8313335222044,0.5874682163705631,1.6449110058375769,0.11798062216833782,2026-02-28 18:47:51+00:00,2026-03-01 06:17:51+00:00,0.7415040432010938,11.666666666666666,1.0,10,36.61343,-4.65933
2026-03-01,esahr,70,,,5.509508647237506,1690.0484948516953,1.9676816597276805,5.509508647237506,0.059982962735026665,2026-03-01 18:47:51+00:00,2026-03-02 06:17:52+00:00,2.1758750495822747,11.666666666666666,0.9999761910430705,10,36.61343,-4.65933
2026-03-02,esahr,70,,,6.120083324568613,1628.8052001138972,2.18574404448879,6.120083324568613,0.02806413381385912,2026-03-02 18:47:51+00:00,2026-03-03 06:17:51+00:00,1.7190437821611282,11.666666666666666,1.0,10,36.61343,-4.65933
2026-03-03,esahr,70,,,5.814258636065892,1503.357423441488,2.076520941452104,5.814258636065892,0.3228784507888634,2026-03-03 18:47:51+00:00,2026-03-04 06:17:51+00:00,0.9092466407519881,11.666666666666666,1.0,10,36.61343,-4.65933
2026-03-04,esahr,69,,,4.616378753772681,1502.2957767532894,1.6487066977759572,4.616378753772681,0.13885219990241263,2026-03-04 18:47:51+00:00,2026-03-05 06:17:51+00:00,1.3393445196798293,11.5,0.9857142857142858,10,36.61343,-4.65933
2026-03-05,esahr,69,,,7.546843472771023,1604.67858145861,2.695301240275365,7.546843472771023,0.008496605409340352,2026-03-05 18:47:51+00:00,2026-03-06 06:07:51+00:00,2.7647735391344344,11.5,1.0,10,36.61343,-4.65933
2026-03-06,esahr,69,,,4.34143602848053,1616.9227206593434,1.5505128673144748,4.34143602848053,0.0,2026-03-06 18:47:51+00:00,2026-03-07 06:07:51+00:00,1.0457647711781959,11.5,1.0,10,36.61343,-4.65933
2026-03-07,esahr,69,,,6.232955626819445,1536.7482356717426,2.2260555810069445,6.232955626819445,0.10601521126204712,2026-03-07 18:47:51+00:00,2026-03-08 06:07:50+00:00,1.3722608320229177,11.5,1.0,10,36.61343,-4.65933
2026-03-08,esahr,69,,,9.878432038210441,1559.6237059068624,3.5280114422180144,9.878432038210441,0.28261296039938855,2026-03-08 18:47:51+00:00,2026-03-09 06:07:51+00:00,0.5321083454114213,11.5,1.0,10,36.61343,-4.65933
2026-03-09,esahr,69,,,4.732818123223125,1593.6692592579618,1.690292186865402,4.732818123223125,0.18133942938524855,2026-03-09 18:47:51+00:00,2026-03-10 06:07:51+00:00,1.176226437700038,11.5,1.0,10,36.61343,-4.65933
2026-03-10,esahr,69,,,0.3245035924773286,1463.3699473816334,0.11589414017047449,0.3245035924773286,0.0,2026-03-10 18:47:51+00:00,2026-03-11 06:07:51+00:00,0.7079511120611308,11.5,1.0,10,36.61343,-4.65933
2026-03-11,esahr,68,,,1.2898875105030396,1333.8814868940392,0.4606741108939427,1.2898875105030396,0.0,2026-03-11 18:57:52+00:00,2026-03-12 06:07:50+00:00,0.24028726564055042,11.333333333333332,1.0,10,36.61343,-4.65933
2026-03-12,esahr,67,,,4.46749712228775,1649.3993125153029,1.5955346865313396,4.46749712228775,0.026651203879179273,2026-03-12 18:57:51+00:00,2026-03-13 05:57:51+00:00,0.36213879830889645,11.166666666666666,1.0,10,36.61343,-4.65933
2026-03-13,esahr,65,2403.4706821640434,650.1945906482035,13.472737079767082,1604.9389449155283,4.811691814202529,13.472737079767082,0.5162673953692409,2026-03-13 19:17:43+00:00,2026-03-14 05:57:51+00:00,1.8002413435951694,10.833333333333332,0.9997949138638228,10,36.61343,-4.65933
2026-03-14,esahr,31,1246.239732171925,510.4476074237553,10.212600437287362,1630.5001189399238,3.6473572990312,10.212600437287362,0.6628945735999657,2026-03-14 18:57:51+00:00,2026-03-14 23:57:51+00:00,2.8356361758952238,5.166666666666666,0.9999999999999998,10,36.61343,-4.65933
2026-03-15,esahr,1,,,1.2831636905670167,1336.5212414631303,0.45827274663107737,1.2831636905670167,0.0,2026-03-16 00:07:51+00:00,2026-03-16 00:07:51+00:00,1.077916407437058,0.16666666666666666,1.0,10,36.61343,-4.65933
2026-03-16,esahr,67,,,4.50043010960764,1589.1963781096729,1.607296467717014,4.50043010960764,0.03126589467487219,2026-03-16 18:57:51+00:00,2026-03-17 05:57:50+00:00,1.2086432119647224,11.166666666666666,1.0,10,36.61343,-4.65933
2026-03-17,esahr,67,,,2.7994216262404596,1676.940999258186,0.9997934379430213,2.7994216262404596,0.10525753859230405,2026-03-17 18:57:51+00:00,2026-03-18 05:57:51+00:00,1.4515394894849687,11.166666666666666,1.0,10,36.61343,-4.65933
2026-03-18,esahr,67,,,5.012639846374739,1654.8166817776778,1.7902285165624068,5.012639846374739,0.1056430591579756,2026-03-18 18:57:51+00:00,2026-03-19 05:57:51+00:00,1.7801394837541986,11.166666666666666,1.0,10,36.61343,-4.65933
2026-03-19,esahr,66,,,9.757290616179958,1621.0472549520323,3.4847466486356993,9.757290616179958,0.0823020388750933,2026-03-19 18:57:51+00:00,2026-03-20 05:47:51+00:00,2.122660185609545,11.0,1.0,10,36.61343,-4.65933
2026-03-20,esahr,66,,,3.999770572691253,1699.8196368915167,1.428489490246876,3.999770572691253,0.27165844774171916,2026-03-20 18:57:51+00:00,2026-03-21 05:47:51+00:00,1.5707980755603674,11.0,1.0,10,36.61343,-4.65933
2026-03-21,esahr,66,,,4.041108783808622,1661.8285108477007,1.4432531370745076,4.041108783808622,0.0,2026-03-21 18:57:51+00:00,2026-03-22 05:47:51+00:00,1.113135432655161,11.0,1.0,10,36.61343,-4.65933
2026-03-22,esahr,65,,,8.648223221852229,1580.8049476840076,3.0886511506615104,8.648223221852229,0.3373298988871906,2026-03-22 19:07:52+00:00,2026-03-23 05:47:51+00:00,0.6221333630303585,10.833333333333332,1.0,10,36.61343,-4.65933
2026-03-23,esahr,65,,,6.614996453065139,1617.3479939444203,2.3624987332375498,6.614996453065139,0.23442951573937887,2026-03-23 19:07:51+00:00,2026-03-24 05:47:51+00:00,1.0362984713460843,10.833333333333332,1.0,10,36.61343,-4.65933
2026-03-24,esahr,65,,,4.674407121218168,1610.9712977715476,1.669431114720774,4.674407121218168,0.09827637245568525,2026-03-24 19:07:51+00:00,2026-03-25 05:47:51+00:00,1.6022364334511094,10.833333333333332,1.0,10,36.61343,-4.65933
2026-03-25,esahr,64,,,7.939559481292964,1604.1246481317382,2.83555695760463,7.939559481292964,0.2933203654107005,2026-03-25 19:07:51+00:00,2026-03-26 05:37:51+00:00,0.950985706987835,10.666666666666666,1.0,10,36.61343,-4.65933
2026-03-26,esahr,64,,,4.571731591224671,1703.9767274233134,1.6327612825802393,4.571731591224671,0.27476978686719256,2026-03-26 19:07:51+00:00,2026-03-27 05:37:51+00:00,1.2221545720659592,10.666666666666666,1.0,10,36.61343,-4.65933
2026-03-27,esahr,64,,,3.6384562477469444,1598.3942990670052,1.299448659909623,3.6384562477469444,0.025635706135643616,2026-03-27 19:07:51+00:00,2026-03-28 05:37:51+00:00,0.6465987250709734,10.666666666666666,1.0,10,36.61343,-4.65933
2026-03-28,esahr,64,,,8.974441314302386,1589.1068421438993,3.2051576122508516,8.974441314302386,0.1982254600476672,2026-03-28 19:07:51+00:00,2026-03-29 05:37:51+00:00,1.1994008763748056,10.666666666666666,1.0,10,36.61343,-4.65933
2026-03-29,esahr,64,,,4.6128700304776435,1650.6270797204352,1.647453582313444,4.6128700304776435,0.0752107794681979,2026-03-29 19:07:51+00:00,2026-03-30 05:37:51+00:00,1.2278312158559552,10.666666666666666,1.0,10,36.61343,-4.65933
2026-03-30,esahr,64,,,1.9586653329432013,1301.4922806938218,0.6995233331940004,1.9586653329432013,0.16885643044890553,2026-03-30 19:07:51+00:00,2026-03-31 05:37:51+00:00,0.3512195647388947,10.666666666666666,1.0,10,36.61343,-4.65933
2026-03-31,esahr,64,,,8.993044540286064,1587.187848139763,3.211801621530737,8.993044540286064,0.1937062087651116,2026-03-31 19:07:51+00:00,2026-04-01 05:37:51+00:00,1.3319970200918303,10.666666666666666,1.0,10,36.61343,-4.65933
2026-04-01,esahr,59,,,11.76260345103377,1609.4862561449434,4.200929803940633,11.76260345103377,0.2591929647765456,2026-04-01 19:47:50+00:00,2026-04-02 05:27:51+00:00,1.094496078249337,9.833333333333332,0.9999717522103895,10,36.61343,-4.65933
2026-04-02,esahr,63,,,11.256173863486639,1618.4586647238875,4.020062094102371,11.256173863486639,0.30515227329055605,2026-04-02 19:07:52+00:00,2026-04-03 05:27:51+00:00,0.5322966104832249,10.5,1.0,10,36.61343,-4.65933
2026-04-03,esahr,62,,,8.349288610489138,1636.7306469558482,2.9818887894604065,8.349288610489138,0.28881009254969814,2026-04-03 19:17:51+00:00,2026-04-04 05:27:51+00:00,1.2845317356440484,10.333333333333332,1.0,10,36.61343,-4.65933
2026-04-04,esahr,62,,,3.6092990321497767,1725.0137748648635,1.2890353686249203,3.6092990321497767,0.10729985212091034,2026-04-04 19:17:51+00:00,2026-04-05 05:27:51+00:00,1.9669170581564612,10.333333333333332,1.0,10,36.61343,-4.65933
2026-04-05,esahr,62,,,0.664720901366203,1778.7945943712903,0.2374003219165011,0.664720901366203,0.42011566415077517,2026-04-05 19:17:51+00:00,2026-04-06 05:27:51+00:00,1.1814090248273343,10.333333333333332,1.0,10,36.61343,-4.65933
2026-04-06,esahr,62,980.4788056461567,367.9549324488929,5.024657726287842,1673.9012681016263,1.794520616531372,5.024657726287842,0.7734299930491656,2026-04-06 19:17:51+00:00,2026-04-07 05:27:51+00:00,1.1379035122540533,10.333333333333332,1.0,10,36.61343,-4.65933
2026-04-07,esahr,62,,,1.4181542588818459,1670.7828719457289,0.5064836638863734,1.4181542588818459,0.0210307325478361,2026-04-07 19:17:51+00:00,2026-04-08 05:27:51+00:00,0.575761504075965,10.333333333333332,1.0,10,36.61343,-4.65933
2026-04-08,esahr,61,,,2.1072413686846123,1622.4441361976626,0.7525862031016473,2.1072413686846123,0.19374729086850584,2026-04-08 19:17:51+00:00,2026-04-09 05:17:51+00:00,0.8534874736183365,10.166666666666666,1.0,10,36.61343,-4.65933
2026-04-09,esahr,61,,,4.919574578081975,1614.260467184667,1.7569909207435626,4.919574578081975,0.4008281913032361,2026-04-09 19:17:51+00:00,2026-04-10 05:17:51+00:00,2.829999207850673,10.166666666666666,1.0,10,36.61343,-4.65933
2026-04-10,esahr,61,,,10.638058425559372,1617.853164661799,3.7993065805569186,10.638058425559372,0.48881186240897373,2026-04-10 19:17:51+00:00,2026-04-11 05:17:51+00:00,3.1228139270959003,10.166666666666666,1.0,10,36.61343,-4.65933
2026-04-11,esahr,61,,,7.439234079298426,1618.7921562720944,2.656869314035152,7.439234079298426,0.2955745866935934,2026-04-11 19:17:51+00:00,2026-04-12 05:17:51+00:00,1.838176261491219,10.166666666666666,1.0,10,36.61343,-4.65933
2026-04-12,esahr,61,,,6.773878336734459,1579.761114076392,2.4192422631194495,6.773878336734459,0.153465811708488,2026-04-12 19:17:51+00:00,2026-04-13 05:17:51+00:00,2.0056735994864483,10.166666666666666,1.0,10,36.61343,-4.65933
2026-04-13,esahr,61,,,5.537701036891,1535.0358009890028,1.977750370318214,5.537701036891,0.07250925152426084,2026-04-13 19:17:51+00:00,2026-04-14 05:17:51+00:00,0.927432826467203,10.166666666666666,1.0,10,36.61343,-4.65933
2026-04-14,esahr,60,2008.5666612369735,418.00164115832075,11.534431252479553,1618.5548295349286,4.119439733028412,11.534431252479553,0.6421519652824409,2026-04-14 19:27:51+00:00,2026-04-15 05:17:51+00:00,1.725215412361521,10.0,1.0,10,36.61343,-4.65933
2026-04-15,esahr,59,1100.7895021741174,309.7678138252931,8.036089080067004,1643.6019350896884,2.8700318143096446,8.036089080067004,0.6335272834887203,2026-04-15 19:27:51+00:00,2026-04-16 05:07:51+00:00,2.228505703644973,9.833333333333332,1.0,10,36.61343,-4.65933
2026-04-16,esahr,59,,,10.575149229017354,1734.085523304568,3.776839010363341,10.575149229017354,0.26101447355064283,2026-04-16 19:27:51+00:00,2026-04-17 05:07:51+00:00,1.8098659282094576,9.833333333333332,1.0,10,36.61343,-4.65933
2026-04-17,esahr,59,,,6.905720138549805,1808.189166644816,2.4663286209106445,6.905720138549805,0.4847827345820418,2026-04-17 19:27:51+00:00,2026-04-18 05:07:52+00:00,1.920995646493542,9.833333333333332,0.9999717522103895,10,36.61343,-4.65933
2026-04-18,esahr,59,446.9784600003802,396.5939333750768,1.9656721244424078,1854.895847247175,0.7020257587294313,1.9656721244424078,0.7375568878157471,2026-04-18 19:27:51+00:00,2026-04-19 05:07:51+00:00,1.6667049260055482,9.833333333333332,1.0,10,36.61343,-4.65933
2026-04-19,esahr,59,,,0.5307350288003178,1999.9999968064758,0.18954822457154208,0.5307350288003178,0.0,2026-04-19 19:27:51+00:00,2026-04-20 05:07:51+00:00,0.89501167183191,9.833333333333332,1.0,10,36.61343,-4.65933
2026-04-20,esahr,59,1497.1888420973767,537.5675085465202,9.193917508852683,1633.863664889651,3.283541967447387,9.193917508852683,0.5938816092146936,2026-04-20 19:27:52+00:00,2026-04-21 05:07:51+00:00,1.6850372639187627,9.833333333333332,1.0,10,36.61343,-4.65933
2026-04-21,esahr,59,,,0.3337092351105254,1670.8950664805438,0.11918186968233048,0.3337092351105254,0.0,2026-04-21 19:27:51+00:00,2026-04-22 05:07:52+00:00,0.9742989802847104,9.833333333333332,0.9999717522103895,10,36.61343,-4.65933
2026-04-22,esahr,58,,,2.0130564196356415,1675.0808623954636,0.7189487212984433,2.0130564196356415,0.1486954266398322,2026-04-22 19:27:51+00:00,2026-04-23 04:57:51+00:00,1.4182153133131703,9.666666666666666,1.0,10,36.61343,-4.65933
2026-04-23,esahr,58,571.8979151489312,198.87204948311245,2.682984994197714,1609.090247878818,0.9582089264991835,2.682984994197714,0.7793800749769934,2026-04-23 19:27:51+00:00,2026-04-24 04:57:51+00:00,2.051762822031275,9.666666666666666,1.0,10,36.61343,-4.65933
2026-04-24,esahr,57,,,1.795371852004737,1582.2474267687828,0.6412042328588348,1.795371852004737,0.3298625354427112,2026-04-24 19:37:51+00:00,2026-04-25 04:57:51+00:00,1.4131791863202128,9.5,1.0,10,36.61343,-4.65933
2026-04-25,esahr,57,,,7.332377002950301,1697.0279061464066,2.61870607248225,7.332377002950301,0.1411513114793955,2026-04-25 19:37:51+00:00,2026-04-26 04:57:51+00:00,1.9536219961854944,9.5,1.0,10,36.61343,-4.65933
2026-04-26,esahr,57,,,3.586449639839039,1629.8443483028984,1.2808748713710851,3.586449639839039,0.4009902652972583,2026-04-26 19:37:51+00:00,2026-04-27 04:57:51+00:00,2.541605331193211,9.5,1.0,10,36.61343,-4.65933
2026-04-27,esahr,57,1721.2447905367612,787.060768705288,4.462363069099293,1779.4492065173356,1.59370109610689,4.462363069099293,0.7136828631905308,2026-04-27 19:37:51+00:00,2026-04-28 04:57:51+00:00,1.6189495145706905,9.5,1.0,10,36.61343,-4.65933
2026-04-28,esahr,57,,,5.729332467129357,1757.2757205475457,2.046190166831913,5.729332467129357,0.34224627519677314,2026-04-28 19:37:51+00:00,2026-04-29 04:57:52+00:00,2.402219896316528,9.5,0.9999707610888572,10,36.61343,-4.65933
2026-04-29,esahr,57,,,2.068958018118875,1738.1219629020104,0.7389135778995982,2.068958018118875,0.38051280119800257,2026-04-29 19:37:51+00:00,2026-04-30 04:57:51+00:00,2.5130807406561715,9.5,1.0,10,36.61343,-4.65933
2026-04-30,esahr,56,,,2.132648832457406,1936.3586258554014,0.7616602973062164,2.132648832457406,0.06872595879406387,2026-04-30 19:37:51+00:00,2026-05-01 04:47:51+00:00,1.2191679019019719,9.333333333333332,1.0,10,36.61343,-4.65933
2026-05-01,esahr,56,841.8418156652624,265.36263125605944,2.719816439492362,1579.0292738180653,0.971363014104415,2.719816439492362,0.6869953909684309,2026-05-01 19:37:52+00:00,2026-05-02 04:47:51+00:00,2.081177909714835,9.333333333333332,1.0,10,36.61343,-4.65933
2026-05-02,esahr,56,,,0.6322144627571106,1926.7158058517261,0.22579087955611093,0.6322144627571106,0.07999789055509725,2026-05-02 19:37:51+00:00,2026-05-03 04:47:51+00:00,1.6381384468078612,9.333333333333332,1.0,10,36.61343,-4.65933
2026-05-03,esahr,56,1692.513651365054,430.782439595421,8.309390434197017,1632.1610231040036,2.967639440784649,8.309390434197017,0.8398421605264358,2026-05-03 19:37:51+00:00,2026-05-04 04:47:51+00:00,1.3943850673679121,9.333333333333332,1.0,10,36.61343,-4.65933
2026-05-04,esahr,56,,,6.746174820831844,1581.4954623752349,2.4093481502970873,6.746174820831844,0.19079007954620894,2026-05-04 19:37:51+00:00,2026-05-05 04:47:51+00:00,1.5886874099199038,9.333333333333332,1.0,10,36.61343,-4.65933
2026-05-05,esahr,55,,,6.6098764376206836,1581.4674863121795,2.3606701562931014,6.6098764376206836,0.22488397939085095,2026-05-05 19:47:51+00:00,2026-05-06 04:47:51+00:00,2.0065551783357347,9.166666666666666,1.0,10,36.61343,-4.65933
2026-05-06,esahr,55,,,5.15529971036044,1726.960169997352,1.8411784679858716,5.15529971036044,0.2880948586337543,2026-05-06 19:47:51+00:00,2026-05-07 04:47:51+00:00,1.6007354549671475,9.166666666666666,1.0,10,36.61343,-4.65933
2026-05-07,esahr,55,,,4.246448612213134,1724.8078512802995,1.5165887900761195,4.246448612213134,0.46315842225594217,2026-05-07 19:47:51+00:00,2026-05-08 04:47:51+00:00,4.52370243301069,9.166666666666666,1.0,10,36.61343,-4.65933
2026-05-08,esahr,55,,,3.5864102814414287,1904.6265622954502,1.28086081480051,3.5864102814414287,0.05787720531179429,2026-05-08 19:47:51+00:00,2026-05-09 04:47:51+00:00,4.024680910702038,9.166666666666666,1.0,10,36.61343,-4.65933
2026-05-09,esahr,54,,,4.816150893105402,1696.5482731457266,1.720053890394786,4.816150893105402,0.19381247344301133,2026-05-09 19:47:51+00:00,2026-05-10 04:37:51+00:00,4.824598655440754,9.0,1.0,10,36.61343,-4.65933
2026-05-10,esahr,54,,,8.356461917029488,1582.932427681828,2.984450684653388,8.356461917029488,0.3890060778662374,2026-05-10 19:47:51+00:00,2026-05-11 04:37:51+00:00,3.4742236402791153,9.0,1.0,10,36.61343,-4.65933
2026-05-11,esahr,54,,,10.433425325817533,1670.9100825750115,3.726223330649119,10.433425325817533,0.39186227855311484,2026-05-11 19:47:51+00:00,2026-05-12 04:37:51+00:00,2.0247888003297994,9.0,1.0,10,36.61343,-4.65933
2026-05-12,esahr,54,422.60402472590226,126.33006909022191,8.047668241571497,1616.308651172596,2.8741672291326776,8.047668241571497,0.5220376060466918,2026-05-12 19:47:51+00:00,2026-05-13 04:37:51+00:00,2.03980585829965,9.0,1.0,10,36.61343,-4.65933
2026-05-21,esahr,52,,,1.6567431614949155,1770.7184016863825,0.591693986248184,1.6567431614949155,0.32538618491353877,2026-05-21 19:57:51+00:00,2026-05-22 04:27:52+00:00,0.932762960425946,8.666666666666666,0.9999679497452005,10,36.61343,-4.65933
2026-05-22,esahr,52,,,3.8587480636743403,1845.2773298252569,1.3781243084551216,3.8587480636743403,0.23992090513565545,2026-05-22 19:57:51+00:00,2026-05-23 04:27:51+00:00,1.081876666117937,8.666666666666666,1.0,10,36.61343,-4.65933
2026-05-23,esahr,52,,,3.5670877016507663,1797.5950100690832,1.2739598934467022,3.5670877016507663,0.33075881154014625,2026-05-23 19:57:52+00:00,2026-05-24 04:27:52+00:00,1.7753485266597535,8.666666666666666,1.0,10,36.61343,-4.65933
2026-05-24,esahr,52,,,6.203109276294709,1841.0723076394822,2.2153961701052527,6.203109276294709,0.08857004389894657,2026-05-24 19:57:51+00:00,2026-05-25 04:27:51+00:00,2.997400165250892,8.666666666666666,1.0,10,36.61343,-4.65933
2026-05-25,esahr,52,,,8.555652603736291,1787.1528657706385,3.055590215620104,8.555652603736291,0.08934332296459739,2026-05-25 19:57:51+00:00,2026-05-26 04:27:52+00:00,2.783087722431686,8.666666666666666,0.9999679497452005,10,36.61343,-4.65933
2026-05-26,esahr,52,,,4.895678301957938,1800.6558532363497,1.7484565364135491,4.895678301957938,0.11653426970729923,2026-05-26 19:57:51+00:00,2026-05-27 04:27:51+00:00,2.051657515020526,8.666666666666666,1.0,10,36.61343,-4.65933
2026-05-27,esahr,51,,,1.4423739508086562,1670.22802777568,0.5151335538602343,1.4423739508086562,0.4122149647366341,2026-05-27 20:07:52+00:00,2026-05-28 04:27:51+00:00,0.7969367478251672,8.5,1.0,10,36.61343,-4.65933
2026-05-28,esahr,51,,,2.6501979584787407,1885.9021242537215,0.9464992708852645,2.6501979584787407,0.08695338214245246,2026-05-28 20:07:51+00:00,2026-05-29 04:27:51+00:00,1.3504335242197267,8.5,1.0,10,36.61343,-4.65933
2026-05-29,esahr,51,,,3.7388170597600006,1807.8055780011873,1.335291807057143,3.7388170597600006,0.08525878546090045,2026-05-29 20:07:51+00:00,2026-05-30 04:27:51+00:00,2.028874519936215,8.5,1.0,10,36.61343,-4.65933
2026-05-30,esahr,51,,,6.742705676134896,1797.7029199320193,2.4081091700481765,6.742705676134896,0.15024919891489383,2026-05-30 20:07:51+00:00,2026-05-31 04:27:51+00:00,2.024588068829307,8.5,1.0,10,36.61343,-4.65933
2026-05-31,esahr,51,115.63019381480353,46.554797114019905,3.9372832129983344,1703.153543596349,1.4061725760708335,3.9372832129983344,0.6180640384931771,2026-05-31 20:07:52+00:00,2026-06-01 04:27:51+00:00,1.1692998301487072,8.5,1.0,10,36.61343,-4.65933
2026-06-01,esahr,51,,,3.0352133657418046,1661.2129531681114,1.084004773479216,3.0352133657418046,0.43982291611129753,2026-06-01 20:07:52+00:00,2026-06-02 04:27:51+00:00,1.5035539013998849,8.5,1.0,10,36.61343,-4.65933
2026-06-02,esahr,51,,,8.745565994113099,1636.8969494626733,3.123416426468964,8.745565994113099,0.48421093962513606,2026-06-02 20:07:51+00:00,2026-06-03 04:27:51+00:00,3.183314167353818,8.5,1.0,10,36.61343,-4.65933
2026-06-03,esahr,51,,,7.013730615728042,1768.5635790900326,2.5049037913314436,7.013730615728042,0.17475500604872674,2026-06-03 20:07:52+00:00,2026-06-04 04:27:51+00:00,2.337703381535373,8.5,1.0,10,36.61343,-4.65933
2026-06-04,esahr,51,,,9.090384225284353,1635.8264311894864,3.2465657947444115,9.090384225284353,0.47128690451577837,2026-06-04 20:07:51+00:00,2026-06-05 04:27:52+00:00,3.0592271667276973,8.5,0.9999673213293684,10,36.61343,-4.65933
2026-06-05,esahr,51,,,9.332754916770785,1733.138826270804,3.3331267559895665,9.332754916770785,0.30132389791632735,2026-06-05 20:07:51+00:00,2026-06-06 04:27:51+00:00,3.0702726238998324,8.5,1.0,10,36.61343,-4.65933
2026-06-06,esahr,49,,,4.980837315929179,1886.1136835415286,1.7788704699747069,4.980837315929179,0.12574104502130684,2026-06-06 20:07:52+00:00,2026-06-07 04:07:51+00:00,2.0247855067744363,8.166666666666666,1.0,10,36.61343,-4.65933
2026-06-07,esahr,51,,,7.217430532679839,1767.3419879725768,2.577653761671371,7.217430532679839,0.17567367786590066,2026-06-07 20:07:51+00:00,2026-06-08 04:27:51+00:00,3.205009681837899,8.5,1.0,10,36.61343,-4.65933
2026-06-08,esahr,51,,,9.66360385838677,1715.939436232084,3.451287092280989,9.66360385838677,0.43856820315639533,2026-06-08 20:07:51+00:00,2026-06-09 04:27:52+00:00,1.8673310499815716,8.5,0.9999673213293684,10,36.61343,-4.65933
2026-06-09,esahr,51,,,7.4387699304842485,1749.943623308592,2.656703546601517,7.4387699304842485,0.2947539213535683,2026-06-09 20:07:51+00:00,2026-06-10 04:27:51+00:00,2.7453583653484075,8.5,1.0,10,36.61343,-4.65933
2026-06-10,esahr,51,,,7.653716508079977,1711.7336486760616,2.7334701814571347,7.653716508079977,0.3784815700706762,2026-06-10 20:07:51+00:00,2026-06-11 04:27:51+00:00,1.8158960890557085,8.5,1.0,10,36.61343,-4.65933
2026-06-11,esahr,51,,,4.462758997842378,1578.0750801183665,1.5938424992294205,4.462758997842378,0.22124159344882247,2026-06-11 20:07:51+00:00,2026-06-12 04:27:52+00:00,5.277279194657291,8.5,0.9999673213293684,10,36.61343,-4.65933
2026-06-12,esahr,35,,,3.96710196358817,1684.7818140169031,1.4168221298529178,3.96710196358817,0.3787640529696364,2026-06-12 20:17:51+00:00,2026-06-13 01:57:51+00:00,2.814564671686717,5.833333333333333,0.9999999999999999,10,36.61343,-4.65933
2026-06-13,esahr,50,,,5.592656904220581,1736.838503480973,1.9973774657930647,5.592656904220581,0.30024751799450233,2026-06-13 20:17:51+00:00,2026-06-14 04:27:51+00:00,4.278438152798584,8.333333333333332,1.0,10,36.61343,-4.65933
2026-06-14,esahr,50,,,5.74385564994812,1648.3611719022165,2.0513770178386146,5.74385564994812,0.4755913919804032,2026-06-14 20:17:51+00:00,2026-06-15 04:27:51+00:00,1.8897702370586704,8.333333333333332,1.0,10,36.61343,-4.65933
2026-06-15,esahr,50,,,9.032565990448,1670.6825633751191,3.2259164251599994,9.032565990448,0.4211772005630251,2026-06-15 20:17:52+00:00,2026-06-16 04:27:51+00:00,2.6162009017359944,8.333333333333332,1.0,10,36.61343,-4.65933
2026-06-16,esahr,50,,,6.79692338371277,1717.370264366703,2.427472637040274,6.79692338371277,0.18946766280573346,2026-06-16 20:17:51+00:00,2026-06-17 04:27:52+00:00,2.231021053297616,8.333333333333332,0.9999666677777407,10,36.61343,-4.65933
2026-06-17,esahr,50,951.3072249807117,268.8230055067337,7.3493772277832035,1711.7570318707076,2.624777581351144,7.3493772277832035,0.5270978309313734,2026-06-17 20:17:51+00:00,2026-06-18 04:27:51+00:00,4.505317565722343,8.333333333333332,1.0,10,36.61343,-4.65933
2026-06-18,esahr,50,,,5.705353105545044,1641.046981343879,2.03762610912323,5.705353105545044,0.33843847811080535,2026-06-18 20:17:50+00:00,2026-06-19 04:27:51+00:00,2.803632361228977,8.333333333333332,0.9999666677777407,10,36.61343,-4.65933
2026-06-19,esahr,50,,,4.633868882179261,1631.0882589829232,1.6549531722068787,4.633868882179261,0.3479095760652409,2026-06-19 20:17:52+00:00,2026-06-20 04:27:51+00:00,1.8537891862647875,8.333333333333332,1.0,10,36.61343,-4.65933
2026-06-20,esahr,50,,,3.556705358505249,1786.9177154839456,1.2702519137518746,3.556705358505249,0.10900040655648408,2026-06-20 20:17:52+00:00,2026-06-21 04:27:51+00:00,2.8152692232813155,8.333333333333332,1.0,10,36.61343,-4.65933
2026-06-21,esahr,50,,,5.029565531730652,1710.3460782948414,1.7962734041895185,5.029565531730652,0.2400058062326344,2026-06-21 20:17:51+00:00,2026-06-22 04:27:51+00:00,1.9439365895731107,8.333333333333332,1.0,10,36.61343,-4.65933
2026-06-22,esahr,50,,,6.085493061065674,1545.10157032145,2.1733903789520266,6.085493061065674,0.23062819000148016,2026-06-22 20:17:51+00:00,2026-06-23 04:27:51+00:00,2.3267807364995994,8.333333333333332,1.0,10,36.61343,-4.65933
2026-06-23,esahr,50,,,7.284861890792847,1465.6700061687554,2.601736389568874,7.284861890792847,0.3141091323438949,2026-06-23 20:17:51+00:00,2026-06-24 04:27:51+00:00,3.6142880242850097,8.333333333333332,1.0,10,36.61343,-4.65933
2026-06-24,esahr,50,,,6.751513802528382,1629.400501713513,2.411254929474422,6.751513802528382,0.37396288043224263,2026-06-24 20:17:51+00:00,2026-06-25 04:27:51+00:00,3.186911844196064,8.333333333333332,1.0,10,36.61343,-4.65933
2026-06-25,esahr,50,286.3995655988557,151.09620727131067,6.888026184082032,1510.826333410576,2.4600093514578685,6.888026184082032,0.5936630481642978,2026-06-25 20:17:52+00:00,2026-06-26 04:27:51+00:00,2.293103299822126,8.333333333333332,1.0,10,36.61343,-4.65933
2026-06-26,esahr,50,,,7.052134323120117,1599.032246284567,2.5186194011143277,7.052134323120117,0.3599045156554709,2026-06-26 20:17:52+00:00,2026-06-27 04:27:51+00:00,2.46752236426941,8.333333333333332,1.0,10,36.61343,-4.65933
2026-06-27,esahr,50,,,8.903411737442017,1663.4226651479087,3.179789906229292,8.903411737442017,0.27193745913578243,2026-06-27 20:17:51+00:00,2026-06-28 04:27:51+00:00,3.827350130624005,8.333333333333332,1.0,10,36.61343,-4.65933
2026-06-28,esahr,50,,,6.826505093574524,1709.6025428513578,2.4380375334194726,6.826505093574524,0.34827070752129413,2026-06-28 20:17:51+00:00,2026-06-29 04:27:51+00:00,2.4974781089595384,8.333333333333332,1.0,10,36.61343,-4.65933
2026-06-29,esahr,50,,,8.854698358535767,1668.000468564515,3.162392270905631,8.854698358535767,0.3544559274461569,2026-06-29 20:17:51+00:00,2026-06-30 04:27:51+00:00,1.8668389756764685,8.333333333333332,1.0,10,36.61343,-4.65933
2026-06-30,esahr,50,,,6.724345022201538,1665.7944166307357,2.4015517936434065,6.724345022201538,0.22726841052333005,2026-06-30 20:17:51+00:00,2026-07-01 04:27:51+00:00,1.2160678353160619,8.333333333333332,1.0,10,36.61343,-4.65933
2026-07-01,esahr,50,,,5.895377177238464,1520.6777643841688,2.1054918490137373,5.895377177238464,0.20879369130968764,2026-07-01 20:17:51+00:00,2026-07-02 04:27:51+00:00,1.7870143970740693,8.333333333333332,1.0,10,36.61343,-4.65933
2026-07-02,esahr,50,,,12.040141524314881,1681.3718363690218,4.300050544398172,12.040141524314881,0.15694801340722728,2026-07-02 20:17:51+00:00,2026-07-03 04:27:51+00:00,0.9569333814367463,8.333333333333332,1.0,10,36.61343,-4.65933
2026-07-03,esahr,50,,,2.7894557294845583,1307.2774362337914,0.9962341891016279,2.7894557294845583,0.014867339226440674,2026-07-03 20:17:51+00:00,2026-07-04 04:27:51+00:00,0.46461640170642304,8.333333333333332,1.0,10,36.61343,-4.65933
2026-07-04,esahr,50,,,3.892942240715027,1386.0248346414369,1.390336514541081,3.892942240715027,0.03792494730655538,2026-07-04 20:17:51+00:00,2026-07-05 04:27:52+00:00,0.35425321502344953,8.333333333333332,0.9999666677777407,10,36.61343,-4.65933
2026-07-05,esahr,50,,,8.72286900138855,1562.2317793346135,3.115310357638768,8.72286900138855,0.10177923132583226,2026-07-05 20:17:51+00:00,2026-07-06 04:27:51+00:00,1.0310019633333598,8.333333333333332,1.0,10,36.61343,-4.65933
2026-07-06,esahr,50,,,10.572487775802612,1608.7859462089448,3.775888491358076,10.572487775802612,0.2338385355206453,2026-07-06 20:17:52+00:00,2026-07-07 04:27:51+00:00,0.7114996665290424,8.333333333333332,1.0,10,36.61343,-4.65933
2026-07-07,esahr,50,,,7.951929050445557,1541.0768669984107,2.839974660873413,7.951929050445557,0.41875996725243786,2026-07-07 20:17:51+00:00,2026-07-08 04:27:52+00:00,2.05641764758953,8.333333333333332,0.9999666677777407,10,36.61343,-4.65933
2026-07-08,esahr,50,,,10.188604362487794,1521.9765477600422,3.6387872723170687,10.188604362487794,0.40095282707234475,2026-07-08 20:17:52+00:00,2026-07-09 04:27:51+00:00,1.8541550638447186,8.333333333333332,1.0,10,36.61343,-4.65933
2026-07-09,esahr,51,,,7.055623372395833,1629.5187471202375,2.519865490141369,7.055623372395833,0.4361282044873159,2026-07-09 20:17:51+00:00,2026-07-10 04:37:51+00:00,2.871945911858763,8.5,1.0,10,36.61343,-4.65933
2026-07-10,esahr,51,535.9336829961464,478.198988046081,10.554925666135901,1594.6887988623218,3.76961630933425,10.554925666135901,0.5311852676305032,2026-07-10 20:17:52+00:00,2026-07-11 04:37:52+00:00,4.1998805505888805,8.5,1.0,10,36.61343,-4.65933
2026-07-11,esahr,51,,,7.520389856076708,1531.2445373992896,2.6858535200273956,7.520389856076708,0.4675831944538197,2026-07-11 20:17:51+00:00,2026-07-12 04:37:51+00:00,4.039224880614451,8.5,1.0,10,36.61343,-4.65933
2026-07-12,esahr,23,332.8356839810907,731.146816354231,12.296087642337966,1528.4187674603695,4.3914598722635585,12.296087642337966,0.6126318010099734,2026-07-12 20:17:51+00:00,2026-07-12 23:57:51+00:00,1.9872953599813035,3.833333333333333,1.0,10,36.61343,-4.65933
2026-08-06,esahr,55,,,4.256679946726019,1436.7304697387149,1.5202428381164352,4.256679946726019,0.24942065905676059,2026-08-06 19:57:52+00:00,2026-08-07 04:57:51+00:00,3.8309981684039407,9.166666666666666,1.0,10,36.61343,-4.65933
2026-08-07,esahr,56,,,3.606320173825537,1389.2063172362568,1.2879714906519772,3.606320173825537,0.10605658776515833,2026-08-07 19:47:52+00:00,2026-08-08 04:57:51+00:00,0.6164964204724122,9.333333333333332,1.0,10,36.61343,-4.65933
2026-08-08,esahr,56,,,2.8712783413273946,1396.2671232147711,1.0254565504740696,2.8712783413273946,0.07936089657665286,2026-08-08 19:47:51+00:00,2026-08-09 04:57:52+00:00,0.4410466742246671,9.333333333333332,0.9999702389809826,10,36.61343,-4.65933
2026-08-09,esahr,56,,,4.714559679371971,1437.7810701149883,1.6837713140614177,4.714559679371971,0.15932000937296517,2026-08-09 19:47:51+00:00,2026-08-10 04:57:51+00:00,1.259448078173892,9.333333333333332,1.0,10,36.61343,-4.65933
2026-08-10,esahr,56,,,2.6951788627675604,1342.6190502702157,0.9625638795598429,2.6951788627675604,0.20062279380165615,2026-08-10 19:47:51+00:00,2026-08-11 04:57:51+00:00,1.3030673259212857,9.333333333333332,1.0,10,36.61343,-4.65933
2026-08-11,esahr,56,,,4.725812934126173,1430.524595389472,1.6877903336164903,4.725812934126173,0.028645847283284138,2026-08-11 19:47:52+00:00,2026-08-12 04:57:52+00:00,0.7724942698365166,9.333333333333332,1.0,10,36.61343,-4.65933
2026-08-12,esahr,52,,,2.76086776302411,1393.133465165926,0.9860242010800394,2.76086776302411,0.22536158942413556,2026-08-12 19:47:52+00:00,2026-08-13 04:57:52+00:00,0.5234599874800995,8.666666666666666,0.9285714285714286,10,36.61343,-4.65933
2026-08-13,esahr,56,,,2.782957813995225,1500.4859838447621,0.9939135049982947,2.782957813995225,0.16904669550713014,2026-08-13 19:47:51+00:00,2026-08-14 04:57:51+00:00,0.1931116260789536,9.333333333333332,1.0,10,36.61343,-4.65933
2026-08-14,esahr,56,,,4.308554429667337,1545.998263986836,1.538769439166906,4.308554429667337,0.09039802375162179,2026-08-14 19:47:52+00:00,2026-08-15 05:07:51+00:00,0.6662883616149655,9.333333333333332,0.9824848679785958,10,36.61343,-4.65933
2026-08-15,esahr,58,,,3.9043800423885213,1334.2156107200756,1.3944214437101863,3.9043800423885213,0.06807141783143675,2026-08-15 19:37:51+00:00,2026-08-16 05:07:52+00:00,0.4423416593475231,9.666666666666666,0.999971265193529,10,36.61343,-4.65933
2026-08-16,esahr,58,,,2.1308692611497024,1369.9134800580114,0.7610247361248937,2.1308692611497024,0.0,2026-08-16 19:37:52+00:00,2026-08-17 05:08:34+00:00,0.6450664884335285,9.666666666666666,0.9987945582917169,10,36.61343,-4.65933
2026-08-17,esahr,58,,,1.2628755351592753,1341.8662386353158,0.4510269768425984,1.2628755351592753,0.0947344289513101,2026-08-17 19:37:51+00:00,2026-08-18 05:07:52+00:00,0.4631505206463829,9.666666666666666,0.999971265193529,10,36.61343,-4.65933
2026-08-18,esahr,58,,,4.854348874914235,1469.3659271654801,1.7336960267550838,4.854348874914235,0.22973711668860977,2026-08-18 19:37:51+00:00,2026-08-19 05:07:51+00:00,0.6687874869900461,9.666666666666666,1.0,10,36.61343,-4.65933
2026-08-19,esahr,32,,,5.028430768847466,1547.7885577825464,1.7958681317312377,5.028430768847466,0.187202033541237,2026-08-19 19:37:52+00:00,2026-08-20 05:07:51+00:00,1.5251177314625743,5.333333333333333,0.5517399925285209,10,36.61343,-4.65933
2026-08-20,esahr,54,,,4.4242164236527906,1456.0495280370442,1.580077294161711,4.4242164236527906,0.09263789583882055,2026-08-20 19:37:51+00:00,2026-08-21 05:07:51+00:00,1.7435578001972332,9.0,0.9310344827586208,10,36.61343,-4.65933
2026-08-21,esahr,51,,,3.561851400955051,1450.0838878813454,1.272089786055375,3.561851400955051,0.329841950418856,2026-08-21 19:37:52+00:00,2026-08-22 05:07:51+00:00,0.9824660312231273,8.5,0.8793356130923302,10,36.61343,-4.65933
2026-08-22,esahr,59,,,2.012988334591106,1421.0032346046617,0.7189244052111092,2.012988334591106,0.3372051238772801,2026-08-22 19:27:52+00:00,2026-08-23 05:07:51+00:00,0.3083854353241258,9.833333333333332,1.0,10,36.61343,-4.65933
2026-08-23,esahr,59,,,2.3657574174767837,1390.9568688376862,0.8449133633845656,2.3657574174767837,0.11500554102892702,2026-08-23 19:27:52+00:00,2026-08-24 05:07:52+00:00,0.6717726035960137,9.833333333333332,1.0,10,36.61343,-4.65933
2026-08-24,esahr,57,,,2.757941174298002,1394.3406908464792,0.984978990820715,2.757941174298002,0.16943123225548956,2026-08-24 19:27:51+00:00,2026-08-25 05:07:51+00:00,0.628756313569962,9.5,0.9661016949152543,10,36.61343,-4.65933
2026-08-25,esahr,60,,,4.435096799135208,1625.4069631685352,1.5839631425482887,4.435096799135208,0.1452930336745918,2026-08-25 19:27:51+00:00,2026-08-26 05:17:51+00:00,0.7018803209657707,10.0,1.0,10,36.61343,-4.65933
2026-08-26,esahr,60,,,5.438433395226797,1547.61471031475,1.9422976411524273,5.438433395226797,0.21492186898890106,2026-08-26 19:27:51+00:00,2026-08-27 05:17:51+00:00,1.991688620239969,10.0,1.0,10,36.61343,-4.65933
2026-08-27,esahr,60,,,2.9896190746625266,1486.847716573929,1.0677210980937595,2.9896190746625266,0.1236571834315839,2026-08-27 19:27:51+00:00,2026-08-28 05:17:51+00:00,2.3809274722422873,10.0,1.0,10,36.61343,-4.65933
2026-08-28,esahr,60,,,4.505857808589935,1393.4732467104545,1.6092349316392627,4.505857808589935,0.4329277593958907,2026-08-28 19:27:52+00:00,2026-08-29 05:17:51+00:00,1.544022653311018,10.0,1.0,10,36.61343,-4.65933
2026-08-29,esahr,61,,,7.217194291802704,1519.2664494137885,2.577569389929537,7.217194291802704,0.40890691403809243,2026-08-29 19:17:52+00:00,2026-08-30 05:17:52+00:00,0.9855186602839042,10.166666666666666,1.0,10,36.61343,-4.65933
2026-08-30,esahr,61,,,6.376688602322438,1545.3729878724128,2.2773887865437277,6.376688602322438,0.4683312668645142,2026-08-30 19:17:51+00:00,2026-08-31 05:17:52+00:00,0.767655394701307,10.166666666666666,0.9999726783421219,10,36.61343,-4.65933
2026-08-31,esahr,12,,,7.713527433077495,1530.0009765509026,2.754831226099105,7.713527433077495,0.4520742697449653,2026-08-31 19:17:52+00:00,2026-08-31 23:57:51+00:00,0.3423837526884778,2.0,0.4138168860279326,10,36.61343,-4.65933
2025-11-18,essft,79,439.35639499432193,191.00953311093542,2.204528038807308,786.0478734540868,0.7873314424311812,2.204528038807308,0.6103693758113418,2025-11-18 17:37:52+00:00,2025-11-19 06:37:53+00:00,0.16937153346570477,13.166666666666666,0.9999789033986626,10,39.42883,-6.28528
2025-11-19,essft,79,,,0.3169478672309013,674.6380837943708,0.113195666868179,0.3169478672309013,0.08456348232173844,2025-11-19 17:37:53+00:00,2025-11-20 06:37:53+00:00,0.08466263758266443,13.166666666666666,1.0,10,39.42883,-6.28528
2025-11-20,essft,79,,,0.04975311627870874,715.5775778253407,0.017768970099538834,0.04975311627870874,0.05836035628411704,2025-11-20 17:37:52+00:00,2025-11-21 06:37:52+00:00,0.12477728044118534,13.166666666666666,1.0,10,39.42883,-6.28528
2025-11-21,essft,79,,,0.09702010398164769,615.8419807110029,0.03465003713630274,0.09702010398164769,0.0,2025-11-21 17:37:52+00:00,2025-11-22 06:37:52+00:00,0.25496529439250293,13.166666666666666,1.0,10,39.42883,-6.28528
2025-11-22,essft,80,,,0.028993634060025218,649.5047318938815,0.010354869307151862,0.028993634060025218,0.0,2025-11-22 17:37:52+00:00,2025-11-23 06:47:52+00:00,0.2614496833112623,13.333333333333332,1.0,10,39.42883,-6.28528
2025-11-23,essft,80,,,3.221624222770333,1212.1862473946196,1.1505800795608334,3.221624222770333,0.0,2025-11-23 17:37:53+00:00,2025-11-24 06:47:52+00:00,1.0522980826454502,13.333333333333332,1.0,10,39.42883,-6.28528
2025-11-24,essft,80,,,1.850576290097088,1151.5347949847137,0.6609201036061028,1.850576290097088,0.0,2025-11-24 17:37:53+00:00,2025-11-25 06:47:52+00:00,0.6285923547776683,13.333333333333332,1.0,10,39.42883,-6.28528
2025-11-25,essft,80,,,0.07094170814380049,674.5383263885369,0.025336324337071607,0.07094170814380049,0.06660966317561122,2025-11-25 17:37:52+00:00,2025-11-26 06:47:53+00:00,0.1206070177869073,13.333333333333332,0.9999791671006854,10,39.42883,-6.28528
2025-11-27,essft,80,,,0.11056809150613844,654.8743769177435,0.039488604109335156,0.11056809150613844,0.0,2025-11-27 17:37:51+00:00,2025-11-28 06:47:51+00:00,0.09972191801560776,13.333333333333332,1.0,10,39.42883,-6.28528
2025-11-28,essft,80,,,0.026006598835811016,652.8819404223918,0.00928807101278965,0.026006598835811016,0.0,2025-11-28 17:37:52+00:00,2025-11-29 06:47:52+00:00,0.042474260039494505,13.333333333333332,1.0,10,39.42883,-6.28528
2025-11-29,essft,80,,,3.170198555272073,1181.386755754498,1.132213769740026,3.170198555272073,0.0,2025-11-29 17:37:52+00:00,2025-11-30 06:47:51+00:00,0.6590459921849626,13.333333333333332,1.0,10,39.42883,-6.28528
2025-11-30,essft,80,,,0.1589503655792214,674.8390770978434,0.056767987706864774,0.1589503655792214,0.0041617769307008045,2025-11-30 17:37:51+00:00,2025-12-01 06:47:51+00:00,0.43182827909658483,13.333333333333332,1.0,10,39.42883,-6.28528
2025-12-02,essft,81,,,1.0652792712788524,985.9951442526926,0.3804568825995901,1.0652792712788524,0.0,2025-12-02 17:37:52+00:00,2025-12-03 06:57:52+00:00,2.8370186570955784,13.5,1.0,10,39.42883,-6.28528
2025-12-03,essft,81,,,2.080958585385923,1117.854850887882,0.7431994947806868,2.080958585385923,0.0,2025-12-03 17:37:51+00:00,2025-12-04 06:57:52+00:00,1.164608617122314,13.5,0.9999794242916813,10,39.42883,-6.28528
2025-12-04,essft,81,,,1.0113843789439143,1212.1805020820893,0.3612087067656836,1.0113843789439143,0.0,2025-12-04 17:37:52+00:00,2025-12-05 06:57:52+00:00,0.2148124978301071,13.5,1.0,10,39.42883,-6.28528
2025-12-05,essft,81,,,2.948286754647155,1084.0767114150453,1.0529595552311268,2.948286754647155,0.0,2025-12-05 17:37:52+00:00,2025-12-06 06:57:52+00:00,1.0270268908096343,13.5,1.0,10,39.42883,-6.28528
2025-12-06,essft,81,,,1.1612499180951237,1128.6418169729413,0.41473211360540124,1.1612499180951237,0.0,2025-12-06 17:37:52+00:00,2025-12-07 06:57:52+00:00,0.8294719415703251,13.5,1.0,10,39.42883,-6.28528
2025-12-07,essft,81,,,0.008572828033824026,599.9999308754916,0.003061724297794295,0.008572828033824026,0.0,2025-12-07 17:37:51+00:00,2025-12-08 06:57:52+00:00,0.9055130853362027,13.5,0.9999794242916813,10,39.42883,-6.28528
2025-12-08,essft,81,,,0.0,0.0,0.0,0.0,0.0,2025-12-08 17:37:53+00:00,2025-12-09 06:57:52+00:00,1.5532536917629465,13.5,1.0,10,39.42883,-6.28528
2025-12-09,essft,81,,,2.1320920129249123,1189.8513981254991,0.7614614331874687,2.1320920129249123,0.0063989314020578844,2025-12-09 17:37:52+00:00,2025-12-10 06:57:52+00:00,0.5543387076293415,13.5,1.0,10,39.42883,-6.28528
2025-12-10,essft,80,,,2.8087693060934544,1111.400723834956,1.0031318950333765,2.8087693060934544,0.0,2025-12-10 17:37:52+00:00,2025-12-11 06:57:52+00:00,0.03132163720075095,13.333333333333332,0.9876543209876543,10,39.42883,-6.28528
2025-12-11,essft,81,,,4.398831430187933,1156.8196199978597,1.5710112250671184,4.398831430187933,0.0,2025-12-11 17:37:51+00:00,2025-12-12 06:57:52+00:00,0.9232810497882643,13.5,0.9999794242916813,10,39.42883,-6.28528
2025-12-12,essft,81,,,0.5090609164333638,1085.4977827666946,0.18180747015477278,0.5090609164333638,0.0,2025-12-12 17:37:52+00:00,2025-12-13 06:57:52+00:00,0.1336786998047804,13.5,1.0,10,39.42883,-6.28528
2025-12-13,essft,81,,,0.009833628196775177,677.6887539628127,0.0035120100702768484,0.009833628196775177,0.0,2025-12-13 17:37:52+00:00,2025-12-14 06:57:51+00:00,0.4108573109704247,13.5,1.0,10,39.42883,-6.28528
2025-12-14,essft,82,,,1.2607588432592953,621.8159522879799,0.45027101544974835,1.2607588432592953,0.0,2025-12-14 17:37:52+00:00,2025-12-15 07:07:52+00:00,0.26359540064420023,13.666666666666666,1.0,10,39.42883,-6.28528
2025-12-15,essft,79,,,0.357571033284634,1247.345114868393,0.12770394045879785,0.357571033284634,0.0,2025-12-15 18:07:52+00:00,2025-12-16 07:07:52+00:00,0.545308825977617,13.166666666666666,1.0,10,39.42883,-6.28528
2025-12-16,essft,82,,,1.733434382533064,1040.705106468126,0.6190837080475229,1.733434382533064,0.0,2025-12-16 17:37:52+00:00,2025-12-17 07:07:52+00:00,0.3879408578194871,13.666666666666666,1.0,10,39.42883,-6.28528
2025-12-17,essft,82,,,0.16874138605440173,636.5867023516001,0.0602647807337149,0.16874138605440173,0.0,2025-12-17 17:37:52+00:00,2025-12-18 07:07:52+00:00,0.08663241011284602,13.666666666666666,1.0,10,39.42883,-6.28528
2025-12-18,essft,82,,,0.5736296601411773,826.0607789620635,0.20486773576470618,0.5736296601411773,0.0,2025-12-18 17:37:51+00:00,2025-12-19 07:07:52+00:00,1.7023195683224392,13.666666666666666,0.9999796752098535,10,39.42883,-6.28528
2025-12-19,essft,82,,,2.9203815277756715,1136.7897360870188,1.0429934027770256,2.9203815277756715,0.0,2025-12-19 17:37:52+00:00,2025-12-20 07:07:52+00:00,1.2245438609028323,13.666666666666666,1.0,10,39.42883,-6.28528
2025-12-20,essft,82,,,2.507342858430816,1245.6735310072277,0.8954795922967199,2.507342858430816,0.0,2025-12-20 17:37:52+00:00,2025-12-21 07:07:51+00:00,2.9381164805425786,13.666666666666666,1.0,10,39.42883,-6.28528
2025-12-21,essft,82,,,0.002608787722703887,799.9996970839778,0.0009317099009656739,0.002608787722703887,0.0,2025-12-21 17:37:52+00:00,2025-12-22 07:07:52+00:00,1.4684412847494794,13.666666666666666,1.0,10,39.42883,-6.28528
2025-12-22,essft,82,,,1.625703371879531,1251.6893102958893,0.5806083470998326,1.625703371879531,0.04613670030379253,2025-12-22 17:37:52+00:00,2025-12-23 07:07:51+00:00,2.2124799339854646,13.666666666666666,1.0,10,39.42883,-6.28528
2025-12-23,essft,82,,,3.9300712290685627,1051.1184382088322,1.4035968675244865,3.9300712290685627,0.0,2025-12-23 17:37:52+00:00,2025-12-24 07:07:52+00:00,1.3317494860051997,13.666666666666666,1.0,10,39.42883,-6.28528
2025-12-24,essft,82,,,0.10689145815445157,599.999994523736,0.03817552076944698,0.10689145815445157,0.0,2025-12-24 17:37:52+00:00,2025-12-25 07:07:52+00:00,0.3832794341627353,13.666666666666666,1.0,10,39.42883,-6.28528
2025-12-25,essft,82,,,1.7254129203354442,1097.0232759376574,0.6162189001198014,1.7254129203354442,0.0,2025-12-25 17:37:51+00:00,2025-12-26 07:07:52+00:00,1.41432624039728,13.666666666666666,0.9999796752098535,10,39.42883,-6.28528
2025-12-26,essft,81,,,0.0,0.0,0.0,0.0,0.0,2025-12-26 17:47:52+00:00,2025-12-27 07:07:52+00:00,1.6057641290272364,13.5,1.0,10,39.42883,-6.28528
2025-12-27,essft,81,,,2.6579045525303595,1067.5598530445416,0.9492516259036998,2.6579045525303595,0.0,2025-12-27 17:47:52+00:00,2025-12-28 07:07:51+00:00,0.9963129459689039,13.5,1.0,10,39.42883,-6.28528
2025-12-28,essft,81,,,0.13565859147060066,1025.3684376316032,0.04844949695378595,0.13565859147060066,0.0,2025-12-28 17:47:52+00:00,2025-12-29 07:07:52+00:00,0.9468455276330046,13.5,1.0,10,39.42883,-6.28528
2025-12-29,essft,81,,,0.021703850640052997,696.750496815059,0.007751375228590355,0.021703850640052997,0.0,2025-12-29 17:47:52+00:00,2025-12-30 07:07:52+00:00,0.3932740345175955,13.5,1.0,10,39.42883,-6.28528
2025-12-30,essft,81,,,0.035754636348581614,787.2443328738591,0.012769512981636288,0.035754636348581614,0.0,2025-12-30 17:47:52+00:00,2025-12-31 07:07:52+00:00,0.689369493210281,13.5,1.0,10,39.42883,-6.28528
2025-12-31,essft,81,,,0.01784148157378774,599.9999667856864,0.006371957704924191,0.01784148157378774,0.0,2025-12-31 17:47:51+00:00,2026-01-01 07:07:52+00:00,0.8364438446776252,13.5,0.9999794242916813,10,39.42883,-6.28528
2026-01-01,essft,81,,,0.781092130475574,1187.158567340073,0.2789614751698479,0.781092130475574,0.0,2026-01-01 17:47:51+00:00,2026-01-02 07:07:52+00:00,1.2448682647969562,13.5,0.9999794242916813,10,39.42883,-6.28528
2026-01-02,essft,81,,,2.885568623483917,1161.6029169441035,1.0305602226728274,2.885568623483917,0.0,2026-01-02 17:47:52+00:00,2026-01-03 07:07:52+00:00,1.0053454928599712,13.5,1.0,10,39.42883,-6.28528
2026-01-03,essft,81,,,2.290020703119628,1203.301365156382,0.8178645368284387,2.290020703119628,0.0,2026-01-03 17:47:52+00:00,2026-01-04 07:07:51+00:00,0.66605241495319,13.5,1.0,10,39.42883,-6.28528
2026-01-04,essft,81,,,1.2399049401766173,1059.0722541306952,0.44282319292022043,1.2399049401766173,0.0,2026-01-04 17:47:52+00:00,2026-01-05 07:07:52+00:00,0.35476766040130536,13.5,1.0,10,39.42883,-6.28528
2026-01-05,essft,81,,,0.0,0.0,0.0,0.0,0.0,2026-01-05 17:47:52+00:00,2026-01-06 07:07:52+00:00,1.0808476323462786,13.5,1.0,10,39.42883,-6.28528
2026-01-06,essft,81,,,0.5126448298677987,1229.1825862573012,0.18308743923849952,0.5126448298677987,0.0,2026-01-06 17:47:51+00:00,2026-01-07 07:07:52+00:00,1.223275783805736,13.5,0.9999794242916813,10,39.42883,-6.28528
2026-01-07,essft,81,,,0.020366860237432477,668.6504243002631,0.0072738786562258845,0.020366860237432477,0.0,2026-01-07 17:47:52+00:00,2026-01-08 07:07:52+00:00,0.5264253599776916,13.5,1.0,10,39.42883,-6.28528
2026-01-08,essft,80,,,3.0107098750770094,1267.8521090831819,1.0752535268132175,3.0107098750770094,0.00843328260978199,2026-01-08 17:57:51+00:00,2026-01-09 07:07:52+00:00,0.8434070899754046,13.333333333333332,0.9999791671006854,10,39.42883,-6.28528
2026-01-09,essft,80,,,0.0,0.0,0.0,0.0,0.0,2026-01-09 17:57:52+00:00,2026-01-10 07:07:52+00:00,0.5984667613250868,13.333333333333332,1.0,10,39.42883,-6.28528
2026-01-10,essft,80,,,0.02962157234549522,1474.1456333776443,0.01057913298053401,0.02962157234549522,0.0,2026-01-10 17:57:51+00:00,2026-01-11 07:07:51+00:00,0.7925764949087585,13.333333333333332,1.0,10,39.42883,-6.28528
2026-01-11,essft,80,,,1.8226803836226462,1066.974315062999,0.6509572798652308,1.8226803836226462,0.0,2026-01-11 17:57:51+00:00,2026-01-12 07:07:53+00:00,0.2820853625005111,13.333333333333332,0.9999583350693722,10,39.42883,-6.28528
2026-01-12,essft,80,,,0.9949807107448578,1175.8940658755228,0.3553502538374492,0.9949807107448578,0.0,2026-01-12 17:57:52+00:00,2026-01-13 07:07:51+00:00,0.3731226544640958,13.333333333333332,1.0,10,39.42883,-6.28528
2026-01-13,essft,80,,,5.611266897006426,1132.8406940523175,2.0040238917880093,5.611266897006426,0.0,2026-01-13 17:57:52+00:00,2026-01-14 07:07:51+00:00,0.2849027501951371,13.333333333333332,1.0,10,39.42883,-6.28528
2026-01-14,essft,80,,,0.0035143156629055725,638.2257891329258,0.0012551127367519902,0.0035143156629055725,0.0,2026-01-14 17:57:52+00:00,2026-01-15 07:07:52+00:00,2.490954344123602,13.333333333333332,1.0,10,39.42883,-6.28528
2026-01-15,essft,80,,,1.320549757089466,1281.2844944786493,0.47162491324623784,1.320549757089466,0.0,2026-01-15 17:57:52+00:00,2026-01-16 07:07:52+00:00,1.3098242390155792,13.333333333333332,1.0,10,39.42883,-6.28528
2026-01-16,essft,80,,,1.3118243739008904,1016.2623105681307,0.4685087049646037,1.3118243739008904,0.0,2026-01-16 17:57:52+00:00,2026-01-17 07:07:51+00:00,0.2297109876466649,13.333333333333332,1.0,10,39.42883,-6.28528
2026-01-19,essft,79,,,0.0006148131210592723,630.5519483950478,0.0002195761146640258,0.0006148131210592723,0.0,2026-01-19 18:07:51+00:00,2026-01-20 07:07:51+00:00,0.10909118674987671,13.166666666666666,1.0,10,39.42883,-6.28528
2026-01-20,essft,79,,,1.8212919343121445,1063.05400718399,0.6504614051114802,1.8212919343121445,0.0,2026-01-20 18:07:52+00:00,2026-01-21 07:07:52+00:00,0.6362072348135526,13.166666666666666,1.0,10,39.42883,-6.28528
2026-01-21,essft,78,,,1.4062403631993594,1158.3975646290905,0.5022287011426284,1.4062403631993594,0.0,2026-01-21 18:07:52+00:00,2026-01-22 07:07:52+00:00,1.1534944025555716,13.0,0.9873417721518988,10,39.42883,-6.28528
2026-01-22,essft,79,,,3.4310957603062255,1189.7729893658288,1.2253913429665093,3.4310957603062255,0.004092321617651329,2026-01-22 18:07:52+00:00,2026-01-23 07:07:52+00:00,0.30694612159970264,13.166666666666666,1.0,10,39.42883,-6.28528
2026-01-23,essft,79,,,2.5885703437690495,1127.1821974297548,0.9244894084889462,2.5885703437690495,0.0,2026-01-23 18:07:52+00:00,2026-01-24 07:07:52+00:00,0.22746916344853674,13.166666666666666,1.0,10,39.42883,-6.28528
2026-01-24,essft,79,,,2.871200429940526,1213.7961283587533,1.0254287249787593,2.871200429940526,0.0,2026-01-24 18:07:52+00:00,2026-01-25 07:07:52+00:00,1.0715494962508272,13.166666666666666,1.0,10,39.42883,-6.28528
2026-01-25,essft,79,,,1.288361722405387,940.0777300300102,0.46012918657335244,1.288361722405387,0.0,2026-01-25 18:07:52+00:00,2026-01-26 07:07:52+00:00,2.197288962674665,13.166666666666666,1.0,10,39.42883,-6.28528
2026-01-26,essft,69,,,2.7883157453675205,1251.2374156954138,0.9958270519169715,2.7883157453675205,0.012857944574324327,2026-01-26 18:07:51+00:00,2026-01-27 05:27:52+00:00,0.9211910974411737,11.5,0.9999758459940582,10,39.42883,-6.28528
2026-01-27,essft,77,,,24.867608623690423,1196.5044581538755,8.88128879417515,24.867608623690423,0.18663705860997226,2026-01-27 18:17:51+00:00,2026-01-28 06:57:51+00:00,1.1614335950277028,12.833333333333332,1.0,10,39.42883,-6.28528
2026-01-28,essft,77,,,2.3935250040772678,1286.516100476146,0.8548303585990241,2.3935250040772678,0.17871944599167816,2026-01-28 18:17:51+00:00,2026-01-29 06:57:51+00:00,1.0691873079003902,12.833333333333332,1.0,10,39.42883,-6.28528
2026-01-29,essft,77,,,0.2601517486881901,941.352358452243,0.09291133881721073,0.2601517486881901,0.0,2026-01-29 18:17:51+00:00,2026-01-30 06:57:51+00:00,3.768804834538072,12.833333333333332,1.0,10,39.42883,-6.28528
2026-01-30,essft,77,,,1.3982673423824372,1124.0558497814918,0.49938119370801326,1.3982673423824372,0.0,2026-01-30 18:17:51+00:00,2026-01-31 06:57:51+00:00,1.5194558443726744,12.833333333333332,1.0,10,39.42883,-6.28528
2026-01-31,essft,77,,,0.5315265681062427,1308.7677906907795,0.18983091718080092,0.5315265681062427,0.0,2026-01-31 18:17:51+00:00,2026-02-01 06:57:51+00:00,1.62498497246009,12.833333333333332,1.0,10,39.42883,-6.28528
2026-02-01,essft,77,,,1.8312686881461702,1177.4345054025432,0.654024531480775,1.8312686881461702,0.028946984165568183,2026-02-01 18:17:52+00:00,2026-02-02 06:57:51+00:00,1.1241918396495907,12.833333333333332,1.0,10,39.42883,-6.28528
2026-02-02,essft,77,,,3.506505999007783,1081.6399736737978,1.252323571074208,3.506505999007783,0.0,2026-02-02 18:17:51+00:00,2026-02-03 06:57:51+00:00,0.8893025226670135,12.833333333333332,1.0,10,39.42883,-6.28528
2026-02-03,essft,77,,,2.4888988340733116,1147.4613918988127,0.8888924407404684,2.4888988340733116,0.0820241063209168,2026-02-03 18:17:52+00:00,2026-02-04 06:57:51+00:00,0.20298646206834486,12.833333333333332,1.0,10,39.42883,-6.28528
2026-02-10,essft,47,,,4.780566208032852,1087.7963195572315,1.707345074297447,4.780566208032852,0.0,2026-02-10 23:07:52+00:00,2026-02-11 06:47:51+00:00,0.5237589207562533,7.833333333333333,1.0,10,39.42883,-6.28528
2026-02-12,essft,1,,,0.0,0.0,0.0,0.0,0.0,2026-02-13 05:47:52+00:00,2026-02-13 05:47:52+00:00,1.839212473801204,0.16666666666666666,1.0,10,39.42883,-6.28528
2026-02-13,essft,75,,,0.5523887794812521,1048.0444917922655,0.19728170695759,0.5523887794812521,0.0,2026-02-13 18:27:51+00:00,2026-02-14 06:47:51+00:00,1.6403161618195679,12.5,1.0,10,39.42883,-6.28528
2026-02-14,essft,74,,,5.7398047096825675e-05,599.9898293819616,2.04993025345806e-05,5.7398047096825675e-05,0.0,2026-02-14 18:37:52+00:00,2026-02-15 06:47:51+00:00,0.4258070740811434,12.333333333333332,1.0,10,39.42883,-6.28528
2026-02-15,essft,74,,,1.3585691490965721,1086.1865438467753,0.48520326753448995,1.3585691490965721,0.0,2026-02-15 18:37:52+00:00,2026-02-16 06:47:52+00:00,0.3346398496045673,12.333333333333332,1.0,10,39.42883,-6.28528
2026-02-16,essft,73,,,0.0004976545779468261,599.9988273784729,0.00017773377783815217,0.0004976545779468261,0.0,2026-02-16 18:37:51+00:00,2026-02-17 06:37:51+00:00,0.42578457328572605,12.166666666666666,1.0,10,39.42883,-6.28528
2026-02-17,essft,73,,,0.8803374261072238,821.2975129155071,0.31440622360972276,0.8803374261072238,0.0,2026-02-17 18:37:51+00:00,2026-02-18 06:37:51+00:00,0.7613701816872323,12.166666666666666,1.0,10,39.42883,-6.28528
2026-02-18,essft,73,,,0.6873221658680537,1111.6222481930731,0.24547220209573345,0.6873221658680537,0.0,2026-02-18 18:37:51+00:00,2026-02-19 06:37:52+00:00,1.4477074168024953,12.166666666666666,0.9999771694710167,10,39.42883,-6.28528
2026-02-19,essft,73,,,0.029486846923828126,599.9999799306855,0.010531016758510045,0.029486846923828126,0.0,2026-02-19 18:37:52+00:00,2026-02-20 06:37:51+00:00,0.1983848712350677,12.166666666666666,1.0,10,39.42883,-6.28528
2026-02-20,essft,73,,,0.3469845282806926,733.4157584699956,0.12392304581453305,0.3469845282806926,0.0,2026-02-20 18:37:51+00:00,2026-02-21 06:37:52+00:00,0.08565056430329242,12.166666666666666,0.9999771694710167,10,39.42883,-6.28528
2026-02-21,essft,73,,,1.8607645995404622,1021.1024054955601,0.6645587855501651,1.8607645995404622,0.025868686461959802,2026-02-21 18:37:51+00:00,2026-02-22 06:37:51+00:00,0.1608571872209846,12.166666666666666,1.0,10,39.42883,-6.28528
2026-02-22,essft,73,,,1.9193028951038236,1025.818598951317,0.685465319679937,1.9193028951038236,0.13931063620937473,2026-02-22 18:37:51+00:00,2026-02-23 06:37:51+00:00,0.1573149718019489,12.166666666666666,1.0,10,39.42883,-6.28528
2026-02-23,essft,72,,,2.362386604460577,1093.6733203173699,0.8437095015930632,2.362386604460577,0.335289382009432,2026-02-23 18:47:51+00:00,2026-02-24 06:37:52+00:00,0.14020057634583544,12.0,0.9999768523876763,10,39.42883,-6.28528
2026-02-24,essft,71,,,1.021704570508339,979.6468742017455,0.36489448946726394,1.021704570508339,0.10382797298767767,2026-02-24 18:47:51+00:00,2026-02-25 06:27:52+00:00,0.07097066278945989,11.833333333333332,0.9999765263726202,10,39.42883,-6.28528
2026-02-25,essft,71,,,0.21318354617122193,711.651939394171,0.0761369807754364,0.21318354617122193,0.0,2026-02-25 18:47:52+00:00,2026-02-26 06:27:51+00:00,0.38582476320029313,11.833333333333332,1.0,10,39.42883,-6.28528
2026-02-26,essft,71,,,0.3270064377134115,811.0447095911328,0.11678801346907554,0.3270064377134115,0.0,2026-02-26 18:47:51+00:00,2026-02-27 06:27:51+00:00,0.2146792638554914,11.833333333333332,1.0,10,39.42883,-6.28528
2026-02-27,essft,71,,,0.029355744188520272,649.2199182766703,0.010484194353042953,0.029355744188520272,0.0,2026-02-27 18:47:51+00:00,2026-02-28 06:27:51+00:00,0.18275868890815758,11.833333333333332,1.0,10,39.42883,-6.28528
2026-02-28,essft,71,,,0.0502186630406535,622.6786750077573,0.01793523680023339,0.0502186630406535,0.0,2026-02-28 18:47:51+00:00,2026-03-01 06:27:51+00:00,2.019774893974881,11.833333333333332,1.0,10,39.42883,-6.28528
2026-03-01,essft,71,,,1.958150194522361,1113.9577770591525,0.6993393551865574,1.958150194522361,0.1683028028528166,2026-03-01 18:47:51+00:00,2026-03-02 06:27:51+00:00,0.47338704457310243,11.833333333333332,1.0,10,39.42883,-6.28528
2026-03-02,essft,71,,,4.984461584225508,1186.9986285320115,1.7801648515091097,4.984461584225508,0.0,2026-03-02 18:47:51+00:00,2026-03-03 06:27:52+00:00,0.28424289440016415,11.833333333333332,0.9999765263726202,10,39.42883,-6.28528
2026-03-03,essft,70,,,0.027721221617289956,698.3761840532292,0.009900436291889268,0.027721221617289956,0.0,2026-03-03 18:47:51+00:00,2026-03-04 06:17:51+00:00,0.4412363993278781,11.666666666666666,1.0,10,39.42883,-6.28528
2026-03-04,essft,69,,,1.7853475936944936,943.5759216662528,0.6376241406051762,1.7853475936944936,0.020917844653466983,2026-03-04 18:47:51+00:00,2026-03-05 06:17:51+00:00,0.7325423595515153,11.5,0.9857142857142858,10,39.42883,-6.28528
2026-03-05,essft,69,,,1.699734655065813,1239.135992338671,0.6070480910949332,1.699734655065813,0.08451450142666157,2026-03-05 18:57:52+00:00,2026-03-06 06:17:51+00:00,0.38017780833323983,11.5,1.0,10,39.42883,-6.28528
2026-03-06,essft,69,,,1.744351462868677,1157.357557567121,0.6229826653102416,1.744351462868677,0.0,2026-03-06 18:57:51+00:00,2026-03-07 06:17:51+00:00,1.3183723166241623,11.5,1.0,10,39.42883,-6.28528
2026-03-07,essft,69,,,3.898459916702215,965.614461635069,1.3923071131079339,3.898459916702215,0.33075462210237194,2026-03-07 18:57:51+00:00,2026-03-08 06:17:51+00:00,1.0974493384521766,11.5,1.0,10,39.42883,-6.28528
2026-03-08,essft,69,1474.0352711480093,408.0501630149627,4.409278098742168,909.9851414845218,1.5747421781222026,4.409278098742168,0.6704811370373926,2026-03-08 18:57:52+00:00,2026-03-09 06:17:51+00:00,0.4429439754307676,11.5,1.0,10,39.42883,-6.28528
2026-03-09,essft,68,,,2.1598110668470754,1062.6294077794048,0.771361095302527,2.1598110668470754,0.0,2026-03-09 18:57:51+00:00,2026-03-10 06:07:52+00:00,0.8497909742857324,11.333333333333332,0.9999754907967942,10,39.42883,-6.28528
2026-03-10,essft,68,,,0.10543057932792342,1390.9938141575872,0.03765377833140121,0.10543057932792342,0.0,2026-03-10 18:57:51+00:00,2026-03-11 06:07:51+00:00,0.2944355279612703,11.333333333333332,1.0,10,39.42883,-6.28528
2026-03-11,essft,68,,,3.5579690358218024,986.2248410219285,1.2707032270792151,3.5579690358218024,0.14237286180212705,2026-03-11 18:57:52+00:00,2026-03-12 06:07:52+00:00,0.385050864457818,11.333333333333332,1.0,10,39.42883,-6.28528
2026-03-12,essft,68,1869.9520362132903,445.16245940943224,5.615020615629414,1024.96783251036,2.005364505581934,5.615020615629414,0.7000257596185925,2026-03-12 18:57:51+00:00,2026-03-13 06:07:51+00:00,0.3554315080982633,11.333333333333332,1.0,10,39.42883,-6.28528
2026-03-13,essft,68,,,2.707004940474187,1266.0240468023703,0.9667874787407811,2.707004940474187,0.0293945413121142,2026-03-13 18:57:51+00:00,2026-03-14 06:07:51+00:00,0.1681179772131145,11.333333333333332,1.0,10,39.42883,-6.28528
2026-03-14,essft,31,,,2.0910801133801864,1161.0911115848435,0.7468143262072092,2.0910801133801864,0.0,2026-03-14 18:57:51+00:00,2026-03-14 23:57:51+00:00,0.8509190486249876,5.166666666666666,0.9999999999999998,10,39.42883,-6.28528
2026-03-15,essft,1,,,1.1395385503768922,819.8060407554142,0.4069780537060329,1.1395385503768922,0.35704672329280757,2026-03-16 00:07:52+00:00,2026-03-16 00:07:52+00:00,0.4038270671351426,0.16666666666666666,1.0,10,39.42883,-6.28528
2026-03-16,essft,66,,,2.4181438968940214,1072.999942200251,0.8636228203192934,2.4181438968940214,0.3087253442357504,2026-03-16 19:07:51+00:00,2026-03-17 05:57:51+00:00,0.3799858615301283,11.0,1.0,10,39.42883,-6.28528
2026-03-17,essft,66,3486.7534241613657,1896.3421348958489,6.351299076820865,990.7742812390518,2.2683210988645945,6.351299076820865,0.8531615603056545,2026-03-17 19:07:52+00:00,2026-03-18 05:57:51+00:00,0.5902726965516935,11.0,1.0,10,39.42883,-6.28528
2026-03-18,essft,66,,,1.9891058722228718,1160.7096331459534,0.7103949543653112,1.9891058722228718,0.24737305193155656,2026-03-18 19:07:52+00:00,2026-03-19 05:57:51+00:00,1.0091501476315707,11.0,1.0,10,39.42883,-6.28528
2026-03-19,essft,66,,,2.3822912579233,1125.7303856822548,0.8508183064011785,2.3822912579233,0.02341513246492532,2026-03-19 19:07:52+00:00,2026-03-20 05:57:51+00:00,0.46897514378934196,11.0,1.0,10,39.42883,-6.28528
2026-03-20,essft,66,,,1.3214916131713175,1103.4047187464512,0.47196129041832763,1.3214916131713175,0.0,2026-03-20 19:07:52+00:00,2026-03-21 05:57:52+00:00,1.0373906839106763,11.0,1.0,10,39.42883,-6.28528
2026-03-21,essft,66,1668.48593953095,509.4460955858696,7.2894638931209395,1103.432824407141,2.6033799618289066,7.2894638931209395,0.6094950701789966,2026-03-21 19:07:51+00:00,2026-03-22 05:57:51+00:00,0.9674700557927548,11.0,1.0,10,39.42883,-6.28528
2026-03-22,essft,65,1468.7562458792204,281.57756366862037,4.7058074395473195,785.4680643560741,1.6806455141240424,4.7058074395473195,0.9822115226233067,2026-03-22 19:07:51+00:00,2026-03-23 05:47:51+00:00,0.47456047358999265,10.833333333333332,1.0,10,39.42883,-6.28528
2026-03-23,essft,65,,,3.8575194646303474,1160.2997374760876,1.3776855230822669,3.8575194646303474,0.31749375363196547,2026-03-23 19:07:51+00:00,2026-03-24 05:47:51+00:00,0.2724403659227306,10.833333333333332,1.0,10,39.42883,-6.28528
2026-03-24,essft,64,845.2278189942745,154.74577093488756,2.9571158558130266,840.2442421818489,1.0561128056475093,2.9571158558130266,0.9013799495769659,2026-03-24 19:17:51+00:00,2026-03-25 05:47:51+00:00,0.33949991417671443,10.666666666666666,1.0,10,39.42883,-6.28528
2026-03-25,essft,64,,,4.27833104878664,1045.3520124028908,1.527975374566657,4.27833104878664,0.41015143529408987,2026-03-25 19:17:52+00:00,2026-03-26 05:47:52+00:00,0.13514135836695249,10.666666666666666,1.0,10,39.42883,-6.28528
2026-03-26,essft,64,,,6.155737864505499,1016.472020393613,2.198477808751964,6.155737864505499,0.4538386116090393,2026-03-26 19:17:52+00:00,2026-03-27 05:47:51+00:00,0.10565372993484204,10.666666666666666,1.0,10,39.42883,-6.28528
2026-03-27,essft,64,,,2.482864165166393,1010.1910451282745,0.8867372018451403,2.482864165166393,0.16689718893200692,2026-03-27 19:17:51+00:00,2026-03-28 05:47:51+00:00,0.16820294863129615,10.666666666666666,1.0,10,39.42883,-6.28528
2026-03-28,essft,63,,,1.52951260284772,849.9851516292447,0.5462545010170429,1.52951260284772,0.17176383093531825,2026-03-28 19:17:52+00:00,2026-03-29 05:37:51+00:00,0.34078413327889784,10.5,1.0,10,39.42883,-6.28528
2026-03-29,essft,63,,,1.43298428475502,1044.3229403780663,0.5117801016982214,1.43298428475502,0.0,2026-03-29 19:17:51+00:00,2026-03-30 05:37:52+00:00,0.6913047934541902,10.5,0.9999735456733949,10,39.42883,-6.28528
2026-03-30,essft,63,,,4.225555570920309,1016.5807187076518,1.509126989614396,4.225555570920309,0.3116101206967941,2026-03-30 19:17:51+00:00,2026-03-31 05:37:51+00:00,0.4199701242125397,10.5,1.0,10,39.42883,-6.28528
2026-03-31,essft,63,,,3.520063810499888,1070.27857191039,1.2571656466071028,3.520063810499888,0.2867146870442329,2026-03-31 19:17:52+00:00,2026-04-01 05:37:51+00:00,0.2539631405143418,10.5,1.0,10,39.42883,-6.28528
2026-04-01,essft,63,1040.2717756612083,213.8001284234977,5.59738121289346,937.6374734704727,1.9990647188905213,5.59738121289346,0.6572993178151072,2026-04-01 19:17:52+00:00,2026-04-02 05:37:52+00:00,0.24601502511573195,10.5,1.0,10,39.42883,-6.28528
2026-04-02,essft,63,761.3773862747114,215.09483864961152,4.532417526155238,854.6896923660428,1.6187205450554418,4.532417526155238,0.5700496259417623,2026-04-02 19:17:51+00:00,2026-04-03 05:37:51+00:00,0.36101879619879507,10.5,1.0,10,39.42883,-6.28528
2026-04-03,essft,61,1332.6032147296269,234.78200323316895,4.608315550303851,869.850773518446,1.645826982251375,4.608315550303851,0.9325007617640885,2026-04-03 19:27:51+00:00,2026-04-04 05:27:51+00:00,0.15514793643905292,10.166666666666666,1.0,10,39.42883,-6.28528
2026-04-04,essft,61,296.37397357074616,160.17438549524383,1.9670501503665918,979.1605656361932,0.7025179108452113,1.9670501503665918,0.7237724336889102,2026-04-04 19:27:51+00:00,2026-04-05 05:27:51+00:00,0.12577183305538467,10.166666666666666,1.0,10,39.42883,-6.28528
2026-04-05,essft,61,1290.6123490302846,337.69520181753427,5.598079099616067,1060.7661693939513,1.999313964148595,5.598079099616067,0.6921594137644116,2026-04-05 19:27:51+00:00,2026-04-06 05:27:51+00:00,0.16241200055394853,10.166666666666666,1.0,10,39.42883,-6.28528
2026-04-06,essft,61,,,2.400333353730499,1095.6465343772097,0.8572619120466067,2.400333353730499,0.4439792164855322,2026-04-06 19:27:52+00:00,2026-04-07 05:27:52+00:00,0.26762276349627245,10.166666666666666,1.0,10,39.42883,-6.28528
2026-04-07,essft,61,,,2.658632320458772,1282.7394909898226,0.9495115430209898,2.658632320458772,0.19595018662399696,2026-04-07 19:27:51+00:00,2026-04-08 05:27:51+00:00,0.6974450958371763,10.166666666666666,1.0,10,39.42883,-6.28528
2026-04-08,essft,61,,,1.186744794884666,1240.356902314913,0.42383742674452357,1.186744794884666,0.13042454157027872,2026-04-08 19:27:51+00:00,2026-04-09 05:27:51+00:00,1.4316605197067114,10.166666666666666,1.0,10,39.42883,-6.28528
2026-04-09,essft,61,,,4.150148860352939,1137.129942720703,1.4821960215546208,4.150148860352939,0.45136801861375947,2026-04-09 19:27:51+00:00,2026-04-10 05:27:52+00:00,0.46009792379802567,10.166666666666666,0.9999726783421219,10,39.42883,-6.28528
2026-04-10,essft,60,705.755224575056,248.5441660570857,4.692583586076895,1032.1528084574343,1.675922709313177,4.692583586076895,0.720683209724322,2026-04-10 19:27:51+00:00,2026-04-11 05:17:51+00:00,1.5562934578214613,10.0,1.0,10,39.42883,-6.28528
2026-04-11,essft,60,,,0.9753345849116644,1105.455196701772,0.3483337803255944,0.9753345849116644,0.09469457082343745,2026-04-11 19:27:52+00:00,2026-04-12 05:17:52+00:00,0.8984740419946686,10.0,1.0,10,39.42883,-6.28528
2026-04-12,essft,60,,,0.12026829431454342,734.4996590267996,0.04295296225519407,0.12026829431454342,0.0,2026-04-12 19:27:52+00:00,2026-04-13 05:17:51+00:00,2.081872292087831,10.0,1.0,10,39.42883,-6.28528
2026-04-13,essft,59,,,0.6480814028594454,727.6476074873401,0.23145764387837334,0.6480814028594454,0.026974638959791707,2026-04-13 19:37:51+00:00,2026-04-14 05:17:51+00:00,1.1290852808474845,9.833333333333332,1.0,10,39.42883,-6.28528
2026-04-14,essft,59,,,2.4815603344117183,1257.4621220669537,0.8862715480041851,2.4815603344117183,0.16534076558505786,2026-04-14 19:37:51+00:00,2026-04-15 05:17:51+00:00,0.27847768464430117,9.833333333333332,1.0,10,39.42883,-6.28528
2026-04-15,essft,59,,,2.161066645888959,1233.7451765019835,0.7718095163889139,2.161066645888959,0.47064325729062195,2026-04-15 19:37:51+00:00,2026-04-16 05:17:51+00:00,0.0799897985798972,9.833333333333332,1.0,10,39.42883,-6.28528
2026-04-16,essft,58,75.5419032638668,40.15032448391242,1.2376247634147775,1097.6601858793263,0.44200884407670626,1.2376247634147775,0.6751031327643048,2026-04-16 19:37:51+00:00,2026-04-17 05:07:51+00:00,0.12483512899941868,9.666666666666666,1.0,10,39.42883,-6.28528
2026-04-17,essft,58,,,0.9141386369179035,1516.9598407651163,0.32647808461353695,0.9141386369179035,0.1383372561277617,2026-04-17 19:37:51+00:00,2026-04-18 05:07:51+00:00,0.05677721248447545,9.666666666666666,1.0,10,39.42883,-6.28528
2026-04-18,essft,58,,,0.3040413745518389,1277.0416773687837,0.1085862051970853,0.3040413745518389,0.3724892802852925,2026-04-18 19:37:52+00:00,2026-04-19 05:07:51+00:00,0.04992448716422583,9.666666666666666,1.0,10,39.42883,-6.28528
2026-04-19,essft,58,,,0.4721479367593239,1316.2225825166413,0.16862426312832995,0.4721479367593239,0.2575708052211516,2026-04-19 19:37:52+00:00,2026-04-20 05:07:52+00:00,0.04135375094583157,9.666666666666666,1.0,10,39.42883,-6.28528
2026-04-20,essft,58,,,0.4442902984290288,1238.9594297129033,0.15867510658179598,0.4442902984290288,0.0,2026-04-20 19:37:52+00:00,2026-04-21 05:07:51+00:00,0.39042490050484313,9.666666666666666,1.0,10,39.42883,-6.28528
2026-04-21,essft,58,,,0.42957478168195695,1027.1372933919936,0.1534195648864132,0.42957478168195695,0.10200319683080822,2026-04-21 19:37:51+00:00,2026-04-22 05:07:52+00:00,0.9624227639591815,9.666666666666666,0.999971265193529,10,39.42883,-6.28528
2026-04-22,essft,57,,,0.09659681654812997,1547.2628041930193,0.03449886305290356,0.09659681654812997,0.0,2026-04-22 19:47:51+00:00,2026-04-23 05:07:51+00:00,0.192765284809569,9.5,1.0,10,39.42883,-6.28528
2026-04-23,essft,56,,,0.38762016977582664,1306.4050948526976,0.13843577491993805,0.38762016977582664,0.4574908128711323,2026-04-23 19:47:51+00:00,2026-04-24 04:57:52+00:00,0.2743107306889643,9.333333333333332,0.9999702389809826,10,39.42883,-6.28528
2026-04-24,essft,56,,,1.8135068499616216,1292.5032384298759,0.6476810178434362,1.8135068499616216,0.1889617540146779,2026-04-24 19:47:51+00:00,2026-04-25 04:57:51+00:00,0.2930027533135589,9.333333333333332,1.0,10,39.42883,-6.28528
2026-04-25,essft,56,,,1.9325193238045488,1322.223891953729,0.6901854727873389,1.9325193238045488,0.3062565737866689,2026-04-25 19:47:52+00:00,2026-04-26 04:57:51+00:00,0.415141997610769,9.333333333333332,1.0,10,39.42883,-6.28528
2026-04-26,essft,56,158.5686716984559,115.72432635590503,1.145617891209466,1109.9022523827514,0.4091492468605236,1.145617891209466,0.6423774789692885,2026-04-26 19:47:51+00:00,2026-04-27 04:57:52+00:00,0.43785340822226293,9.333333333333332,0.9999702389809826,10,39.42883,-6.28528
2026-04-27,essft,56,,,0.5204937832696097,1097.7321272974114,0.18589063688200347,0.5204937832696097,0.04743557381164042,2026-04-27 19:47:51+00:00,2026-04-28 04:57:51+00:00,0.4055110503946032,9.333333333333332,1.0,10,39.42883,-6.28528
2026-04-28,essft,56,,,2.500593150513513,1150.3327859823567,0.8930689823262545,2.500593150513513,0.1620789227796755,2026-04-28 19:47:51+00:00,2026-04-29 04:57:52+00:00,0.6172321335433569,9.333333333333332,0.9999702389809826,10,39.42883,-6.28528
2026-04-29,essft,56,,,0.7197605390633857,1258.286660241114,0.25705733537978054,0.7197605390633857,0.12939266303036007,2026-04-29 19:47:51+00:00,2026-04-30 04:57:51+00:00,0.7950038951296443,9.333333333333332,1.0,10,39.42883,-6.28528
2026-04-30,essft,55,15.202359103695507,8.373306428468364,0.47009816754948014,900.5565071547118,0.16789220269624291,0.47009816754948014,0.7324992151273493,2026-04-30 19:47:51+00:00,2026-05-01 04:47:51+00:00,0.4005590003558007,9.166666666666666,1.0,10,39.42883,-6.28528
2026-05-01,essft,55,,,0.020494807850230824,1547.4676125178755,0.007319574232225294,0.020494807850230824,0.0,2026-05-01 19:47:51+00:00,2026-05-02 04:47:52+00:00,0.5414223771374252,9.166666666666666,0.9999696978879429,10,39.42883,-6.28528
2026-05-02,essft,54,,,0.09313494805936459,1443.9787223687392,0.03326248144977307,0.09313494805936459,0.15602126172443379,2026-05-02 19:57:51+00:00,2026-05-03 04:47:51+00:00,0.8338428096516632,9.0,1.0,10,39.42883,-6.28528
2026-05-03,essft,54,,,0.7942845077426346,1036.7351559591398,0.28367303847951236,0.7942845077426346,0.45505651672794073,2026-05-03 19:57:51+00:00,2026-05-04 04:47:51+00:00,0.6679734018967396,9.0,1.0,10,39.42883,-6.28528
2026-05-04,essft,54,,,2.3406784492510337,1114.195590787409,0.8359565890182262,2.3406784492510337,0.043337723942718655,2026-05-04 19:57:52+00:00,2026-05-05 04:47:52+00:00,0.9721794158213288,9.0,1.0,10,39.42883,-6.28528
2026-05-05,essft,54,,,2.6250503743688265,1154.0590511751634,0.9375179908460095,2.6250503743688265,0.15268274284891675,2026-05-05 19:57:51+00:00,2026-05-06 04:47:51+00:00,0.5451382314926364,9.0,1.0,10,39.42883,-6.28528
2026-05-06,essft,54,,,0.16715137428707547,836.4747561298076,0.05969691938824124,0.16715137428707547,0.16730243544012563,2026-05-06 19:57:51+00:00,2026-05-07 04:47:52+00:00,0.30922983634823,9.0,0.9999691367550385,10,39.42883,-6.28528
2026-05-07,essft,54,279.6479174050445,157.843992147457,2.414537434224729,994.1560498414742,0.8623347979374033,2.414537434224729,0.9738572837943162,2026-05-07 19:57:51+00:00,2026-05-08 04:47:51+00:00,0.44918625161625403,9.0,1.0,10,39.42883,-6.28528
2026-05-08,essft,53,,,0.020912070094414478,1564.968430933803,0.007468596462290885,0.020912070094414478,0.0,2026-05-08 19:57:52+00:00,2026-05-09 04:37:52+00:00,0.792243389450774,8.833333333333332,1.0,10,39.42883,-6.28528
2026-05-09,essft,53,,,2.8317493025986655,908.8749527271004,1.0113390366423805,2.8317493025986655,0.14497723193314468,2026-05-09 19:57:51+00:00,2026-05-10 04:37:51+00:00,1.7867052300318038,8.833333333333332,1.0,10,39.42883,-6.28528
2026-05-10,essft,53,,,1.2480922001993882,1353.8260323692011,0.4457472143569243,1.2480922001993882,0.07640338354759911,2026-05-10 19:57:51+00:00,2026-05-11 04:37:51+00:00,1.6050904498848342,8.833333333333332,1.0,10,39.42883,-6.28528
2026-05-11,essft,52,,,1.2309215013797468,1305.8543240193503,0.4396148219213381,1.2309215013797468,0.14037413465650805,2026-05-11 20:07:51+00:00,2026-05-12 04:37:51+00:00,1.112611860091433,8.666666666666666,1.0,10,39.42883,-6.28528
2026-05-12,essft,52,,,1.4243884565738534,1230.3271053909573,0.5087101630620904,1.4243884565738534,0.12530728415271336,2026-05-12 20:07:52+00:00,2026-05-13 04:37:51+00:00,0.38893867625203327,8.666666666666666,1.0,10,39.42883,-6.28528
2026-05-13,essft,52,,,1.7099239117824114,1336.2039217894965,0.6106871113508613,1.7099239117824114,0.19455222388927032,2026-05-13 20:07:52+00:00,2026-05-14 04:37:51+00:00,0.30678936305171006,8.666666666666666,1.0,10,39.42883,-6.28528
2026-05-14,essft,52,,,1.8022505781971494,1008.6632911650743,0.6436609207846961,1.8022505781971494,0.3689713341917563,2026-05-14 20:07:51+00:00,2026-05-15 04:37:52+00:00,2.1648898072295135,8.666666666666666,0.9999679497452005,10,39.42883,-6.28528
2026-05-15,essft,52,,,1.1852443913427684,1197.2077724284889,0.423301568336703,1.1852443913427684,0.2904894192581513,2026-05-15 20:07:52+00:00,2026-05-16 04:37:51+00:00,1.9563710125668092,8.666666666666666,1.0,10,39.42883,-6.28528
2026-05-16,essft,52,214.3092683001635,96.56284826869376,2.46117381636913,976.4227525066398,0.8789906487032607,2.46117381636913,0.7863673365224291,2026-05-16 20:07:51+00:00,2026-05-17 04:37:51+00:00,0.38131869063736534,8.666666666666666,1.0,10,39.42883,-6.28528
2026-05-17,essft,52,168.25306437449035,98.14117611513305,1.8892563967750624,1059.787571245433,0.674734427419665,1.8892563967750624,0.6852698694076215,2026-05-17 20:07:51+00:00,2026-05-18 04:37:51+00:00,0.2666099975016103,8.666666666666666,1.0,10,39.42883,-6.28528
2026-05-18,essft,51,38.04398481302924,38.37323634245986,0.6217590542400585,1043.40420145952,0.2220568050857352,0.6217590542400585,0.5694352345268122,2026-05-18 20:07:52+00:00,2026-05-19 04:27:51+00:00,0.35618584729549196,8.5,1.0,10,39.42883,-6.28528
2026-05-19,essft,51,26.351124591299314,14.893342277795984,1.5184212778128832,934.7994225912939,0.5422933135046011,1.5184212778128832,0.664941463473062,2026-05-19 20:07:51+00:00,2026-05-20 04:27:51+00:00,0.09370134735840355,8.5,1.0,10,39.42883,-6.28528
2026-05-20,essft,51,159.32388136307208,175.47336993853307,1.0507899994943657,879.6261629611192,0.3752821426765591,1.0507899994943657,0.7767664811602324,2026-05-20 20:07:51+00:00,2026-05-21 04:27:51+00:00,0.010881876745143858,8.5,1.0,10,39.42883,-6.28528
2026-05-21,essft,50,,,0.10422410380840301,1426.4792011926295,0.03722289421728679,0.10422410380840301,0.0,2026-05-21 20:17:51+00:00,2026-05-22 04:27:51+00:00,0.11166839656263429,8.333333333333332,1.0,10,39.42883,-6.28528
2026-05-22,essft,50,,,0.5610355052947998,1115.1496392060735,0.20036982331957134,0.5610355052947998,0.20260958859166014,2026-05-22 20:17:52+00:00,2026-05-23 04:27:52+00:00,0.15113970871482577,8.333333333333332,1.0,10,39.42883,-6.28528
2026-05-23,essft,50,,,0.03756052017211914,599.9999843452651,0.013414471490042547,0.03756052017211914,0.0,2026-05-23 20:17:52+00:00,2026-05-24 04:27:51+00:00,0.6238254005887678,8.333333333333332,1.0,10,39.42883,-6.28528
2026-05-24,essft,50,82.16397888664801,74.83417415720324,0.5477218475341797,1135.6509232079832,0.1956149455479213,0.5477218475341797,0.7632954090797498,2026-05-24 20:17:51+00:00,2026-05-25 04:27:51+00:00,0.20543481957699572,8.333333333333332,1.0,10,39.42883,-6.28528
2026-05-25,essft,50,,,0.1378908429145813,1493.2622232698236,0.049246729612350465,0.1378908429145813,0.0,2026-05-25 20:17:52+00:00,2026-05-26 04:27:51+00:00,0.10795929181580763,8.333333333333332,1.0,10,39.42883,-6.28528
2026-05-26,essft,50,,,0.5984021886587143,1522.5913690272748,0.21371506737811224,0.5984021886587143,0.06226999402929288,2026-05-26 20:17:51+00:00,2026-05-27 04:27:52+00:00,0.07654182237040784,8.333333333333332,0.9999666677777407,10,39.42883,-6.28528
2026-05-27,essft,50,,,1.9712060685157777,1006.5465028309897,0.7040021673270634,1.9712060685157777,0.3329281542514529,2026-05-27 20:17:51+00:00,2026-05-28 04:27:51+00:00,0.22587814309767315,8.333333333333332,1.0,10,39.42883,-6.28528
2026-05-28,essft,50,,,1.0613668388873339,1341.7219055086812,0.3790595853169049,1.0613668388873339,0.17526652400425413,2026-05-28 20:17:52+00:00,2026-05-29 04:27:51+00:00,0.08885252333379218,8.333333333333332,1.0,10,39.42883,-6.28528
2026-05-29,essft,50,,,1.1044775042533876,1377.6237395800283,0.394456251519067,1.1044775042533876,0.10442605216136779,2026-05-29 20:17:51+00:00,2026-05-30 04:27:51+00:00,0.16440306464210153,8.333333333333332,1.0,10,39.42883,-6.28528
2026-05-30,essft,50,,,0.98193676507473,1448.4962144450765,0.3506917018124035,0.98193676507473,0.11336792752804428,2026-05-30 20:17:52+00:00,2026-05-31 04:27:51+00:00,0.19362995571323804,8.333333333333332,1.0,10,39.42883,-6.28528
2026-05-31,essft,50,,,1.3616134872436525,1417.5310223907184,0.4862905311584473,1.3616134872436525,0.11679849714602253,2026-05-31 20:17:51+00:00,2026-06-01 04:27:51+00:00,0.16150920912810135,8.333333333333332,1.0,10,39.42883,-6.28528
2026-06-15,essft,38,,,2.3925113038012857,1306.5889698478431,0.8544683227861735,2.3925113038012857,0.05808820910410347,2026-06-15 20:47:50+00:00,2026-06-16 04:17:50+00:00,1.0907207317166514,6.333333333333333,0.826086956521739,10,39.42883,-6.28528
2026-06-16,essft,48,,,3.248038192590078,1279.6209431411598,1.1600136402107422,3.248038192590078,0.24384836863744871,2026-06-16 20:27:51+00:00,2026-06-17 04:17:50+00:00,1.9176231062218252,8.0,1.0,10,39.42883,-6.28528
2026-06-17,essft,48,,,2.5933251063028973,1171.5729127391564,0.9261875379653204,2.5933251063028973,0.16250543305356635,2026-06-17 20:27:50+00:00,2026-06-18 04:17:51+00:00,1.7472277734645458,8.0,0.9999652789833687,10,39.42883,-6.28528
2026-06-18,essft,48,,,3.939504732688268,1100.0368401019964,1.4069659759600956,3.939504732688268,0.3214454311280268,2026-06-18 20:27:51+00:00,2026-06-19 04:17:51+00:00,1.7751562571189181,8.0,1.0,10,39.42883,-6.28528
2026-06-19,essft,48,,,5.6281663576761884,1308.7812445832383,2.010059413455781,5.6281663576761884,0.05190702325814337,2026-06-19 20:27:50+00:00,2026-06-20 04:17:50+00:00,2.281636112055871,8.0,1.0,10,39.42883,-6.28528
2026-06-20,essft,47,,,3.6353600258522847,1377.8188067694907,1.2983428663758159,3.6353600258522847,0.2112198572967833,2026-06-20 20:37:50+00:00,2026-06-21 04:17:51+00:00,1.6852703376211606,7.833333333333333,0.9999645402645295,10,39.42883,-6.28528
2026-06-21,essft,47,,,6.022073950666063,1239.55212409975,2.150740696666451,6.022073950666063,0.2781029845645417,2026-06-21 20:37:50+00:00,2026-06-22 04:17:50+00:00,1.8054964964982692,7.833333333333333,0.9999999999999999,10,39.42883,-6.28528
2026-06-22,essft,47,,,4.840763817442224,1043.0131613545536,1.72884422051508,4.840763817442224,0.3710892230592605,2026-06-22 20:37:50+00:00,2026-06-23 04:17:50+00:00,1.487384041150411,7.833333333333333,0.9999999999999999,10,39.42883,-6.28528
2026-06-23,essft,47,,,3.8130636945683904,1117.764702701699,1.3618084623458537,3.8130636945683904,0.20944284467550053,2026-06-23 20:37:51+00:00,2026-06-24 04:17:50+00:00,2.329380737095283,7.833333333333333,1.0,10,39.42883,-6.28528
2026-06-24,essft,47,,,4.719069155226363,777.2919513214474,1.6853818411522723,4.719069155226363,0.198356741540419,2026-06-24 20:37:50+00:00,2026-06-25 04:17:50+00:00,5.775493587345884,7.833333333333333,0.9999999999999999,10,39.42883,-6.28528
2026-06-25,essft,47,,,4.800284604823336,812.7611788328305,1.7143873588654772,4.800284604823336,0.0,2026-06-25 20:37:50+00:00,2026-06-26 04:17:50+00:00,5.787301598402559,7.833333333333333,0.9999999999999999,10,39.42883,-6.28528
2026-06-26,essft,47,,,5.385396427296578,958.0662253020589,1.9233558668916346,5.385396427296578,0.12164231435715099,2026-06-26 20:37:50+00:00,2026-06-27 04:17:51+00:00,3.0863011499351085,7.833333333333333,0.9999645402645295,10,39.42883,-6.28528
2026-06-27,essft,48,,,3.1305004994074506,907.3034638029776,1.118035892645518,3.1305004994074506,0.0,2026-06-27 20:37:50+00:00,2026-06-28 04:27:51+00:00,2.680053176913522,8.0,0.9999652789833687,10,39.42883,-6.28528
2026-06-28,essft,48,,,4.366727687915167,773.7445437841009,1.559545602826845,4.366727687915167,0.012630027709802935,2026-06-28 20:37:51+00:00,2026-06-29 04:27:51+00:00,3.6483185829519176,8.0,1.0,10,39.42883,-6.28528
2026-06-29,essft,48,,,6.837050398190816,903.9020627780967,2.4418037136395774,6.837050398190816,0.05308381627358815,2026-06-29 20:37:50+00:00,2026-06-30 04:27:50+00:00,3.974531913442271,8.0,1.0,10,39.42883,-6.28528
2026-07-02,essft,48,,,3.7559567938248315,1015.8572302199051,1.3414131406517258,3.7559567938248315,0.1311349828093696,2026-07-02 20:37:51+00:00,2026-07-03 04:27:50+00:00,3.1522069736979064,8.0,1.0,10,39.42883,-6.28528
2026-07-03,essft,48,,,5.314170869191488,1113.128265432735,1.8979181675683885,5.314170869191488,0.27339964358728486,2026-07-03 20:37:50+00:00,2026-07-04 04:27:50+00:00,3.512804657904139,8.0,1.0,10,39.42883,-6.28528
2026-07-04,essft,49,,,4.833189965267571,977.7720947545256,1.7261392733098464,4.833189965267571,0.13994529251836435,2026-07-04 20:27:51+00:00,2026-07-05 04:27:50+00:00,2.969867540835493,8.166666666666666,1.0,10,39.42883,-6.28528
2026-07-05,essft,49,,,2.4846106548698583,970.7918723759476,0.8873609481678064,2.4846106548698583,0.036212683369887734,2026-07-05 20:27:50+00:00,2026-07-06 04:27:50+00:00,4.133231905402329,8.166666666666666,1.0,10,39.42883,-6.28528
2026-07-06,essft,49,,,1.6851574980482764,918.3576008611221,0.60184196358867,1.6851574980482764,0.0363474096721071,2026-07-06 20:27:50+00:00,2026-07-07 04:27:50+00:00,3.542847109976269,8.166666666666666,1.0,10,39.42883,-6.28528
2026-07-07,essft,49,,,5.020160178262361,839.4644575222612,1.7929143493794142,5.020160178262361,0.26138520877951393,2026-07-07 20:27:50+00:00,2026-07-08 04:27:50+00:00,5.933280172802153,8.166666666666666,1.0,10,39.42883,-6.28528
2026-07-08,essft,49,,,3.159949700199828,898.2028655701151,1.1285534643570814,3.159949700199828,0.0,2026-07-08 20:27:50+00:00,2026-07-09 04:27:51+00:00,4.769851030916554,8.166666666666666,0.999965987551444,10,39.42883,-6.28528
2026-07-09,essft,49,,,3.59955545055623,926.1012249906407,1.2855555180557963,3.59955545055623,0.0,2026-07-09 20:27:51+00:00,2026-07-10 04:27:51+00:00,4.350951259834216,8.166666666666666,1.0,10,39.42883,-6.28528
2026-07-10,essft,49,,,5.0237951726329575,856.2711663176518,1.7942125616546274,5.0237951726329575,0.3864636988482883,2026-07-10 20:27:50+00:00,2026-07-11 04:27:50+00:00,8.094845385988762,8.166666666666666,1.0,10,39.42883,-6.28528
2026-07-11,essft,49,,,0.6041742986562301,773.190440784395,0.21577653523436788,0.6041742986562301,0.0,2026-07-11 20:27:51+00:00,2026-07-12 04:27:50+00:00,4.897254959174565,8.166666666666666,1.0,10,39.42883,-6.28528
2026-07-12,essft,49,,,0.10157047193877553,1199.9999884266542,0.036275168549562684,0.10157047193877553,0.0,2026-07-12 20:27:51+00:00,2026-07-13 04:27:50+00:00,4.174598557608468,8.166666666666666,1.0,10,39.42883,-6.28528
2026-08-06,essft,54,1554.5334366350737,383.2477495568508,9.39054185461115,893.4384379104088,3.3537649480754106,9.39054185461115,0.604010099376451,2026-08-06 20:07:51+00:00,2026-08-07 04:57:51+00:00,3.7569082314096707,9.0,1.0,10,39.42883,-6.28528
2026-08-07,essft,54,1499.4279524279332,442.20766693420927,7.312236510382759,925.0154384757143,2.6115130394224138,7.312236510382759,0.6149880901536992,2026-08-07 20:07:50+00:00,2026-08-08 04:57:50+00:00,4.485378295407259,9.0,1.0,10,39.42883,-6.28528
2026-08-08,essft,54,,,2.1860231902864244,807.9659057687819,0.7807225679594373,2.1860231902864244,0.14651117306241948,2026-08-08 20:07:50+00:00,2026-08-09 04:57:50+00:00,5.359534925312028,9.0,1.0,10,39.42883,-6.28528
2026-08-09,essft,55,,,9.458764042420823,926.2642076679323,3.378130015150293,9.458764042420823,0.3689515982075326,2026-08-09 19:57:51+00:00,2026-08-10 04:57:51+00:00,4.209051865384095,9.166666666666666,1.0,10,39.42883,-6.28528
2026-08-10,essft,55,,,5.357804213437167,964.0339060097663,1.9135015047989883,5.357804213437167,0.3084252143690814,2026-08-10 19:57:50+00:00,2026-08-11 04:57:50+00:00,2.959865703618616,9.166666666666666,1.0,10,39.42883,-6.28528
2026-08-11,essft,55,,,4.438305918953636,1008.9912985275524,1.5851092567691554,4.438305918953636,0.4184224645663059,2026-08-11 19:57:50+00:00,2026-08-12 04:57:50+00:00,2.1162277646082686,9.166666666666666,1.0,10,39.42883,-6.28528
2026-08-12,essft,55,1292.631730768932,319.24978279364893,9.803120331330733,976.80779164828,3.50111440404669,9.803120331330733,0.5058871409023931,2026-08-12 19:57:51+00:00,2026-08-13 04:57:50+00:00,2.410310904721956,9.166666666666666,1.0,10,39.42883,-6.28528
2026-08-13,essft,56,,,5.50137415272849,1035.527804930551,1.9647764831173176,5.50137415272849,0.4981739172326824,2026-08-13 19:57:51+00:00,2026-08-14 05:07:50+00:00,4.392338503428868,9.333333333333332,1.0,10,39.42883,-6.28528
2026-08-14,essft,56,,,8.216980191639491,1065.6596298138963,2.9346357827283898,8.216980191639491,0.28193411468822477,2026-08-14 19:57:50+00:00,2026-08-15 05:07:50+00:00,3.423231902803693,9.333333333333332,1.0,10,39.42883,-6.28528
2026-08-15,essft,56,,,2.179930924517768,809.5638697858859,0.7785467587563456,2.179930924517768,0.04811896624647088,2026-08-15 19:57:51+00:00,2026-08-16 05:07:50+00:00,3.7052457264491494,9.333333333333332,1.0,10,39.42883,-6.28528
2026-08-16,essft,56,2049.2859308452953,356.65121913408404,12.487281626888684,998.0900324800878,4.45974343817453,12.487281626888684,0.5279211174860968,2026-08-16 19:57:50+00:00,2026-08-17 05:07:50+00:00,1.9854572498230705,9.333333333333332,1.0,10,39.42883,-6.28528
2026-08-17,essft,57,2409.4458295851523,657.2597876502145,12.548591383716516,1031.6120952826896,4.481639779898756,12.548591383716516,0.5799906175846864,2026-08-17 19:47:50+00:00,2026-08-18 05:07:51+00:00,2.871859336580549,9.5,0.9999707610888572,10,39.42883,-6.28528
2026-08-18,essft,57,,,2.1452976753837185,1117.0604475200535,0.7661777412084708,2.1452976753837185,0.027336883211114684,2026-08-18 19:47:50+00:00,2026-08-19 05:07:50+00:00,3.8895674644750056,9.5,1.0,10,39.42883,-6.28528
2026-08-19,essft,31,,,1.9114906187980407,977.5043771520875,0.6826752209993002,1.9114906187980407,0.0,2026-08-20 00:07:50+00:00,2026-08-20 05:07:50+00:00,3.921899631216719,5.166666666666666,0.9999999999999998,10,39.42883,-6.28528
2026-08-20,essft,54,,,5.129302349797002,1042.5669828883254,1.831893696356072,5.129302349797002,0.3054988674370905,2026-08-20 19:47:50+00:00,2026-08-21 05:07:50+00:00,2.378577017737461,9.0,0.9473684210526315,10,39.42883,-6.28528
2026-08-21,essft,50,,,9.494021818161011,1008.6429705047933,3.390722077914647,9.494021818161011,0.49157030233978594,2026-08-21 19:47:51+00:00,2026-08-22 05:07:50+00:00,1.9942227114436677,8.333333333333332,0.8772186321237463,10,39.42883,-6.28528
2026-08-22,essft,57,727.4580734044368,184.9197081046328,5.541387539579158,890.5703337128783,1.9790669784211277,5.541387539579158,0.6130513977892764,2026-08-22 19:47:50+00:00,2026-08-23 05:07:50+00:00,4.134636282454265,9.5,1.0,10,39.42883,-6.28528
2026-08-23,essft,59,,,1.8825843940346931,880.6570994972533,0.6723515692981045,1.8825843940346931,0.0,2026-08-23 19:37:51+00:00,2026-08-24 05:17:50+00:00,3.1326033590824403,9.833333333333332,1.0,10,39.42883,-6.28528
2026-08-24,essft,56,,,0.7719760724476405,804.799970497679,0.27570574015987165,0.7719760724476405,0.0,2026-08-24 19:37:50+00:00,2026-08-25 05:17:50+00:00,4.481339186838229,9.333333333333332,0.9491525423728814,10,39.42883,-6.28528
2026-08-25,essft,59,,,2.182008851584742,1082.1347950223935,0.7792888755659791,2.182008851584742,0.1815153902909852,2026-08-25 19:37:50+00:00,2026-08-26 05:17:51+00:00,3.518969468874474,9.833333333333332,0.9999717522103895,10,39.42883,-6.28528
2026-08-26,essft,59,,,3.371192838377872,1001.3401857437223,1.2039974422778112,3.371192838377872,0.0,2026-08-26 19:37:50+00:00,2026-08-27 05:17:50+00:00,1.7168181316959883,9.833333333333332,1.0,10,39.42883,-6.28528
2026-08-27,essft,59,,,1.9472709776991506,726.2896410400023,0.6954539206068394,1.9472709776991506,0.0,2026-08-27 19:37:51+00:00,2026-08-28 05:17:50+00:00,3.6342149444522223,9.833333333333332,1.0,10,39.42883,-6.28528
2026-08-28,essft,59,2221.1685151572738,474.66021365607656,9.588801539146294,997.1371952052175,3.4245719782665334,9.588801539146294,0.6362584982616407,2026-08-28 19:37:51+00:00,2026-08-29 05:17:50+00:00,0.7526735072098081,9.833333333333332,1.0,10,39.42883,-6.28528
2026-08-29,essft,59,1856.4056353830933,466.96890377430896,9.49273398447845,1067.7907704386027,3.390262137313732,9.49273398447845,0.5733684952292173,2026-08-29 19:37:50+00:00,2026-08-30 05:17:50+00:00,1.0929198080585116,9.833333333333332,1.0,10,39.42883,-6.28528
2026-08-30,essft,58,2726.775806986996,494.1415987008668,11.334479770989255,828.6319407314464,4.0480284896390195,11.334479770989255,0.6537899197744185,2026-08-30 19:27:51+00:00,2026-08-31 05:17:51+00:00,1.7477694066094436,9.666666666666666,0.9666666666666666,10,39.42883,-6.28528
2026-08-31,essft,11,,,8.141831809824163,970.4785467390533,2.9077970749372013,8.141831809824163,0.4249968193710677,2026-08-31 19:27:50+00:00,2026-08-31 23:57:51+00:00,1.155933239854368,1.8333333333333333,0.39283375989524427,10,39.42883,-6.28528
2025-10-31,ptlis,27,,,2.8198691355607783,1036.9158592869674,0.33569870661437834,2.8198691355607783,0.49761392023818707,2025-11-01 00:00:00+00:00,2025-11-01 06:30:00+00:00,1.4297466065662743,6.75,1.0,15,39.07136,-8.40013
2025-11-01,ptlis,50,5180.891529184464,716.9747951373711,15.419379651996714,494.56418408732185,1.8356404347615136,15.419379651996714,0.971604774347381,2025-11-01 18:15:00+00:00,2025-11-02 06:30:00+00:00,0.2569442418875372,12.5,1.0,15,39.07136,-8.40013
2025-11-02,ptlis,51,8799.807708746272,982.4866457534102,28.423792586844773,653.3546902561131,3.3837848317672345,28.423792586844773,0.9963921116714445,2025-11-02 18:00:00+00:00,2025-11-03 06:30:00+00:00,0.302969817791087,12.75,1.0,15,39.07136,-8.40013
2025-11-03,ptlis,51,3581.9784771399704,453.89643336615165,12.397786933633624,462.96707972380204,1.4759270159087645,12.397786933633624,0.9747415713779635,2025-11-03 18:00:00+00:00,2025-11-04 06:30:00+00:00,0.5371630761762004,12.75,1.0,15,39.07136,-8.40013
2025-11-04,ptlis,51,2727.358149424091,422.76385362152007,5.550207746284615,660.1332690393589,0.6607390174148351,5.550207746284615,0.7509841253540365,2025-11-04 18:00:00+00:00,2025-11-05 06:30:00+00:00,0.8146523700864211,12.75,1.0,15,39.07136,-8.40013
2025-11-05,ptlis,44,941.6183758285846,139.9509971484638,3.180685365058393,625.0958954113961,0.3939408128307745,3.180685365058393,0.832847053006673,2025-11-05 19:45:00+00:00,2025-11-06 06:30:00+00:00,0.6898068268035921,11.0,1.0,15,39.07136,-8.40013
2025-11-06,ptlis,51,1688.3593656281573,324.3549111384246,5.407617354483214,614.8954557993096,0.643763970771811,5.407617354483214,0.917709301471878,2025-11-06 18:00:00+00:00,2025-11-07 06:30:00+00:00,0.22764729512953386,12.75,1.0,15,39.07136,-8.40013
2025-11-07,ptlis,51,3670.524813989583,497.9610872322625,8.532343995356452,462.25334269122334,1.0257013522492076,8.532343995356452,0.9865570902211268,2025-11-07 18:00:00+00:00,2025-11-08 06:30:00+00:00,0.573865582215281,12.75,1.0,15,39.07136,-8.40013
2025-11-08,ptlis,51,7820.953119540336,895.8127053436868,23.09541486587035,602.8336362234197,2.7494541506988512,23.09541486587035,0.9960679843151008,2025-11-08 18:00:00+00:00,2025-11-09 06:30:00+00:00,0.4042682019088181,12.75,1.0,15,39.07136,-8.40013
2025-11-09,ptlis,51,3230.6502778297677,475.00902788730065,11.93663418307547,533.9531664024398,1.4210278789375559,11.93663418307547,0.9883149271083862,2025-11-09 18:00:00+00:00,2025-11-10 06:30:00+00:00,0.2431663072687743,12.75,1.0,15,39.07136,-8.40013
2025-11-10,ptlis,51,1146.1456938756512,164.37424381508683,4.6752012552969004,388.78194858575716,0.5565715780115358,4.6752012552969004,0.9763813595472884,2025-11-10 18:00:00+00:00,2025-11-11 06:30:00+00:00,0.22596006584861206,12.75,1.0,15,39.07136,-8.40013
2025-11-11,ptlis,52,929.6758595317052,163.17419935648542,2.3314324015328705,308.30673293246554,0.27755147637296074,2.3314324015328705,0.9600227678079768,2025-11-11 18:00:00+00:00,2025-11-12 06:45:00+00:00,0.49106156450763255,13.0,1.0,15,39.07136,-8.40013
2025-11-12,ptlis,52,,,4.264077593883737,974.8917151124035,0.5076282849861591,4.264077593883737,0.30527480638536086,2025-11-12 18:00:00+00:00,2025-11-13 06:45:00+00:00,0.7320709831980975,13.0,1.0,15,39.07136,-8.40013
2025-11-13,ptlis,52,1020.145360861272,539.2009094064182,3.3424522834669217,982.7769956313953,0.3979109861270145,3.3424522834669217,0.5085562078952452,2025-11-13 18:00:00+00:00,2025-11-14 06:45:00+00:00,0.5618972689494234,13.0,1.0,15,39.07136,-8.40013
2025-11-14,ptlis,52,,,2.650686685683062,1410.3324553031678,0.31555793877179306,2.650686685683062,0.3889348685263237,2025-11-14 18:00:00+00:00,2025-11-15 06:45:00+00:00,0.20066196642628834,13.0,1.0,15,39.07136,-8.40013
2025-11-15,ptlis,52,1173.7808291566398,148.70947269111286,3.353713748565112,547.9749355072579,0.3992516367339419,3.353713748565112,0.890952672164395,2025-11-15 18:00:00+00:00,2025-11-16 06:45:00+00:00,0.47277860994420606,13.0,1.0,15,39.07136,-8.40013
2025-11-16,ptlis,52,472.6021905465427,160.48553645654292,2.935213197341699,957.6069928041782,0.34943014254067845,2.935213197341699,0.5647508472345216,2025-11-16 18:00:00+00:00,2025-11-17 06:45:00+00:00,0.28798981194983203,13.0,1.0,15,39.07136,-8.40013
2025-12-03,ptlis,3,23.817963264624687,49.818749117430514,1.7763150319922714,572.4907919841436,0.24895449414930582,1.7763150319922714,0.7941878979262724,2025-12-03 17:45:00+00:00,2025-12-03 19:45:00+00:00,0.09449375960601379,0.75,0.3333333333333333,15,39.07136,-8.40013
2025-12-04,ptlis,54,,,3.51220692210365,762.2401690986163,0.41811987167900583,3.51220692210365,0.3502851737569776,2025-12-04 17:45:00+00:00,2025-12-05 07:00:00+00:00,0.10532728280047006,13.5,1.0,15,39.07136,-8.40013
2025-12-05,ptlis,54,302.13183044995526,85.77871214931946,1.0749768317054245,448.64861474085905,0.12797343234588385,1.0749768317054245,0.8001194501928696,2025-12-05 17:45:00+00:00,2025-12-06 07:00:00+00:00,0.16785243710151032,13.5,1.0,15,39.07136,-8.40013
2025-12-06,ptlis,40,420.0708942607887,72.58857171214738,2.2063664207572034,429.9261328369241,0.2626626691377624,2.2063664207572034,0.9285773650258592,2025-12-06 17:45:00+00:00,2025-12-07 03:30:00+00:00,0.08813612115675933,10.0,1.0,15,39.07136,-8.40013
2025-12-07,ptlis,43,415.0733933581237,52.13052086753723,1.9751423670687958,368.9004050039983,0.23834105848555034,1.9751423670687958,0.967783114669634,2025-12-07 17:45:00+00:00,2025-12-08 04:15:00+00:00,0.11300361310284873,10.75,1.0,15,39.07136,-8.40013
2025-12-08,ptlis,53,643.84539785989,117.65771776420156,1.7435615353501386,465.1477214067849,0.2092984130764325,1.7435615353501386,0.8778424132494427,2025-12-08 17:45:00+00:00,2025-12-09 06:45:00+00:00,0.16317898813280607,13.25,1.0,15,39.07136,-8.40013
2025-12-09,ptlis,33,1255.7679513967037,3371.461190732639,4.510439188280769,1802.0873447541017,0.5480370531480767,4.510439188280769,0.7006240494687265,2025-12-09 17:45:00+00:00,2025-12-10 07:00:00+00:00,0.12298284626513788,8.25,0.6111111111111112,15,39.07136,-8.40013
2025-12-10,ptlis,9,264.5420834403234,239.49519795693072,4.206820877405537,430.0258723144308,0.7469521226911537,4.206820877405537,0.9607609919154573,2025-12-10 18:00:00+00:00,2025-12-10 23:15:00+00:00,0.08919287980073756,2.25,0.4090909090909091,15,39.07136,-8.40013
2025-12-11,ptlis,54,249.38025378942407,64.00409251751985,0.9899331588585617,859.8914968674441,0.1178491855784002,0.9899331588585617,0.6860038923075027,2025-12-11 17:45:00+00:00,2025-12-12 07:00:00+00:00,0.08665062472643442,13.5,1.0,15,39.07136,-8.40013
2025-12-12,ptlis,54,224.20812080318302,100.097408589037,0.9683783021844782,1071.5031772567643,0.11528313121243787,0.9683783021844782,0.5048258413902655,2025-12-12 17:45:00+00:00,2025-12-13 07:00:00+00:00,0.0776713940895639,13.5,1.0,15,39.07136,-8.40013
2025-12-13,ptlis,54,1561.1255518549185,266.43640496540445,3.440617892717051,274.5119168848152,0.4095973681806013,3.440617892717051,0.9789475768302927,2025-12-13 17:45:00+00:00,2025-12-14 07:00:00+00:00,0.16226018913703957,13.5,1.0,15,39.07136,-8.40013
2025-12-14,ptlis,55,946.0303447848917,170.9199264487695,3.1429607431941653,427.78073644525904,0.3741619932374006,3.1429607431941653,0.9762962535240429,2025-12-14 17:45:00+00:00,2025-12-15 07:15:00+00:00,0.14981107421297812,13.75,1.0,15,39.07136,-8.40013
2025-12-15,ptlis,55,,,2.8883348228511485,1122.1213102085999,0.3477900196955382,2.8883348228511485,0.1448459458779559,2025-12-15 17:45:00+00:00,2025-12-16 07:15:00+00:00,0.3090083358349819,13.75,1.0,15,39.07136,-8.40013
2025-12-16,ptlis,55,1583.2995601241707,416.99590126537606,2.587378837104195,462.9098239530567,0.30802129013145174,2.587378837104195,0.9153133640061651,2025-12-16 17:45:00+00:00,2025-12-17 07:15:00+00:00,0.4654572676366523,13.75,1.0,15,39.07136,-8.40013
2025-12-17,ptlis,55,919.4691763503064,113.54843803839871,3.6569682961957932,441.65389442513737,0.4353533685947373,3.6569682961957932,0.9688284315330843,2025-12-17 17:45:00+00:00,2025-12-18 07:15:00+00:00,0.1458507318369441,13.75,1.0,15,39.07136,-8.40013
2025-12-18,ptlis,55,,,1.8416366797665782,776.5770303931473,0.21924246187697355,1.8416366797665782,0.3264606694080531,2025-12-18 17:45:00+00:00,2025-12-19 07:15:00+00:00,0.13249021889950538,13.75,1.0,15,39.07136,-8.40013
2025-12-19,ptlis,55,1009.66226066224,187.60545782971266,2.0528367845733273,374.9054414813548,0.24438533149682465,2.0528367845733273,0.9657340056039116,2025-12-19 17:45:00+00:00,2025-12-20 07:15:00+00:00,0.17096653746615348,13.75,1.0,15,39.07136,-8.40013
2025-12-20,ptlis,55,3329.9684929387035,4857.409973726016,7.530287522189995,1609.939423062331,0.8964628002607135,7.530287522189995,0.5983517018052019,2025-12-20 17:45:00+00:00,2025-12-21 07:15:00+00:00,0.3327877699526934,13.75,1.0,15,39.07136,-8.40013
2025-12-21,ptlis,55,349.72984191352003,60.717381136302215,1.6584749615380792,1163.320584100684,0.1974374954211999,1.6584749615380792,0.5767103444156658,2025-12-21 17:45:00+00:00,2025-12-22 07:15:00+00:00,0.3894252700348082,13.75,1.0,15,39.07136,-8.40013
2025-12-22,ptlis,54,2138.3950513737027,8012.584248601548,3.0658341813092935,2040.0915792408468,0.3649802596796778,3.0658341813092935,0.6602922797948956,2025-12-22 18:00:00+00:00,2025-12-23 07:15:00+00:00,0.18849555518256636,13.5,1.0,15,39.07136,-8.40013
2025-12-23,ptlis,54,1581.0836796129454,278.87783712826376,3.3057085764409515,401.681128914791,0.39353673529058947,3.3057085764409515,0.9737954349124575,2025-12-23 18:00:00+00:00,2025-12-24 07:15:00+00:00,0.1452277926317449,13.5,1.0,15,39.07136,-8.40013
2025-12-24,ptlis,54,1352.920493330647,153.53324199560276,4.332108223727172,425.4657946032159,0.51572716949133,4.332108223727172,0.9786094126537471,2025-12-24 18:00:00+00:00,2025-12-25 07:15:00+00:00,0.2271896910122807,13.5,1.0,15,39.07136,-8.40013
2025-12-25,ptlis,54,848.008129560581,160.6413081754196,2.7385774965581797,389.33244891785694,0.3260211305426405,2.7385774965581797,0.961856670797995,2025-12-25 18:00:00+00:00,2025-12-26 07:15:00+00:00,0.24036979508947737,13.5,1.0,15,39.07136,-8.40013
2025-12-26,ptlis,54,748.7483106823704,119.78848715513158,2.265312390143838,492.2623317072714,0.269680046445695,2.265312390143838,0.9220965583069222,2025-12-26 18:00:00+00:00,2025-12-27 07:15:00+00:00,0.3118814295141549,13.5,1.0,15,39.07136,-8.40013
2025-12-27,ptlis,54,,,2.154881261332304,574.5342529000142,0.25653348349194094,2.154881261332304,0.3447876502330751,2025-12-27 18:00:00+00:00,2025-12-28 07:15:00+00:00,0.2956923296184321,13.5,1.0,15,39.07136,-8.40013
2025-12-28,ptlis,54,556.7479351318517,95.46952803148665,1.727299874408291,378.24354459866544,0.20563093742955843,1.727299874408291,0.9408302031647071,2025-12-28 18:00:00+00:00,2025-12-29 07:15:00+00:00,0.2832402549720346,13.5,1.0,15,39.07136,-8.40013
2025-12-29,ptlis,54,760.8517726708922,211.88007797044773,2.940441141226054,477.81252029937764,0.3500525168126255,2.940441141226054,0.9560784688759993,2025-12-29 18:00:00+00:00,2025-12-30 07:15:00+00:00,0.43148528000519293,13.5,1.0,15,39.07136,-8.40013
2025-12-30,ptlis,54,579.7754794429354,117.45007940187554,2.5015531705724476,451.952362785321,0.2978039488776723,2.5015531705724476,0.9504285097925548,2025-12-30 18:00:00+00:00,2025-12-31 07:15:00+00:00,0.3847994103313491,13.5,1.0,15,39.07136,-8.40013
2025-12-31,ptlis,54,661.6979419652507,162.97345343926426,2.2936095987119187,527.0252879394521,0.2730487617514189,2.2936095987119187,0.7813739696403883,2025-12-31 18:00:00+00:00,2026-01-01 07:15:00+00:00,0.318561364328367,13.5,1.0,15,39.07136,-8.40013
2026-01-01,ptlis,54,845.4386646970651,180.66470758195794,2.2717669604213033,823.6944632645913,0.2704484476692028,2.2717669604213033,0.5774796675428285,2026-01-01 18:00:00+00:00,2026-01-02 07:15:00+00:00,0.46899811368590844,13.5,1.0,15,39.07136,-8.40013
2026-01-02,ptlis,54,,,5.388732427771255,1086.2765708577626,0.6415157652108637,5.388732427771255,0.3676950843359946,2026-01-02 18:00:00+00:00,2026-01-03 07:15:00+00:00,0.2333853144534173,13.5,1.0,15,39.07136,-8.40013
2026-01-03,ptlis,54,241.19519218873785,90.94777133903918,0.8333901784865668,893.0305721080763,0.09921311648649604,0.8333901784865668,0.6306711619401909,2026-01-03 18:00:00+00:00,2026-01-04 07:15:00+00:00,0.15095554489730167,13.5,1.0,15,39.07136,-8.40013
2026-01-04,ptlis,54,919.3645532980012,115.77529092798852,3.319802522810884,460.24858405551515,0.39521458604891474,3.319802522810884,0.9403868419190962,2026-01-04 18:00:00+00:00,2026-01-05 07:15:00+00:00,0.2406265809823556,13.5,1.0,15,39.07136,-8.40013
2026-01-05,ptlis,54,576.3246278686105,80.30055598888217,1.5284292499424565,519.6073959584943,0.18195586308838768,1.5284292499424565,0.8199575319644801,2026-01-05 18:00:00+00:00,2026-01-06 07:15:00+00:00,0.35016331998393263,13.5,1.0,15,39.07136,-8.40013
2026-01-06,ptlis,54,644.5132983729984,562.3836147433472,1.779419272020567,1165.1992599426274,0.21183562762149605,1.779419272020567,0.5829072305625912,2026-01-06 18:00:00+00:00,2026-01-07 07:15:00+00:00,0.3306186439214657,13.5,1.0,15,39.07136,-8.40013
2026-01-07,ptlis,54,320.903847478309,51.77863339895861,1.0438902848671001,567.4979311376611,0.12427265296036903,1.0438902848671001,0.8062560482221529,2026-01-07 18:00:00+00:00,2026-01-08 07:15:00+00:00,0.22207945809079466,13.5,1.0,15,39.07136,-8.40013
2026-01-08,ptlis,54,,,1.5836503030482196,1070.5161224115195,0.18852979798193092,1.5836503030482196,0.4201462226050539,2026-01-08 18:00:00+00:00,2026-01-09 07:15:00+00:00,0.1762511249885556,13.5,1.0,15,39.07136,-8.40013
2026-01-09,ptlis,54,431.722544279292,92.58204196118336,1.531014627492523,597.9025513903624,0.18226364613006224,1.531014627492523,0.7811265104127447,2026-01-09 18:00:00+00:00,2026-01-10 07:15:00+00:00,0.33028930938824136,13.5,1.0,15,39.07136,-8.40013
2026-01-10,ptlis,54,310.1981492955117,54.66875314751678,1.6248553249345232,578.2148017696047,0.19343515773030037,1.6248553249345232,0.8256995006309035,2026-01-10 18:00:00+00:00,2026-01-11 07:15:00+00:00,0.28229027183110106,13.5,1.0,15,39.07136,-8.40013
2026-01-11,ptlis,53,,,0.43776300356938613,1108.1109729871023,0.05211464328206977,0.43776300356938613,0.4369458786100995,2026-01-11 18:15:00+00:00,2026-01-12 07:15:00+00:00,0.16896090012267534,13.25,1.0,15,39.07136,-8.40013
2026-01-12,ptlis,53,,,2.0057497000306372,1045.3370511690866,0.23877972619412344,2.0057497000306372,0.3154442965269883,2026-01-12 18:15:00+00:00,2026-01-13 07:15:00+00:00,0.3347302607020753,13.25,1.0,15,39.07136,-8.40013
2026-01-13,ptlis,53,,,1.314624848002337,1018.9680468599926,0.15650295809551631,1.314624848002337,0.4785141398404168,2026-01-13 18:15:00+00:00,2026-01-14 07:15:00+00:00,0.15561101299272628,13.25,1.0,15,39.07136,-8.40013
2026-01-14,ptlis,53,301.7966859777322,57.55764016440306,1.4907803459644298,696.9710155465463,0.17747385071005115,1.4907803459644298,0.7428937706667229,2026-01-14 18:15:00+00:00,2026-01-15 07:15:00+00:00,0.32593431364862874,13.25,1.0,15,39.07136,-8.40013
2026-01-15,ptlis,53,,,1.6153741634390173,1156.4174606710865,0.19287121851126685,1.6153741634390173,0.3357418630890878,2026-01-15 18:15:00+00:00,2026-01-16 07:15:00+00:00,0.17381855040085792,13.25,1.0,15,39.07136,-8.40013
2026-01-16,ptlis,49,,,1.066637281194562,1146.9440349533443,0.12755174944402686,1.066637281194562,0.4362011900654416,2026-01-16 19:00:00+00:00,2026-01-17 07:00:00+00:00,0.21783660476947447,12.25,1.0,15,39.07136,-8.40013
2026-01-19,ptlis,53,395.13319511368843,76.85391346486757,1.3524884018172805,700.9744964514878,0.16101052402586674,1.3524884018172805,0.714568432365973,2026-01-19 18:15:00+00:00,2026-01-20 07:15:00+00:00,0.4934886042495998,13.25,1.0,15,39.07136,-8.40013
2026-01-20,ptlis,53,,,2.565643146475953,1228.8708094265176,0.3054337079138039,2.565643146475953,0.18957221300164948,2026-01-20 18:15:00+00:00,2026-01-21 07:15:00+00:00,0.8742516164605341,13.25,1.0,15,39.07136,-8.40013
2026-01-21,ptlis,53,,,1.8949926280201288,1122.9796320430646,0.22559436047858675,1.8949926280201288,0.44761227558926747,2026-01-21 18:15:00+00:00,2026-01-22 07:15:00+00:00,0.4828983117772035,13.25,1.0,15,39.07136,-8.40013
2026-01-22,ptlis,53,,,3.4634785875133325,910.816600631921,0.4123188794658729,3.4634785875133325,0.28901156838824976,2026-01-22 18:15:00+00:00,2026-01-23 07:15:00+00:00,0.374684350552484,13.25,1.0,15,39.07136,-8.40013
2026-01-23,ptlis,53,,,2.568893470486103,1120.6589490532483,0.3058206512483456,2.568893470486103,0.18003264894849713,2026-01-23 18:15:00+00:00,2026-01-24 07:15:00+00:00,0.40600408497329826,13.25,1.0,15,39.07136,-8.40013
2026-01-24,ptlis,50,877.6455954508922,298.52275959538775,2.714028316860087,991.0971700421615,0.3230986091500104,2.714028316860087,0.5158068506759095,2026-01-24 18:15:00+00:00,2026-01-25 07:15:00+00:00,0.4498854475314444,12.5,0.9433962264150944,15,39.07136,-8.40013
2026-01-25,ptlis,52,,,1.208259424431106,1205.541960071051,0.14384040767036976,1.208259424431106,0.40312934296021385,2026-01-25 18:30:00+00:00,2026-01-26 07:15:00+00:00,0.32623353873056415,13.0,1.0,15,39.07136,-8.40013
2026-01-26,ptlis,52,14571.96078760332,21870.236911025502,19.64673323109388,1750.1891869772383,2.3388968132254613,19.64673323109388,0.8703872094704147,2026-01-26 18:30:00+00:00,2026-01-27 07:15:00+00:00,0.3642440563061458,13.0,1.0,15,39.07136,-8.40013
2026-01-27,ptlis,52,2143.6176428436993,1289.9089474546638,3.8314888815682098,926.2750441501586,0.45612962875812013,3.8314888815682098,0.6648788814966751,2026-01-27 18:30:00+00:00,2026-01-28 07:15:00+00:00,0.4841825389304851,13.0,1.0,15,39.07136,-8.40013
2026-01-28,ptlis,51,,,6.008367697938401,655.668087394878,0.7152818688021905,6.008367697938401,0.2400449524758815,2026-01-28 18:30:00+00:00,2026-01-29 07:00:00+00:00,0.6114492850609403,12.75,1.0,15,39.07136,-8.40013
2026-01-29,ptlis,51,684.9487225664292,134.65340402702114,2.497413339495074,651.862967106674,0.2973111118446517,2.497413339495074,0.7407771679030075,2026-01-29 18:30:00+00:00,2026-01-30 07:00:00+00:00,0.8041256094326069,12.75,1.0,15,39.07136,-8.40013
2026-01-30,ptlis,51,1415.9631516422444,661.0487328490533,3.4921188890568766,1072.0630021703803,0.4157284391734377,3.4921188890568766,0.6423218596385203,2026-01-30 18:30:00+00:00,2026-01-31 07:00:00+00:00,0.7211771217086131,12.75,1.0,15,39.07136,-8.40013
2026-01-31,ptlis,51,,,4.032879605326875,797.4462273193058,0.48010471491986606,4.032879605326875,0.24202907968638296,2026-01-31 18:30:00+00:00,2026-02-01 07:00:00+00:00,0.21018758989695527,12.75,1.0,15,39.07136,-8.40013
2026-02-01,ptlis,44,,,4.3530114721760835,1183.234531110969,0.5267873662211469,4.3530114721760835,0.3242954677702076,2026-02-01 18:30:00+00:00,2026-02-02 07:00:00+00:00,0.24491497065450643,11.0,0.8627450980392157,15,39.07136,-8.40013
2026-02-02,ptlis,51,,,2.2012514203900984,1070.2801720538798,0.26205374052263075,2.2012514203900984,0.3803268410142005,2026-02-02 18:30:00+00:00,2026-02-03 07:00:00+00:00,0.6565154408030495,12.75,1.0,15,39.07136,-8.40013
2026-02-03,ptlis,51,47657.857119818276,82524.764642834,42.27437625159236,2084.8850656347663,5.032663839475281,42.27437625159236,0.8804226542628358,2026-02-03 18:30:00+00:00,2026-02-04 07:00:00+00:00,0.735799963578949,12.75,1.0,15,39.07136,-8.40013
2026-02-04,ptlis,51,,,6.278068416260695,1040.1310819787666,0.7473890971738921,6.278068416260695,0.11173245980966041,2026-02-04 18:30:00+00:00,2026-02-05 07:00:00+00:00,0.5326128923124425,12.75,1.0,15,39.07136,-8.40013
2026-02-05,ptlis,51,,,4.5361290426395255,1353.0210341245713,0.540015362218991,4.5361290426395255,0.46254811549055325,2026-02-05 18:30:00+00:00,2026-02-06 07:00:00+00:00,1.017487920873452,12.75,1.0,15,39.07136,-8.40013
2026-02-06,ptlis,51,,,3.064507724742825,1429.4416251523398,0.36482234818366965,3.064507724742825,0.36565205859279964,2026-02-06 18:30:00+00:00,2026-02-07 07:00:00+00:00,0.4592003401823131,12.75,1.0,15,39.07136,-8.40013
2026-02-07,ptlis,51,790.8729295918474,615.6069069300803,2.7799229524883566,1032.3900062889425,0.3309432086295663,2.7799229524883566,0.5027115613236243,2026-02-07 18:30:00+00:00,2026-02-08 07:00:00+00:00,0.9042864210287557,12.75,1.0,15,39.07136,-8.40013
2026-02-08,ptlis,50,,,6.979078350126744,1478.0718795878017,0.8308426607293743,6.979078350126744,0.32809682749217134,2026-02-08 18:45:00+00:00,2026-02-09 07:00:00+00:00,0.5219588945410005,12.5,1.0,15,39.07136,-8.40013
2026-02-09,ptlis,50,,,1.3435774627402424,1499.191350685483,0.15994969794526695,1.3435774627402424,0.2871913104439828,2026-02-09 18:45:00+00:00,2026-02-10 07:00:00+00:00,0.18098122770136923,12.5,1.0,15,39.07136,-8.40013
2026-02-10,ptlis,33,,,0.9874956367706712,2176.544258973815,0.11755900437746084,0.9874956367706712,0.005385470221351344,2026-02-10 23:00:00+00:00,2026-02-11 07:00:00+00:00,0.22039601281170837,8.25,1.0,15,39.07136,-8.40013
2026-02-12,ptlis,3,,,3.4480190324286624,888.7866699339137,0.49179273095750614,3.4480190324286624,0.401420733794034,2026-02-13 05:45:00+00:00,2026-02-13 06:15:00+00:00,0.5023129927150851,0.75,1.0,15,39.07136,-8.40013
2026-02-13,ptlis,49,,,2.7733468237123926,977.9677209120928,0.3301603361562372,2.7733468237123926,0.47079470433254117,2026-02-13 18:45:00+00:00,2026-02-14 06:45:00+00:00,0.601939218319523,12.25,1.0,15,39.07136,-8.40013
2026-02-14,ptlis,49,428.6245774619174,78.05188138796784,2.351768466632585,1031.8180580470303,0.27997243650387915,2.351768466632585,0.536218432528342,2026-02-14 18:45:00+00:00,2026-02-15 06:45:00+00:00,0.4180686412528531,12.25,1.0,15,39.07136,-8.40013
2026-02-15,ptlis,49,,,2.5006275218968486,1094.6373017187952,0.29769375260676767,2.5006275218968486,0.45460315636520227,2026-02-15 18:45:00+00:00,2026-02-16 06:45:00+00:00,0.4561664784971372,12.25,1.0,15,39.07136,-8.40013
2026-02-16,ptlis,49,,,1.680213089925902,1379.352263234407,0.20002536784832167,1.680213089925902,0.379495817445978,2026-02-16 18:45:00+00:00,2026-02-17 06:45:00+00:00,0.3682092715427734,12.25,1.0,15,39.07136,-8.40013
2026-02-17,ptlis,49,627.2719546123444,104.97853566385072,3.600031188890642,896.9766784924922,0.4285751415346002,3.600031188890642,0.7162195395701743,2026-02-17 18:45:00+00:00,2026-02-18 06:45:00+00:00,0.4332465267147737,12.25,1.0,15,39.07136,-8.40013
2026-02-18,ptlis,49,,,2.8272235585262577,1091.129458429343,0.33657423315788787,2.8272235585262577,0.48349986562877373,2026-02-18 18:45:00+00:00,2026-02-19 06:45:00+00:00,0.38727959550539615,12.25,1.0,15,39.07136,-8.40013
2026-02-19,ptlis,49,632.1855836376809,120.46580428647438,2.639920161086686,1070.7199935656963,0.3142762096531768,2.639920161086686,0.593990254839139,2026-02-19 18:45:00+00:00,2026-02-20 06:45:00+00:00,0.35096976423001547,12.25,1.0,15,39.07136,-8.40013
2026-02-20,ptlis,49,1070.587229300112,200.21416082485152,4.40243463983037,1026.1057441186163,0.5240993618845678,4.40243463983037,0.8006439014175178,2026-02-20 18:45:00+00:00,2026-02-21 06:45:00+00:00,0.3002112059386604,12.25,1.0,15,39.07136,-8.40013
2026-02-21,ptlis,49,2054.6144711882994,267.0434714986863,7.223973363577103,1040.2146985781342,0.8599968289972741,7.223973363577103,0.8839867895207397,2026-02-21 18:45:00+00:00,2026-02-22 06:45:00+00:00,0.2800711199961903,12.25,1.0,15,39.07136,-8.40013
2026-02-22,ptlis,48,1924.6349962936456,367.7474577386554,7.857440605728577,1041.7303059759356,0.9354095959200687,7.857440605728577,0.8762374851398615,2026-02-22 19:00:00+00:00,2026-02-23 06:45:00+00:00,0.24565408063963765,12.0,1.0,15,39.07136,-8.40013
2026-02-23,ptlis,48,2009.8442507424907,625.4578172936543,6.444220959907398,863.8504709689205,0.7671691618937378,6.444220959907398,0.8434741796999993,2026-02-23 19:00:00+00:00,2026-02-24 06:45:00+00:00,0.29622453694278433,12.0,1.0,15,39.07136,-8.40013
2026-02-24,ptlis,48,1103.6154345655293,446.8386179811524,3.473800742874543,899.7113708557101,0.41354770748506464,3.473800742874543,0.731745981372975,2026-02-24 19:00:00+00:00,2026-02-25 06:45:00+00:00,0.3476024946017061,12.0,1.0,15,39.07136,-8.40013
2026-02-25,ptlis,47,487.47436774334994,89.60688059872714,2.8031561727219443,1005.0087433832616,0.3337090681811838,2.8031561727219443,0.6941431050175432,2026-02-25 19:00:00+00:00,2026-02-26 06:30:00+00:00,0.2509045813615168,11.75,1.0,15,39.07136,-8.40013
2026-02-26,ptlis,47,1004.5625867325455,160.36415011637715,4.298159561865032,894.2397314804268,0.5116856621267895,4.298159561865032,0.8027094545876134,2026-02-26 19:00:00+00:00,2026-02-27 06:30:00+00:00,0.29883898026864264,11.75,1.0,15,39.07136,-8.40013
2026-02-27,ptlis,47,,,1.8201421231467354,1146.178876396533,0.21668358608889707,1.8201421231467354,0.41140246692584304,2026-02-27 19:00:00+00:00,2026-02-28 06:30:00+00:00,0.3240560388220117,11.75,1.0,15,39.07136,-8.40013
2026-02-28,ptlis,47,431.0569084394723,79.45305606869647,2.1892341237535025,1060.7390984381934,0.260623109970655,2.1892341237535025,0.5387684746320894,2026-02-28 19:00:00+00:00,2026-03-01 06:30:00+00:00,0.3962874293165621,11.75,1.0,15,39.07136,-8.40013
2026-03-01,ptlis,47,1936.2968067190761,562.2297098852243,6.171994478156434,1019.7673938943356,0.7347612473995754,6.171994478156434,0.8483786146696587,2026-03-01 19:00:00+00:00,2026-03-02 06:30:00+00:00,0.26369557422358636,11.75,1.0,15,39.07136,-8.40013
2026-03-02,ptlis,47,643.5907056035339,216.90982343736025,3.0027047653811327,973.55753894934,0.35746485302156344,3.0027047653811327,0.6005205550665554,2026-03-02 19:00:00+00:00,2026-03-03 06:30:00+00:00,0.31843948644824144,11.75,1.0,15,39.07136,-8.40013
2026-03-03,ptlis,47,425.20675238629,76.42820587411813,1.983644759032796,1069.1484251525885,0.23614818559914236,1.983644759032796,0.5394870599519337,2026-03-03 19:00:00+00:00,2026-03-04 06:30:00+00:00,0.2562319802871551,11.75,1.0,15,39.07136,-8.40013
2026-03-04,ptlis,47,681.225087420782,86.71586196404348,3.071793876586363,914.7024677577788,0.36568974721266223,3.071793876586363,0.762259582057854,2026-03-04 19:00:00+00:00,2026-03-05 06:30:00+00:00,0.221110052693136,11.75,1.0,15,39.07136,-8.40013
2026-03-05,ptlis,47,,,4.511741006159363,1238.844802353263,0.5371120245427812,4.511741006159363,0.40484257432399534,2026-03-05 19:00:00+00:00,2026-03-06 06:30:00+00:00,0.467356384035771,11.75,1.0,15,39.07136,-8.40013
2026-03-06,ptlis,47,,,1.7489615565626586,1176.7782938836408,0.20820970911460218,1.7489615565626586,0.3990296077294658,2026-03-06 19:00:00+00:00,2026-03-07 06:30:00+00:00,0.38725199140786787,11.75,1.0,15,39.07136,-8.40013
2026-03-07,ptlis,46,1135.3747365212016,163.5347699802021,3.685911704230365,1173.1554369109979,0.4387990124083768,3.685911704230365,0.8305225265992962,2026-03-07 19:00:00+00:00,2026-03-08 06:15:00+00:00,0.2523317088064187,11.5,1.0,15,39.07136,-8.40013
2026-03-08,ptlis,45,1207.9777597251489,431.94589230300534,3.795352659235294,1269.4502506312979,0.4518276975280112,3.795352659235294,0.772751562419255,2026-03-08 19:15:00+00:00,2026-03-09 06:15:00+00:00,0.19041771131936963,11.25,1.0,15,39.07136,-8.40013
2026-03-09,ptlis,45,,,2.0490681981468675,1304.750763312029,0.24393669025557946,2.0490681981468675,0.3593764188299254,2026-03-09 19:15:00+00:00,2026-03-10 06:15:00+00:00,0.28037060333803654,11.25,1.0,15,39.07136,-8.40013
2026-03-10,ptlis,45,,,1.4882726723229924,1116.2413325530608,0.17717531813368956,1.4882726723229924,0.4318093697799205,2026-03-10 19:15:00+00:00,2026-03-11 06:15:00+00:00,0.3256531792919104,11.25,1.0,15,39.07136,-8.40013
2026-03-11,ptlis,45,2602.92697387276,503.10634810951274,9.325036445957117,1311.2418204607882,1.1101233864234663,9.325036445957117,0.9104132795886951,2026-03-11 19:15:00+00:00,2026-03-12 06:15:00+00:00,0.22848188371415376,11.25,1.0,15,39.07136,-8.40013
2026-03-12,ptlis,45,1559.324783751567,359.3346106279285,5.1429659372728525,1125.0095612157588,0.6122578496753396,5.1429659372728525,0.8904996667044641,2026-03-12 19:15:00+00:00,2026-03-13 06:15:00+00:00,0.2189215390437477,11.25,1.0,15,39.07136,-8.40013
2026-03-13,ptlis,45,,,1.1145548612576546,1417.0697971787881,0.13268510253067314,1.1145548612576546,0.230120979464528,2026-03-13 19:15:00+00:00,2026-03-14 06:15:00+00:00,0.2345325539512807,11.25,1.0,15,39.07136,-8.40013
2026-03-14,ptlis,19,,,0.9837316748459429,1388.4760402122697,0.11711091367213607,0.9837316748459429,0.2992717092795267,2026-03-14 19:15:00+00:00,2026-03-14 23:45:00+00:00,0.1834136331851533,4.75,1.0,15,39.07136,-8.40013
2026-03-15,ptlis,4,76.34578526190376,130.18454717138223,3.615340476523852,779.5978291394875,0.5421774175421368,3.615340476523852,0.7591673799344482,2026-03-16 00:00:00+00:00,2026-03-16 06:15:00+00:00,0.23927172003667302,1.0,0.15384615384615385,15,39.07136,-8.40013
2026-03-16,ptlis,45,7522.7602258364395,1428.7736021795888,16.156093413560757,1285.471655220933,1.9233444539953282,16.156093413560757,0.9586704087768914,2026-03-16 19:15:00+00:00,2026-03-17 06:15:00+00:00,0.27342553816890675,11.25,1.0,15,39.07136,-8.40013
2026-03-17,ptlis,44,2664.440934439948,1545.505480157779,8.289650925276378,1175.092126900055,0.9868632053900449,8.289650925276378,0.5505015274448736,2026-03-17 19:15:00+00:00,2026-03-18 06:00:00+00:00,0.3156343796995653,11.0,1.0,15,39.07136,-8.40013
2026-03-18,ptlis,44,1984.915104595213,422.27243566645143,5.485785436453444,1071.060578323514,0.6530696948158861,5.485785436453444,0.6052272104934956,2026-03-18 19:15:00+00:00,2026-03-19 06:00:00+00:00,1.1254793368385767,11.0,1.0,15,39.07136,-8.40013
2026-03-19,ptlis,44,,,6.023217048202853,1200.725167504478,0.7170496485955777,6.023217048202853,0.0916513034547247,2026-03-19 19:15:00+00:00,2026-03-20 06:00:00+00:00,0.3595749383387977,11.0,1.0,15,39.07136,-8.40013
2026-03-20,ptlis,44,,,2.5834311637414924,1305.6036317777782,0.30755132901684434,2.5834311637414924,0.2174409630813028,2026-03-20 19:15:00+00:00,2026-03-21 06:00:00+00:00,0.16020808173142112,11.0,1.0,15,39.07136,-8.40013
2026-03-21,ptlis,44,2974.7882035939238,412.5159696026138,10.716714627135397,1141.016783962446,1.2757993603732614,10.716714627135397,0.9505616615510437,2026-03-21 19:15:00+00:00,2026-03-22 06:00:00+00:00,0.3519372730828039,11.0,1.0,15,39.07136,-8.40013
2026-03-22,ptlis,44,2256.197259901885,374.3821861402824,9.49115001592608,1140.1318433522595,1.1298988114197712,9.49115001592608,0.9131449853504906,2026-03-22 19:15:00+00:00,2026-03-23 06:00:00+00:00,0.1300150632145374,11.0,1.0,15,39.07136,-8.40013
2026-03-23,ptlis,43,2415.1030211676753,414.85515174621156,10.060981483780983,1108.9942192246237,1.1977358909263074,10.060981483780983,0.9169113426202373,2026-03-23 19:30:00+00:00,2026-03-24 06:00:00+00:00,0.308280150593135,10.75,1.0,15,39.07136,-8.40013
2026-03-24,ptlis,43,1668.886059475757,259.5249810606392,6.855205824324485,1056.2253137019907,0.8160959314672006,6.855205824324485,0.8934428427667062,2026-03-24 19:30:00+00:00,2026-03-25 06:00:00+00:00,0.1514282843110533,10.75,1.0,15,39.07136,-8.40013
2026-03-25,ptlis,43,691.6261578313769,105.95437647359425,2.9646463735724886,929.1833860165095,0.3529340920919629,2.9646463735724886,0.757843886679103,2026-03-25 19:30:00+00:00,2026-03-26 06:00:00+00:00,0.13729152526461535,10.75,1.0,15,39.07136,-8.40013
2026-03-26,ptlis,42,930.2429807310093,123.05202800569586,2.9473494231520037,970.1900518571925,0.3508749313276195,2.9473494231520037,0.7550622054225264,2026-03-26 19:30:00+00:00,2026-03-27 05:45:00+00:00,0.16682730715323937,10.5,1.0,15,39.07136,-8.40013
2026-03-27,ptlis,42,764.6531248659071,111.03665047721512,2.7799476014164006,877.8515733662074,0.330946143025762,2.7799476014164006,0.7074526636532446,2026-03-27 19:30:00+00:00,2026-03-28 05:45:00+00:00,0.22586343174264262,10.5,1.0,15,39.07136,-8.40013
2026-03-28,ptlis,42,577.8521221897136,112.41573849573751,2.0280062869467654,762.3760829415871,0.2414293198746149,2.0280062869467654,0.7020417912282165,2026-03-28 19:30:00+00:00,2026-03-29 05:45:00+00:00,0.24347617310254846,10.5,1.0,15,39.07136,-8.40013
2026-03-29,ptlis,42,473.21773822206325,116.77314848724754,1.8870520101625254,754.6473274439065,0.22464904882887207,1.8870520101625254,0.7007416541079776,2026-03-29 19:30:00+00:00,2026-03-30 05:45:00+00:00,0.28926429136322673,10.5,1.0,15,39.07136,-8.40013
2026-03-30,ptlis,42,990.0043096541561,149.85639480527533,3.8391663345522833,929.3600656072432,0.45704361125622417,3.8391663345522833,0.7124975836821893,2026-03-30 19:30:00+00:00,2026-03-31 05:45:00+00:00,0.2908871669769686,10.5,1.0,15,39.07136,-8.40013
2026-03-31,ptlis,42,920.3692495733097,212.67517927077174,3.121825018835634,721.3566279386204,0.37164583557567066,3.121825018835634,0.8008509027895965,2026-03-31 19:30:00+00:00,2026-04-01 05:45:00+00:00,0.25889631284251957,10.5,1.0,15,39.07136,-8.40013
2026-04-01,ptlis,42,1052.0407418344514,201.0700420000569,4.8053541104521305,880.9660559497139,0.5720659655300155,4.8053541104521305,0.8491839821590665,2026-04-01 19:30:00+00:00,2026-04-02 05:45:00+00:00,0.2679083603533537,10.5,1.0,15,39.07136,-8.40013
2026-04-02,ptlis,42,1074.1951597108866,210.68534148778448,4.7052295021445305,876.9682629343702,0.5601463693029203,4.7052295021445305,0.8692187807509274,2026-04-02 19:30:00+00:00,2026-04-03 05:45:00+00:00,0.2191651945893448,10.5,1.0,15,39.07136,-8.40013
2026-04-03,ptlis,42,2432.2474390937746,351.97750057448275,9.948527053281266,1128.5622822705927,1.1843484587239603,9.948527053281266,0.9291403453051754,2026-04-03 19:30:00+00:00,2026-04-04 05:45:00+00:00,0.27751491184979266,10.5,1.0,15,39.07136,-8.40013
2026-04-04,ptlis,42,660.6666286245224,196.98238318736128,3.077044049981937,865.8950855322282,0.3663147678549925,3.077044049981937,0.9502911579473543,2026-04-04 19:30:00+00:00,2026-04-05 05:45:00+00:00,0.16491868158248,10.5,1.0,15,39.07136,-8.40013
2026-04-05,ptlis,41,1656.9870517376808,404.2112714128625,7.227408449269445,747.1119206687973,0.8604057677701721,7.227408449269445,0.9397642437031694,2026-04-05 19:30:00+00:00,2026-04-06 05:30:00+00:00,0.2539306524869244,10.25,1.0,15,39.07136,-8.40013
2026-04-06,ptlis,41,4654.847669494919,1269.009833757963,8.818863100493498,994.790363244011,1.0498646548206543,8.818863100493498,0.8774231513651581,2026-04-06 19:30:00+00:00,2026-04-07 05:30:00+00:00,0.3056687544131803,10.25,1.0,15,39.07136,-8.40013
2026-04-07,ptlis,40,498.74244601076805,91.51832977771615,2.152946403322858,874.1125736154981,0.25630314325272113,2.152946403322858,0.6899034444464552,2026-04-07 19:45:00+00:00,2026-04-08 05:30:00+00:00,0.9624140065704331,10.0,1.0,15,39.07136,-8.40013
2026-04-08,ptlis,40,702.935734423039,148.7820830663478,3.559932390175381,796.9392464656096,0.4238014750208787,3.559932390175381,0.822338926822417,2026-04-08 19:45:00+00:00,2026-04-09 05:30:00+00:00,0.35005978083093603,10.0,1.0,15,39.07136,-8.40013
2026-04-09,ptlis,40,3200.4599221146373,1190.1962105953544,9.748642504336313,872.7466676413632,1.1605526790876561,9.748642504336313,0.9601778350699488,2026-04-09 19:45:00+00:00,2026-04-10 05:30:00+00:00,0.39200057560174634,10.0,1.0,15,39.07136,-8.40013
2026-04-10,ptlis,40,1139.5625030144515,295.9867787895559,5.9721579269215,818.902628586241,0.7109711817763691,5.9721579269215,0.9591639318831356,2026-04-10 19:45:00+00:00,2026-04-11 05:30:00+00:00,0.9700798456763926,10.0,1.0,15,39.07136,-8.40013
2026-04-11,ptlis,40,855.9521823178839,190.76903935669375,2.732670944787242,585.8455492895137,0.32531796961752873,2.732670944787242,0.7696281739011682,2026-04-11 19:45:00+00:00,2026-04-12 05:30:00+00:00,0.48761776021021636,10.0,1.0,15,39.07136,-8.40013
2026-04-12,ptlis,40,,,1.4426987458553775,1063.990986915893,0.17174985069706872,1.4426987458553775,0.45184324459343633,2026-04-12 19:45:00+00:00,2026-04-13 05:30:00+00:00,0.35374423416378126,10.0,1.0,15,39.07136,-8.40013
2026-04-13,ptlis,40,,,0.8106180874221172,1665.7454467858356,0.09650215326453775,0.8106180874221172,0.3208699722191337,2026-04-13 19:45:00+00:00,2026-04-14 05:30:00+00:00,0.27423534005882694,10.0,1.0,15,39.07136,-8.40013
2026-04-14,ptlis,39,364.11274681259323,80.6393470712552,2.659816142664446,990.0209237201913,0.3166447788886245,2.659816142664446,0.7780207591611492,2026-04-14 19:45:00+00:00,2026-04-15 05:15:00+00:00,0.2964973568226967,9.75,1.0,15,39.07136,-8.40013
2026-04-15,ptlis,39,535.3500711979574,86.29209320055232,2.751744629733954,717.3403318447587,0.3275886463968993,2.751744629733954,0.8565143689017579,2026-04-15 19:45:00+00:00,2026-04-16 05:15:00+00:00,0.271785736205373,9.75,1.0,15,39.07136,-8.40013
2026-04-16,ptlis,39,511.84142603283516,126.62090002330488,3.387605006536111,681.309012353499,0.40328631030191797,3.387605006536111,0.8821278685424868,2026-04-16 19:45:00+00:00,2026-04-17 05:15:00+00:00,0.18702462683649215,9.75,1.0,15,39.07136,-8.40013
2026-04-17,ptlis,39,555.568028358386,102.15973123854837,2.6807517925211686,526.7721727737539,0.31913711815728196,2.6807517925211686,0.9604007355240536,2026-04-17 19:45:00+00:00,2026-04-18 05:15:00+00:00,0.1739775141538981,9.75,1.0,15,39.07136,-8.40013
2026-04-18,ptlis,39,531.9203526626118,194.4524883122508,4.068049922582205,471.5238098854788,0.48429165745026237,4.068049922582205,0.9603744895946855,2026-04-18 19:45:00+00:00,2026-04-19 05:15:00+00:00,0.14892947631154413,9.75,1.0,15,39.07136,-8.40013
2026-04-19,ptlis,39,583.9068246423875,127.87318929527147,4.216685140233573,735.7361745198696,0.5019863262182825,4.216685140233573,0.8680176198742295,2026-04-19 19:45:00+00:00,2026-04-20 05:15:00+00:00,0.09384264748782667,9.75,1.0,15,39.07136,-8.40013
2026-04-20,ptlis,39,3236.5789155117673,906.1401407440942,7.741344644625983,843.7011186006984,0.9215886481697597,7.741344644625983,0.9705543091623492,2026-04-20 19:45:00+00:00,2026-04-21 05:15:00+00:00,0.5219311485723982,9.75,1.0,15,39.07136,-8.40013
2026-04-21,ptlis,39,435.38133255930944,196.4787949587565,2.0396761291214855,1411.300279397436,0.24281858680017684,2.0396761291214855,0.67520781035643,2026-04-21 19:45:00+00:00,2026-04-22 05:15:00+00:00,0.4772819993361783,9.75,1.0,15,39.07136,-8.40013
2026-04-22,ptlis,38,794.2897490229327,219.56112006602152,4.843405869580181,522.4090430853207,0.5765959368547834,4.843405869580181,0.9562228061728429,2026-04-22 20:00:00+00:00,2026-04-23 05:15:00+00:00,0.2633899755507828,9.5,1.0,15,39.07136,-8.40013
2026-04-23,ptlis,38,503.9955297903456,172.4741664179889,2.7755759191982707,759.365354089004,0.33042570466646076,2.7755759191982707,0.9118860179739975,2026-04-23 20:00:00+00:00,2026-04-24 05:15:00+00:00,0.22267985293591114,9.5,1.0,15,39.07136,-8.40013
2026-04-24,ptlis,37,777.304410794265,141.17990432220844,3.9271244168563157,598.3473524723307,0.4675148115305137,3.9271244168563157,0.9418675589165336,2026-04-24 20:00:00+00:00,2026-04-25 05:00:00+00:00,0.28890344625990083,9.25,1.0,15,39.07136,-8.40013
2026-04-25,ptlis,37,631.7727717634501,198.58346546524683,3.389024921224651,514.8419325813405,0.4034553477648394,3.389024921224651,0.8770505326910787,2026-04-25 20:00:00+00:00,2026-04-26 05:00:00+00:00,0.26605177834869626,9.25,1.0,15,39.07136,-8.40013
2026-04-26,ptlis,37,839.756666931625,201.4519287322968,4.073539647719402,433.2107578614084,0.48494519615707155,4.073539647719402,0.9138746309030127,2026-04-26 20:00:00+00:00,2026-04-27 05:00:00+00:00,0.14324373199502743,9.25,1.0,15,39.07136,-8.40013
2026-04-28,ptlis,37,1845.2494139632581,648.6681034052216,11.767080932895094,941.3609465453626,1.4008429682017969,11.767080932895094,0.8791040652748725,2026-04-28 20:00:00+00:00,2026-04-29 05:00:00+00:00,0.2440516948344917,9.25,1.0,15,39.07136,-8.40013
2026-04-29,ptlis,37,,,0.6109045540676388,2072.5146586912997,0.07272673262709986,0.6109045540676388,0.05679433885099219,2026-04-29 20:00:00+00:00,2026-04-30 05:00:00+00:00,0.22422007429479804,9.25,1.0,15,39.07136,-8.40013
2026-04-30,ptlis,37,634.2668642057791,169.26899460740736,3.2850104862157057,1018.8962516139542,0.3910726769304411,3.2850104862157057,0.9326579338296178,2026-04-30 20:00:00+00:00,2026-05-01 05:00:00+00:00,0.32145552938596494,9.25,1.0,15,39.07136,-8.40013
2026-05-01,ptlis,37,141.68769490918328,122.12248528267357,0.8347684692611094,1629.9127506955886,0.09937719872156063,0.8347684692611094,0.645845838557653,2026-05-01 20:00:00+00:00,2026-05-02 05:00:00+00:00,0.11360919674502247,9.25,1.0,15,39.07136,-8.40013
2026-05-02,ptlis,37,,,0.7315291527579255,1869.8862536175677,0.08708680389975303,0.7315291527579255,0.22669930306456051,2026-05-02 20:00:00+00:00,2026-05-03 05:00:00+00:00,0.23258105189421063,9.25,1.0,15,39.07136,-8.40013
2026-05-03,ptlis,37,219.25529918917408,39.319059925651814,1.7887022715183825,993.0966299633715,0.2129407466093312,1.7887022715183825,0.5844825308751734,2026-05-03 20:00:00+00:00,2026-05-04 05:00:00+00:00,0.22716376623616732,9.25,1.0,15,39.07136,-8.40013
2026-05-04,ptlis,37,581.4108167933555,144.56415783947125,2.575471020281878,464.6828903261326,0.3066036928906998,2.575471020281878,0.948004919141327,2026-05-04 20:00:00+00:00,2026-05-05 05:00:00+00:00,0.34494262185417573,9.25,1.0,15,39.07136,-8.40013
2026-05-05,ptlis,37,1168.6539854756843,305.29406102026473,4.044748165237222,544.1516484329106,0.48151763871871694,4.044748165237222,0.9441823038121908,2026-05-05 20:00:00+00:00,2026-05-06 05:00:00+00:00,0.37186089344657447,9.25,1.0,15,39.07136,-8.40013
2026-05-07,ptlis,35,1601.6716073708737,760.8969215136574,7.484881033525744,1009.6119652183052,0.8910572658959219,7.484881033525744,0.9787054241503526,2026-05-07 20:15:00+00:00,2026-05-08 04:45:00+00:00,0.23108634363488126,8.75,1.0,15,39.07136,-8.40013
2026-05-08,ptlis,35,,,26.703544608254163,644.9143819974107,3.1789934057445426,26.703544608254163,0.48553147265324287,2026-05-08 20:15:00+00:00,2026-05-09 04:45:00+00:00,0.2497140697014062,8.75,1.0,15,39.07136,-8.40013
2026-05-09,ptlis,35,2284.8632912116695,565.3087156162901,11.084849419800012,502.54326433764123,1.3196249309285728,11.084849419800012,0.5546153746372213,2026-05-09 20:15:00+00:00,2026-05-10 04:45:00+00:00,0.5755265938967077,8.75,1.0,15,39.07136,-8.40013
2026-05-10,ptlis,35,,,7.081205710190719,438.87127362100495,0.8430006797846094,7.081205710190719,0.39290039358353135,2026-05-10 20:15:00+00:00,2026-05-11 04:45:00+00:00,0.4137092193529755,8.75,1.0,15,39.07136,-8.40013
2026-05-11,ptlis,35,111.42058746076164,181.0578868238439,0.749031304929813,1261.7091511305832,0.08917039344402533,0.749031304929813,0.6132590447591775,2026-05-11 20:15:00+00:00,2026-05-12 04:45:00+00:00,0.2595915161983382,8.75,1.0,15,39.07136,-8.40013
2026-05-12,ptlis,35,812.1555437472676,246.45129028776216,7.6133950450314405,438.9394794564083,0.9063565529799332,7.6133950450314405,0.9583223775759904,2026-05-12 20:15:00+00:00,2026-05-13 04:45:00+00:00,0.40821345013031735,8.75,1.0,15,39.07136,-8.40013
2026-05-13,ptlis,35,923.4918879344611,185.47192238629705,4.848916111010102,746.251192933615,0.5772519179773931,4.848916111010102,0.9876178622390992,2026-05-13 20:15:00+00:00,2026-05-14 04:45:00+00:00,0.3143262591890466,8.75,1.0,15,39.07136,-8.40013
2026-05-14,ptlis,35,1953.412616102303,342.89688193672634,6.15515560412451,685.4107390588596,0.7327566195386321,6.15515560412451,0.9892051960231064,2026-05-14 20:15:00+00:00,2026-05-15 04:45:00+00:00,0.5653377319604375,8.75,1.0,15,39.07136,-8.40013
2026-05-15,ptlis,35,2051.0833978811274,315.932494566248,6.832240570157374,616.8575697928032,0.8133619726377825,6.832240570157374,0.9935457144866138,2026-05-15 20:15:00+00:00,2026-05-16 04:45:00+00:00,0.5940345336923629,8.75,1.0,15,39.07136,-8.40013
2026-05-16,ptlis,35,2408.0649085907494,390.5013993777159,11.651783342593408,868.6896492521647,1.3871170645944533,11.651783342593408,0.9950283961339969,2026-05-16 20:15:00+00:00,2026-05-17 04:45:00+00:00,0.5419024151071618,8.75,1.0,15,39.07136,-8.40013
2026-05-17,ptlis,35,2373.62540508128,424.2521024177437,10.89920861088858,837.5028212383588,1.2975248346295927,10.89920861088858,0.9943302210711703,2026-05-17 20:15:00+00:00,2026-05-18 04:45:00+00:00,0.501316283647621,8.75,1.0,15,39.07136,-8.40013
2026-05-18,ptlis,35,3555.374654226433,768.0593816669765,20.304677736578117,907.0374409576928,2.417223540068824,20.304677736578117,0.997291149165188,2026-05-18 20:15:00+00:00,2026-05-19 04:45:00+00:00,0.3704211524584837,8.75,1.0,15,39.07136,-8.40013
2026-05-19,ptlis,35,875.6209098357299,329.25461141728385,5.272512163476454,559.6069928558948,0.6276800194614824,5.272512163476454,0.9934542269982051,2026-05-19 20:15:00+00:00,2026-05-20 04:45:00+00:00,0.15945565055919403,8.75,1.0,15,39.07136,-8.40013
2026-05-20,ptlis,35,1509.1028006490424,634.4786883697817,12.211656463594576,606.2875861559991,1.4537686266184018,12.211656463594576,0.8476152610380453,2026-05-20 20:15:00+00:00,2026-05-21 04:45:00+00:00,0.17828428229503898,8.75,1.0,15,39.07136,-8.40013
2026-05-21,ptlis,33,,,2.452956318128572,797.3937991230255,0.2920186093010204,2.452956318128572,0.27589180000788993,2026-05-21 20:30:00+00:00,2026-05-22 04:30:00+00:00,0.4865946848140419,8.25,1.0,15,39.07136,-8.40013
2026-05-22,ptlis,33,4109.158381715003,1503.2918188691497,24.790356986631046,1065.1015757427942,2.951232974598934,24.790356986631046,0.9594105237564583,2026-05-22 20:30:00+00:00,2026-05-23 04:30:00+00:00,1.093481415813255,8.25,1.0,15,39.07136,-8.40013
2026-05-23,ptlis,33,1623.4209964116012,860.3785441979146,9.580732839191192,936.6261975473205,1.1405634332370465,9.580732839191192,0.9065101027135247,2026-05-23 20:30:00+00:00,2026-05-24 04:30:00+00:00,0.33844773321426913,8.25,1.0,15,39.07136,-8.40013
2026-05-24,ptlis,33,3195.2099405492227,1858.6504409138495,11.91350770754348,981.6365441098051,1.4182747270885097,11.91350770754348,0.7550247218173715,2026-05-24 20:30:00+00:00,2026-05-25 04:30:00+00:00,0.19183221902537367,8.25,1.0,15,39.07136,-8.40013
2026-05-25,ptlis,33,1799.8014336531132,758.6078181620949,9.671018963940371,576.9981755610721,1.1513117814214728,9.671018963940371,0.9290862822903682,2026-05-25 20:30:00+00:00,2026-05-26 04:30:00+00:00,0.15020787812852232,8.25,1.0,15,39.07136,-8.40013
2026-05-26,ptlis,33,583.4992684474774,433.9676303526981,3.8814379743441485,578.3574379661213,0.4620759493266844,3.8814379743441485,0.6795642631659693,2026-05-26 20:30:00+00:00,2026-05-27 04:30:00+00:00,0.06302510089804113,8.25,1.0,15,39.07136,-8.40013
2026-05-27,ptlis,33,1292.428228412978,650.5137791476177,6.144324718822133,668.0264805308329,0.7314672284312063,6.144324718822133,0.9999999999901361,2026-05-27 20:30:00+00:00,2026-05-28 04:30:00+00:00,1.2350192115619538,8.25,1.0,15,39.07136,-8.40013
2026-05-28,ptlis,33,585.057149066882,162.2994778284421,3.65844708541126,364.33168150568395,0.4355294149299119,3.65844708541126,0.9981978494576165,2026-05-28 20:30:00+00:00,2026-05-29 04:30:00+00:00,0.5417209446373934,8.25,1.0,15,39.07136,-8.40013
2026-05-29,ptlis,33,642.7798203042975,185.52630906286407,4.384503511892576,922.3704978121225,0.5219647037967352,4.384503511892576,0.9999799001527159,2026-05-29 20:30:00+00:00,2026-05-30 04:30:00+00:00,0.4191976726441732,8.25,1.0,15,39.07136,-8.40013
2026-05-30,ptlis,33,984.4022584000422,240.35519708450246,5.6774554116707865,833.5358331995005,0.675887549008427,5.6774554116707865,0.9931595594529311,2026-05-30 20:30:00+00:00,2026-05-31 04:30:00+00:00,0.7738196290916294,8.25,1.0,15,39.07136,-8.40013
2026-05-31,ptlis,33,1588.4188054227568,360.2217316219592,8.114033405516636,892.8775034659617,0.9659563577995994,8.114033405516636,0.9982026527744692,2026-05-31 20:30:00+00:00,2026-06-01 04:30:00+00:00,0.8815591800648102,8.25,1.0,15,39.07136,-8.40013
2026-06-01,ptlis,33,1205.616026974367,316.55183846676005,5.364769297823836,795.4505365898754,0.6386630116456947,5.364769297823836,0.9881202295964204,2026-06-01 20:30:00+00:00,2026-06-02 04:30:00+00:00,0.5944640352333228,8.25,1.0,15,39.07136,-8.40013
2026-06-02,ptlis,33,948.8198886211879,256.77940402861583,2.859264529002173,539.0764970946904,0.34038863440502065,2.859264529002173,0.9573966925539439,2026-06-02 20:30:00+00:00,2026-06-03 04:30:00+00:00,0.6062012548185405,8.25,1.0,15,39.07136,-8.40013
2026-06-03,ptlis,33,1073.5776343300527,332.27664843080044,5.091328422528044,442.52691811910404,0.6061105264914338,5.091328422528044,0.9822740007821424,2026-06-03 20:30:00+00:00,2026-06-04 04:30:00+00:00,0.6105276424391434,8.25,1.0,15,39.07136,-8.40013
2026-06-04,ptlis,33,980.7094180670309,256.09885336270054,3.4639423358607018,650.9414711359858,0.4123740876024645,3.4639423358607018,0.9687199032242519,2026-06-04 20:30:00+00:00,2026-06-05 04:30:00+00:00,0.5582476690664755,8.25,1.0,15,39.07136,-8.40013
2026-06-05,ptlis,33,1487.9546434703932,331.6877772871396,7.430728948822688,693.1125355613058,0.884610589145558,7.430728948822688,0.9838928841292152,2026-06-05 20:30:00+00:00,2026-06-06 04:30:00+00:00,0.44664241256555814,8.25,1.0,15,39.07136,-8.40013
2026-06-06,ptlis,33,1517.2063274232776,367.47451722780244,10.16870362090977,498.45985657197946,1.2105599548702106,10.16870362090977,0.9985436171316637,2026-06-06 20:30:00+00:00,2026-06-07 04:30:00+00:00,0.5551647306327163,8.25,1.0,15,39.07136,-8.40013
2026-06-07,ptlis,33,1576.5195082082626,350.63162639962263,6.801161724319206,651.4001228902298,0.8096621100380006,6.801161724319206,0.992756459140506,2026-06-07 20:30:00+00:00,2026-06-08 04:30:00+00:00,0.8624539933499946,8.25,1.0,15,39.07136,-8.40013
2026-06-08,ptlis,33,1824.4585338567554,336.90617667607023,8.741169096741766,897.1876014960328,1.040615368659734,8.741169096741766,0.991044514278089,2026-06-08 20:30:00+00:00,2026-06-09 04:30:00+00:00,0.742743312781631,8.25,1.0,15,39.07136,-8.40013
2026-06-09,ptlis,32,3326.451780048421,703.313851812352,11.91295637448211,973.895307550663,1.4182090922002513,11.91295637448211,0.9855018411253181,2026-06-09 20:45:00+00:00,2026-06-10 04:30:00+00:00,0.6594483096317193,8.0,1.0,15,39.07136,-8.40013
2026-06-10,ptlis,32,2818.8595845326313,584.4735036931129,11.376752424933512,462.9340638043766,1.3543752886825609,11.376752424933512,0.9979871398979132,2026-06-10 20:45:00+00:00,2026-06-11 04:30:00+00:00,0.679434510488022,8.0,1.0,15,39.07136,-8.40013
2026-06-11,ptlis,32,4640.255006701937,924.954671706989,17.47293772995472,443.8019072483645,2.080111634518419,17.47293772995472,0.9873861501518493,2026-06-11 20:45:00+00:00,2026-06-12 04:30:00+00:00,1.3235976118972193,8.0,1.0,15,39.07136,-8.40013
2026-06-12,ptlis,32,2788.438683576622,1281.2016292618193,18.419675308978185,539.5430445755997,2.1928184891640696,18.419675308978185,0.8731944652815402,2026-06-12 20:45:00+00:00,2026-06-13 04:30:00+00:00,0.37782256900157524,8.0,1.0,15,39.07136,-8.40013
2026-06-13,ptlis,32,2344.4976246919123,476.3545122333188,15.005545226688264,707.1948118341408,1.7863744317486028,15.005545226688264,0.9995389224124543,2026-06-13 20:45:00+00:00,2026-06-14 04:30:00+00:00,0.8669345820699597,8.0,1.0,15,39.07136,-8.40013
2026-06-14,ptlis,32,1116.0777509240154,321.63577151151907,6.991204365174781,651.6519255801591,0.8322862339493786,6.991204365174781,0.9918256931244205,2026-06-14 20:45:00+00:00,2026-06-15 04:30:00+00:00,0.5977927085315305,8.0,1.0,15,39.07136,-8.40013
2026-06-15,ptlis,32,1726.5605883925166,341.0399773683765,7.830600835273754,689.1419086883959,0.9322143851516373,7.830600835273754,0.9862696321836105,2026-06-15 20:45:00+00:00,2026-06-16 04:30:00+00:00,0.8083935984657381,8.0,1.0,15,39.07136,-8.40013
2026-06-16,ptlis,32,2108.978139532301,467.6237955472553,11.50330334652681,597.3256011187694,1.369440874586525,11.50330334652681,0.9999710005452422,2026-06-16 20:45:00+00:00,2026-06-17 04:30:00+00:00,0.9942595736210997,8.0,1.0,15,39.07136,-8.40013
2026-06-17,ptlis,32,1870.044076092606,493.05250801130416,11.565530134055553,516.2092004191652,1.376848825482804,11.565530134055553,0.9988998514759618,2026-06-17 20:45:00+00:00,2026-06-18 04:30:00+00:00,0.5411277375723486,8.0,1.0,15,39.07136,-8.40013
2026-06-18,ptlis,32,1251.4840994711244,241.307969753564,7.728351598094378,466.50050863281797,0.9200418569159974,7.728351598094378,0.9962318870461392,2026-06-18 20:45:00+00:00,2026-06-19 04:30:00+00:00,0.5764688008430264,8.0,1.0,15,39.07136,-8.40013
2026-06-19,ptlis,32,1652.8135972401874,283.69304517677125,7.790863734908635,551.0247499383532,0.9274837779653137,7.790863734908635,0.9995912154654414,2026-06-19 20:45:00+00:00,2026-06-20 04:30:00+00:00,0.6712105165562243,8.0,1.0,15,39.07136,-8.40013
2026-06-20,ptlis,32,2228.8024559226856,459.48165435183796,11.272779882419854,558.083434821975,1.3419976050499827,11.272779882419854,1.0,2026-06-20 20:45:00+00:00,2026-06-21 04:30:00+00:00,1.0683054447092786,8.0,1.0,15,39.07136,-8.40013
2026-06-21,ptlis,32,3399.9088866476313,881.6964666817222,20.886616257366406,531.1297184831461,2.4865019354007623,20.886616257366406,0.9995712440350812,2026-06-21 20:45:00+00:00,2026-06-22 04:30:00+00:00,0.6368535616618693,8.0,1.0,15,39.07136,-8.40013
2026-06-22,ptlis,32,2439.394726178316,483.1392806957604,16.237811142764986,560.8977305578676,1.9330727550910698,16.237811142764986,0.9941339321747736,2026-06-22 20:45:00+00:00,2026-06-23 04:30:00+00:00,0.5708633715442895,8.0,1.0,15,39.07136,-8.40013
2026-06-23,ptlis,32,4945.415864980119,1487.9633585151319,20.273735071731064,852.6694264680572,2.413539889491793,20.273735071731064,0.9974119978691646,2026-06-23 20:45:00+00:00,2026-06-24 04:30:00+00:00,1.3551156922125627,8.0,1.0,15,39.07136,-8.40013
2026-06-24,ptlis,32,1407.176066846822,404.8169318225009,7.892593638246035,528.4520605736644,0.9395944807435757,7.892593638246035,0.976740229604913,2026-06-24 20:45:00+00:00,2026-06-25 04:30:00+00:00,0.6702822576067803,8.0,1.0,15,39.07136,-8.40013
2026-06-25,ptlis,32,946.6551498371871,185.9486391639635,4.955053710038442,512.0877911472572,0.5898873464331478,4.955053710038442,0.9728883198353875,2026-06-25 20:45:00+00:00,2026-06-26 04:30:00+00:00,0.6034393691853908,8.0,1.0,15,39.07136,-8.40013
2026-06-26,ptlis,32,2165.193984758213,403.32618239248524,11.715738187990565,617.7813406162531,1.3947307366655435,11.715738187990565,0.9941463520174255,2026-06-26 20:45:00+00:00,2026-06-27 04:30:00+00:00,0.6409192449602392,8.0,1.0,15,39.07136,-8.40013
2026-06-27,ptlis,32,2016.299488400162,422.83200476726176,10.510146741248992,642.0299142701555,1.2512079453867846,10.510146741248992,0.993808859390188,2026-06-27 20:45:00+00:00,2026-06-28 04:30:00+00:00,1.051915180978737,8.0,1.0,15,39.07136,-8.40013
2026-06-28,ptlis,32,2934.230391024986,488.647038997481,11.439450541489169,802.9818219930424,1.3618393501772819,11.439450541489169,0.9948255606630397,2026-06-28 20:45:00+00:00,2026-06-29 04:30:00+00:00,1.144202061113364,8.0,1.0,15,39.07136,-8.40013
2026-06-29,ptlis,32,2846.8932233831324,606.094080292994,12.773988709185643,602.6378173118845,1.5207129415697191,12.773988709185643,0.9982044502637689,2026-06-29 20:45:00+00:00,2026-06-30 04:30:00+00:00,1.3162763983920422,8.0,1.0,15,39.07136,-8.40013
2026-06-30,ptlis,32,3470.2308979174472,632.8786276620953,14.993787717781835,724.9182586974567,1.7849747283073611,14.993787717781835,0.9981294898401583,2026-06-30 20:45:00+00:00,2026-07-01 04:30:00+00:00,1.357945216196696,8.0,1.0,15,39.07136,-8.40013
2026-07-01,ptlis,32,4967.7042974767355,955.2915193392506,20.971926181044182,611.0677815717905,2.496657878695736,20.971926181044182,0.9990743873978318,2026-07-01 20:45:00+00:00,2026-07-02 04:30:00+00:00,1.7051840818604036,8.0,1.0,15,39.07136,-8.40013
2026-07-02,ptlis,32,3521.53999622226,775.035661981959,12.662266495401855,656.7098646099907,1.5074126780240302,12.662266495401855,0.9812266378560726,2026-07-02 20:45:00+00:00,2026-07-03 04:30:00+00:00,0.9679791943625269,8.0,1.0,15,39.07136,-8.40013
2026-07-03,ptlis,32,3032.35623488817,487.2724256114352,16.152506042692767,591.9290150722268,1.9229173860348532,16.152506042692767,0.9978295846906389,2026-07-03 20:45:00+00:00,2026-07-04 04:30:00+00:00,1.536151340853182,8.0,1.0,15,39.07136,-8.40013
2026-07-04,ptlis,29,2754.537447958711,517.7657461207613,15.675952626100003,573.4281429941688,1.8847048121580183,15.675952626100003,0.9953932154359736,2026-07-04 20:45:00+00:00,2026-07-05 03:45:00+00:00,1.2174545849377476,7.25,1.0,15,39.07136,-8.40013
2026-07-05,ptlis,32,2134.3946856977855,405.4742614708806,11.455357589764754,533.1348538649006,1.363733046400566,11.455357589764754,0.9936823848015123,2026-07-05 20:45:00+00:00,2026-07-06 04:30:00+00:00,1.0258155639832591,8.0,1.0,15,39.07136,-8.40013
2026-07-06,ptlis,32,1606.646564444212,365.7432537312679,7.850644224792768,543.0701713491939,0.93460050295152,7.850644224792768,0.9696291603592212,2026-07-06 20:45:00+00:00,2026-07-07 04:30:00+00:00,0.7289211110218495,8.0,1.0,15,39.07136,-8.40013
2026-07-07,ptlis,32,1938.7730769675918,293.5750296510756,9.90403461644521,614.9875713822104,1.1790517400530012,9.90403461644521,0.9707771602757518,2026-07-07 20:45:00+00:00,2026-07-08 04:30:00+00:00,0.865416719808992,8.0,1.0,15,39.07136,-8.40013
2026-07-08,ptlis,32,1389.928663514506,304.03219103210046,9.162604488644297,578.907669873462,1.0907862486481306,9.162604488644297,0.9790621505056326,2026-07-08 20:45:00+00:00,2026-07-09 04:30:00+00:00,0.9076363807693842,8.0,1.0,15,39.07136,-8.40013
2026-07-09,ptlis,32,865.3304005128235,172.90494188660358,4.523101377269927,559.0997999304332,0.5874737735892273,4.523101377269927,0.9714339751811749,2026-07-09 20:45:00+00:00,2026-07-10 04:30:00+00:00,0.8168837137210606,8.0,1.0,15,39.07136,-8.40013
2026-07-10,ptlis,33,1119.7781462475643,185.01752194770154,7.613401239541396,639.8005731659117,0.9063572904215946,7.613401239541396,0.9948415992195764,2026-07-10 20:45:00+00:00,2026-07-11 04:45:00+00:00,0.9050252919602796,8.25,1.0,15,39.07136,-8.40013
2026-07-11,ptlis,33,1107.7614385934469,248.06422586414143,7.175945906775738,404.371743208077,0.8542792746161592,7.175945906775738,0.9913783774844309,2026-07-11 20:45:00+00:00,2026-07-12 04:45:00+00:00,0.6832058461735953,8.25,1.0,15,39.07136,-8.40013
2026-07-12,ptlis,16,603.5911017065686,212.7121533254459,6.660411647497995,365.4160823809372,0.7929061485116661,6.660411647497995,0.9812795346811712,2026-07-12 20:45:00+00:00,2026-07-13 00:30:00+00:00,0.5317237718143151,4.0,1.0,15,39.07136,-8.40013
2026-07-13,ptlis,33,1197.5048445132736,219.48159121701315,6.913169178831815,570.9099002519213,0.8229963308133114,6.913169178831815,0.9932688666407751,2026-07-13 20:45:00+00:00,2026-07-14 04:45:00+00:00,0.4713808630482352,8.25,1.0,15,39.07136,-8.40013
2026-07-14,ptlis,33,1135.2003254482486,261.88203881307476,7.169925689813031,479.4582551201336,0.8535625821205989,7.169925689813031,0.9925647799167143,2026-07-14 20:45:00+00:00,2026-07-15 04:45:00+00:00,0.5973113967835543,8.25,1.0,15,39.07136,-8.40013
2026-07-15,ptlis,34,1295.7840050342459,243.81293008566226,7.265233427724439,549.8729916201618,0.8649087413957666,7.265233427724439,0.9889734776323803,2026-07-15 20:30:00+00:00,2026-07-16 04:45:00+00:00,0.46363931957113963,8.5,1.0,15,39.07136,-8.40013
2026-07-16,ptlis,34,1090.5012962297671,267.86032532786896,5.12246537464978,473.7872565086316,0.6098173065059261,5.12246537464978,0.991842226242692,2026-07-16 20:30:00+00:00,2026-07-17 04:45:00+00:00,0.640596851231885,8.5,1.0,15,39.07136,-8.40013
2026-07-17,ptlis,34,1596.6002224170777,261.8393805457205,7.080471282812955,559.4831903520861,0.8429132479539231,7.080471282812955,0.9902468312878049,2026-07-17 20:30:00+00:00,2026-07-18 04:45:00+00:00,1.1885986002899274,8.5,1.0,15,39.07136,-8.40013
2026-07-18,ptlis,34,1765.8326729782614,343.05036460097546,8.411397081264894,679.9876446917514,1.001356795388678,8.411397081264894,0.9898072258190834,2026-07-18 20:30:00+00:00,2026-07-19 04:45:00+00:00,0.8400494907462969,8.5,1.0,15,39.07136,-8.40013
2026-07-19,ptlis,34,974.807190397432,213.32742921908732,4.746446847135495,493.79856610444324,0.565053196087559,4.746446847135495,0.9892933934892494,2026-07-19 20:30:00+00:00,2026-07-20 04:45:00+00:00,0.6326380821481087,8.5,1.0,15,39.07136,-8.40013
2026-07-20,ptlis,34,1039.2684817286806,196.60880985083026,5.282903254025008,491.4223157300246,0.6289170540505963,5.282903254025008,0.9880319222203127,2026-07-20 20:30:00+00:00,2026-07-21 04:45:00+00:00,0.5688569513199929,8.5,1.0,15,39.07136,-8.40013
2026-07-21,ptlis,17,1009.8229957134961,337.60518474277745,11.159846998864284,598.6895263318243,1.386204095497754,11.159846998864284,0.9963844580405323,2026-07-21 20:30:00+00:00,2026-07-22 00:30:00+00:00,0.35269397319967516,4.25,1.0,15,39.07136,-8.40013
2026-07-22,ptlis,27,1774.8946785528813,356.8124647506813,10.50295923083411,591.3441112275051,1.2703977619974665,10.50295923083411,0.9903328587176377,2026-07-22 20:30:00+00:00,2026-07-23 03:00:00+00:00,0.39211881662952025,6.75,1.0,15,39.07136,-8.40013
2026-07-23,ptlis,34,1690.917751394795,429.8025268383502,6.676142396599415,540.1259051908751,0.7947788567380255,6.676142396599415,0.9918884168626133,2026-07-23 20:30:00+00:00,2026-07-24 04:45:00+00:00,0.6575049008366308,8.5,1.0,15,39.07136,-8.40013
2026-07-24,ptlis,34,682.9053353005627,127.22691704797047,2.878050862107011,426.12252190386744,0.342625102631787,2.878050862107011,0.9445413163648917,2026-07-24 20:30:00+00:00,2026-07-25 04:45:00+00:00,0.7464949215924712,8.5,1.0,15,39.07136,-8.40013
2026-07-25,ptlis,34,5390.543961229026,1031.062713655176,16.37385126197064,899.8673877521043,1.9492680073774569,16.37385126197064,0.9954242024283234,2026-07-25 20:30:00+00:00,2026-07-26 04:45:00+00:00,0.577507898416905,8.5,1.0,15,39.07136,-8.40013
2026-07-26,ptlis,34,7114.997775067887,1141.007973102539,30.35775669776477,783.8810861584967,3.6140186544958057,30.35775669776477,0.9978607193881918,2026-07-26 20:30:00+00:00,2026-07-27 04:45:00+00:00,0.722080154707103,8.5,1.0,15,39.07136,-8.40013
2026-07-27,ptlis,35,9177.485446486677,1744.7264338847904,34.34822630354495,699.1331693774871,4.089074559945827,34.34822630354495,0.9982789092123784,2026-07-27 20:30:00+00:00,2026-07-28 05:00:00+00:00,2.058609532500065,8.75,1.0,15,39.07136,-8.40013
2026-07-28,ptlis,35,3812.9623191654255,561.28822270655,20.03602235204482,577.6203273730591,2.3852407561958118,20.03602235204482,0.9935602923791821,2026-07-28 20:30:00+00:00,2026-07-29 05:00:00+00:00,0.4818682947280068,8.75,1.0,15,39.07136,-8.40013
2026-07-29,ptlis,35,2009.032442733866,377.1835936915548,9.422678625763407,500.0069881880398,1.1217474554480245,9.422678625763407,0.9948641320338301,2026-07-29 20:30:00+00:00,2026-07-30 05:00:00+00:00,0.42596041567877974,8.75,1.0,15,39.07136,-8.40013
2026-07-30,ptlis,35,2075.417811184441,421.38586849149095,8.025260876966504,491.46550269124435,0.9553881996388697,8.025260876966504,0.9920158725011786,2026-07-30 20:30:00+00:00,2026-07-31 05:00:00+00:00,0.5311761994118134,8.75,1.0,15,39.07136,-8.40013
2026-07-31,ptlis,35,3651.6456034709354,516.1206277132642,17.77864803230184,551.219818540295,2.116505718131172,17.77864803230184,0.9943935769129776,2026-07-31 20:30:00+00:00,2026-08-01 05:00:00+00:00,0.5745641880826325,8.75,1.0,15,39.07136,-8.40013
2026-08-01,ptlis,36,6947.156182262963,1270.9833795396037,22.68940789427721,747.3692264263226,2.701119987413953,22.68940789427721,0.9866350893542386,2026-08-01 20:15:00+00:00,2026-08-02 05:00:00+00:00,0.5678519246794667,9.0,1.0,15,39.07136,-8.40013
2026-08-02,ptlis,36,2416.8603792807276,547.9512428852482,11.18027095596133,555.1809988268102,1.330984637614444,11.18027095596133,0.9909323360436837,2026-08-02 20:15:00+00:00,2026-08-03 05:00:00+00:00,0.589497734482551,9.0,1.0,15,39.07136,-8.40013
2026-08-03,ptlis,36,1340.587238669123,274.1264423171601,5.901207778580708,519.2940868019672,0.7025247355453224,5.901207778580708,0.9867315986739961,2026-08-03 20:15:00+00:00,2026-08-04 05:00:00+00:00,0.4216637526407249,9.0,1.0,15,39.07136,-8.40013
2026-08-04,ptlis,36,3716.4297000580887,593.9844800636358,13.911854529752823,847.350230083131,1.6561731583039074,13.911854529752823,0.9929783330607703,2026-08-04 20:15:00+00:00,2026-08-05 05:00:00+00:00,0.29180204517785674,9.0,1.0,15,39.07136,-8.40013
2026-08-05,ptlis,36,6721.145473639062,1233.9111340777013,23.095027411388667,900.9800661326218,2.7494080251653172,23.095027411388667,0.99678692626731,2026-08-05 20:15:00+00:00,2026-08-06 05:00:00+00:00,0.5363994567590026,9.0,1.0,15,39.07136,-8.40013
2026-08-06,ptlis,36,8397.829346465169,1335.997364006691,26.487379036016804,756.2404871201766,3.1532594090496193,26.487379036016804,0.9949141681082986,2026-08-06 20:15:00+00:00,2026-08-07 05:00:00+00:00,0.5543445427193324,9.0,1.0,15,39.07136,-8.40013
2026-08-07,ptlis,36,4867.533903934012,1028.0213074006915,19.10251580131832,604.6271798590725,2.2741090239664667,19.10251580131832,0.9891401149949527,2026-08-07 20:15:00+00:00,2026-08-08 05:00:00+00:00,0.5845736356880155,9.0,1.0,15,39.07136,-8.40013
2026-08-08,ptlis,36,2133.1092403661332,467.5084435023065,8.760258100414447,547.9882688536456,1.0428878690969579,8.760258100414447,0.9886173153640188,2026-08-08 20:15:00+00:00,2026-08-09 05:00:00+00:00,0.4628793190266382,9.0,1.0,15,39.07136,-8.40013
2026-08-09,ptlis,36,3552.8154113520372,520.1528897383096,15.19147240247134,709.7188527493829,1.808508619341826,15.19147240247134,0.9952115021060445,2026-08-09 20:15:00+00:00,2026-08-10 05:00:00+00:00,0.8713721009412179,9.0,1.0,15,39.07136,-8.40013
2026-08-10,ptlis,36,6238.1887577924335,874.6431614689941,28.547529528088287,819.2981598228185,3.39851542001051,28.547529528088287,0.9989652608445575,2026-08-10 20:15:00+00:00,2026-08-11 05:00:00+00:00,0.6606997551719438,9.0,1.0,15,39.07136,-8.40013
2026-08-11,ptlis,37,5682.432079629671,875.2053286707236,26.9767791007577,728.5972100557601,3.2115213215187737,26.9767791007577,0.9964769528498093,2026-08-11 20:15:00+00:00,2026-08-12 05:15:00+00:00,0.5152524927054349,9.25,1.0,15,39.07136,-8.40013
2026-08-12,ptlis,37,4913.0716736830855,735.3556212156357,22.72852249057882,575.9329801410244,2.7057764869736687,22.72852249057882,0.9950517552927537,2026-08-12 20:15:00+00:00,2026-08-13 05:15:00+00:00,0.47012950921612734,9.25,1.0,15,39.07136,-8.40013
2026-08-13,ptlis,37,5184.6649843113155,801.0734575315659,21.63830348666892,693.93471842555,2.575988510317729,21.63830348666892,0.9964660065066201,2026-08-13 20:15:00+00:00,2026-08-14 05:15:00+00:00,0.5798438731967256,9.25,1.0,15,39.07136,-8.40013
2026-08-14,ptlis,38,6349.612785447489,1010.4301413851898,25.200140726784937,711.1791810317582,3.000016753188683,25.200140726784937,0.9970982841069518,2026-08-14 20:00:00+00:00,2026-08-15 05:15:00+00:00,0.8815356853888745,9.5,1.0,15,39.07136,-8.40013
2026-08-15,ptlis,38,8166.79493899431,1473.2210648427115,33.500123571359865,689.5887211773673,3.9881099489714122,33.500123571359865,0.9976559758310025,2026-08-15 20:00:00+00:00,2026-08-16 05:15:00+00:00,0.46473366863890725,9.5,1.0,15,39.07136,-8.40013
2026-08-16,ptlis,38,12361.461989399397,1940.1998269832313,44.41094380314179,831.2213740359156,5.287017119421641,44.41094380314179,0.9887348596072619,2026-08-16 20:00:00+00:00,2026-08-17 05:15:00+00:00,1.1933758664567515,9.5,1.0,15,39.07136,-8.40013
2026-08-17,ptlis,38,14104.168499126237,2080.1255065378036,48.33969586078119,972.2532337024973,5.754725697712046,48.33969586078119,0.9668598843468035,2026-08-17 20:00:00+00:00,2026-08-18 05:15:00+00:00,2.2668645102777547,9.5,1.0,15,39.07136,-8.40013
2026-08-18,ptlis,38,6116.188770701026,1303.3435984231303,27.254966939593924,740.0305894951116,3.2446389213802287,27.254966939593924,0.9982576980136052,2026-08-18 20:00:00+00:00,2026-08-19 05:15:00+00:00,0.5532864808265662,9.5,1.0,15,39.07136,-8.40013
2026-08-19,ptlis,22,1040.5644048400732,295.1509288070107,9.477007242090291,494.3178770152259,1.156491424468603,9.477007242090291,0.9847206402871471,2026-08-20 00:00:00+00:00,2026-08-20 05:15:00+00:00,0.21353075730666507,5.5,1.0,15,39.07136,-8.40013
2026-08-20,ptlis,38,5832.286716659931,909.9106502907983,15.154406017858722,721.9360250858398,1.816674274535928,15.154406017858722,0.9945218956143488,2026-08-20 20:00:00+00:00,2026-08-21 05:15:00+00:00,0.3342711765254942,9.5,1.0,15,39.07136,-8.40013
2026-08-21,ptlis,36,7821.82642647231,1203.0460794056667,31.541324408751482,773.6653649833167,3.8331529958126427,31.541324408751482,0.9909578000126171,2026-08-21 20:00:00+00:00,2026-08-22 05:15:00+00:00,0.36828262911001813,9.0,0.9473684210526315,15,39.07136,-8.40013
2026-08-22,ptlis,38,3533.960122511674,681.2187197536028,15.697200745673324,559.1629633623565,1.8687143744849193,15.697200745673324,0.9942711098747434,2026-08-22 20:00:00+00:00,2026-08-23 05:15:00+00:00,0.2890221985521297,9.5,1.0,15,39.07136,-8.40013
2026-08-23,ptlis,38,1033.5256769355615,247.54431040792372,3.458791371377734,662.9989596154732,0.4117608775449683,3.458791371377734,0.7746824219582918,2026-08-23 20:00:00+00:00,2026-08-24 05:15:00+00:00,0.5216412613832752,9.5,1.0,15,39.07136,-8.40013
2026-08-24,ptlis,39,1334.07846359651,255.5733426850807,6.232146091511841,489.5402495707956,0.7419221537514097,6.232146091511841,0.980168904485585,2026-08-24 19:45:00+00:00,2026-08-25 05:15:00+00:00,0.594236404358847,9.75,1.0,15,39.07136,-8.40013
2026-08-25,ptlis,39,1621.4826009704514,343.09998966683264,9.48322558335819,474.50115310427424,1.1289554265902606,9.48322558335819,0.9830695730811048,2026-08-25 19:45:00+00:00,2026-08-26 05:15:00+00:00,0.4237827786054429,9.75,1.0,15,39.07136,-8.40013
2026-08-26,ptlis,40,1103.5429891514782,276.8422328164231,4.353040709100323,484.73418640000494,0.5182191320357528,4.353040709100323,0.9128211217708542,2026-08-26 19:45:00+00:00,2026-08-27 05:30:00+00:00,0.5519883313616966,10.0,1.0,15,39.07136,-8.40013
2026-08-27,ptlis,40,3000.3317690512476,955.1382820374555,11.956418168578393,595.5671023146049,1.4233831153069516,11.956418168578393,0.9874682171445036,2026-08-27 19:45:00+00:00,2026-08-28 05:30:00+00:00,0.43676420168465424,10.0,1.0,15,39.07136,-8.40013
2026-08-28,ptlis,40,7166.2526306223845,1518.7039858905282,25.53005478282106,766.1964206156091,3.039292236050126,25.53005478282106,0.9338358134524924,2026-08-28 19:45:00+00:00,2026-08-29 05:30:00+00:00,0.19251447467057017,10.0,1.0,15,39.07136,-8.40013
2026-08-29,ptlis,40,8176.581410175954,1367.6388209302731,26.43996331549871,688.6315044897359,3.147614680416513,26.43996331549871,0.9862249908559559,2026-08-29 19:45:00+00:00,2026-08-30 05:30:00+00:00,0.32649988517831957,10.0,1.0,15,39.07136,-8.40013
2026-08-30,ptlis,39,20101.733210001006,3371.4074352315833,38.95834221709964,741.0293867902421,4.637897882988052,38.95834221709964,0.9916731278125331,2026-08-30 19:45:00+00:00,2026-08-31 05:30:00+00:00,0.30251478589062814,9.75,0.975,15,39.07136,-8.40013
2026-08-31,ptlis,7,2422.3323194700056,2190.966898809398,41.4194379368797,738.3138595679708,5.642473024027866,41.4194379368797,0.8553652719254731,2026-08-31 19:45:00+00:00,2026-08-31 23:45:00+00:00,0.28343197897509276,1.75,0.4117647058823529,15,39.07136,-8.40013
2025-10-31,ptprt,27,,,3.1939502439013236,2013.8249212493822,0.3802321718930147,3.1939502439013236,0.19087300620274547,2025-11-01 00:00:00+00:00,2025-11-01 06:30:00+00:00,0.14995470533476157,6.75,1.0,15,40.84502,-8.279722
2025-11-01,ptprt,51,1046.2236355723003,194.8685866526079,3.369889474550591,1349.2906698302131,0.4011773183988799,3.369889474550591,0.8280538518382697,2025-11-01 18:00:00+00:00,2025-11-02 06:30:00+00:00,0.13496650970077076,12.75,1.0,15,40.84502,-8.279722
2025-11-02,ptprt,51,1223.4395237374072,181.49475377209845,4.8605860254636,1367.2274098143482,0.5940950313960416,4.8605860254636,0.928931863572443,2025-11-02 18:00:00+00:00,2025-11-03 06:30:00+00:00,0.06072077991024506,12.75,1.0,15,40.84502,-8.279722
2025-11-03,ptprt,51,561.1107129756929,210.7001944064397,2.0692804143271024,1573.1423029113087,0.2463429064675122,2.0692804143271024,0.5807657749334161,2025-11-03 18:00:00+00:00,2025-11-04 06:30:00+00:00,0.2348659681100842,12.75,1.0,15,40.84502,-8.279722
2025-11-04,ptprt,51,,,8.24008345830017,1740.7773864403466,0.9809623164643059,8.24008345830017,0.31610524119061434,2025-11-04 18:00:00+00:00,2025-11-05 06:30:00+00:00,0.6975865098444508,12.75,1.0,15,40.84502,-8.279722
2025-11-05,ptprt,51,,,3.370995713959393,2008.5429015860404,0.4013090135665945,3.370995713959393,0.36609956298245944,2025-11-05 18:00:00+00:00,2025-11-06 06:30:00+00:00,0.3496873014597859,12.75,1.0,15,40.84502,-8.279722
2025-11-06,ptprt,51,,,6.939654391894446,1825.2233767099074,0.8261493323683864,6.939654391894446,0.4430504256998175,2025-11-06 18:00:00+00:00,2025-11-07 06:30:00+00:00,0.7487235966157548,12.75,1.0,15,40.84502,-8.279722
2025-11-07,ptprt,51,1667.2569665489484,504.45059379848936,3.5816657473862756,1610.8944307896074,0.4275715991769448,3.5816657473862756,0.9055326091456073,2025-11-07 18:00:00+00:00,2025-11-08 06:30:00+00:00,0.29690911472540626,12.75,1.0,15,40.84502,-8.279722
2025-11-08,ptprt,51,1977.0138016978528,304.42048449740554,6.3077625203439425,1640.6320193264387,0.750924109564755,6.3077625203439425,0.9628732141962615,2025-11-08 18:00:00+00:00,2025-11-09 06:30:00+00:00,0.07468790889838013,12.75,1.0,15,40.84502,-8.279722
2025-11-09,ptprt,52,437.85158701317977,106.29006034859133,1.988175506108942,1732.828182513902,0.23668756025106452,1.988175506108942,0.5998337607987871,2025-11-09 18:00:00+00:00,2025-11-10 06:45:00+00:00,0.09635916529476743,13.0,1.0,15,40.84502,-8.279722
2025-11-10,ptprt,52,426.1297165740092,91.01448533282392,1.4777583147614048,1770.9439212886573,0.17665288063625878,1.4777583147614048,0.5659882304092139,2025-11-10 18:00:00+00:00,2025-11-11 06:45:00+00:00,0.18976172013144915,13.0,1.0,15,40.84502,-8.279722
2025-11-11,ptprt,52,1346.5698716965667,537.93033888774,2.962878434130779,1565.655679415504,0.35272362311080696,2.962878434130779,0.5171022146877053,2025-11-11 18:00:00+00:00,2025-11-12 06:45:00+00:00,0.5093523010015995,13.0,1.0,15,40.84502,-8.279722
2025-11-12,ptprt,52,,,5.84523234045527,1768.9520208431386,0.6958609929113416,5.84523234045527,0.24820300849796798,2025-11-12 18:00:00+00:00,2025-11-13 06:45:00+00:00,0.6590901275440975,13.0,1.0,15,40.84502,-8.279722
2025-11-13,ptprt,52,,,4.959897749406251,1701.2273618761853,0.5904640177864583,4.959897749406251,0.2302886613040731,2025-11-13 18:00:00+00:00,2025-11-14 06:45:00+00:00,0.7902690265156633,13.0,1.0,15,40.84502,-8.279722
2025-11-14,ptprt,53,3078.2206505479276,1491.7553661331658,6.835426672685118,1953.7727792696603,0.817104124943981,6.835426672685118,0.5198598601763222,2025-11-14 17:45:00+00:00,2025-11-15 06:45:00+00:00,0.7855218787612693,13.25,1.0,15,40.84502,-8.279722
2025-11-15,ptprt,53,,,3.8102259347461307,2162.9769560096115,0.4535983255650155,3.8102259347461307,0.43885393386253835,2025-11-15 17:45:00+00:00,2025-11-16 06:45:00+00:00,0.8078399288953291,13.25,1.0,15,40.84502,-8.279722
2025-11-16,ptprt,53,,,0.7405812133791119,2591.6365589233033,0.08816443016417998,0.7405812133791119,0.13318270947725186,2025-11-16 17:45:00+00:00,2025-11-17 06:45:00+00:00,0.2705581839462476,13.25,1.0,15,40.84502,-8.279722
2025-11-17,ptprt,53,3171.475881409635,691.6763963365663,6.999348221297534,1318.6913114902814,0.8332557406306588,6.999348221297534,0.9338087342696879,2025-11-17 17:45:00+00:00,2025-11-18 06:45:00+00:00,0.055184418010115824,13.25,1.0,15,40.84502,-8.279722
2025-11-18,ptprt,53,375.16245876378923,72.8524523302929,1.4363612741600933,1247.6813346915285,0.1729938212352464,1.4363612741600933,0.8271276948488906,2025-11-18 17:45:00+00:00,2025-11-19 06:45:00+00:00,0.03397802080233849,13.25,1.0,15,40.84502,-8.279722
2025-11-19,ptprt,53,368.92460414525084,122.37469987780527,1.3093440701271284,1289.5276543696386,0.15587429406275338,1.3093440701271284,0.5759800585163263,2025-11-19 17:45:00+00:00,2025-11-20 06:45:00+00:00,0.04206709314466398,13.25,1.0,15,40.84502,-8.279722
2025-11-20,ptprt,53,,,1.0036243540516017,1323.36506823092,0.11947908976804782,1.0036243540516017,0.10356649727627505,2025-11-20 17:45:00+00:00,2025-11-21 06:45:00+00:00,0.10607042675165923,13.25,1.0,15,40.84502,-8.279722
2025-11-21,ptprt,53,,,0.8634508557441942,1338.8409495253625,0.1027917685409755,0.8634508557441942,0.21295494991557934,2025-11-21 17:45:00+00:00,2025-11-22 06:45:00+00:00,0.09564666066945006,13.25,1.0,15,40.84502,-8.279722
2025-11-22,ptprt,53,,,0.6909821043985913,1626.3112879805533,0.08225977433316563,0.6909821043985913,0.23101362762546127,2025-11-22 17:45:00+00:00,2025-11-23 06:45:00+00:00,0.05157887476360664,13.25,1.0,15,40.84502,-8.279722
2025-11-23,ptprt,54,2146.175289281221,2059.621028701378,4.272352708572591,1845.6858423400895,0.5086134176872131,4.272352708572591,0.6593919680048024,2025-11-23 17:45:00+00:00,2025-11-24 07:00:00+00:00,0.5099872697257635,13.5,1.0,15,40.84502,-8.279722
2025-11-24,ptprt,54,,,1.2589609653654474,1411.6082722571084,0.1498763054006485,1.2589609653654474,0.38836601040852464,2025-11-24 17:45:00+00:00,2025-11-25 07:00:00+00:00,0.35396485945712475,13.5,1.0,15,40.84502,-8.279722
2025-11-25,ptprt,54,,,1.1449918969879271,1335.0955794046977,0.1363085591652294,1.1449918969879271,0.10839392792080567,2025-11-25 17:45:00+00:00,2025-11-26 07:00:00+00:00,0.11513190685078648,13.5,1.0,15,40.84502,-8.279722
2025-11-26,ptprt,54,,,0.652801992540696,1369.1979468725049,0.07771452292151143,0.652801992540696,0.2976978993349417,2025-11-26 17:45:00+00:00,2025-11-27 07:00:00+00:00,0.02953845895709014,13.5,1.0,15,40.84502,-8.279722
2025-11-27,ptprt,54,,,0.2261283169931696,1453.308807112169,0.026920037737282094,0.2261283169931696,0.10915975572633803,2025-11-27 17:45:00+00:00,2025-11-28 07:00:00+00:00,0.015167254142441022,13.5,1.0,15,40.84502,-8.279722
2025-11-28,ptprt,54,,,0.7655405024894408,1366.9415601798153,0.09113577410588582,0.7655405024894408,0.04906757089856907,2025-11-28 17:45:00+00:00,2025-11-29 07:00:00+00:00,0.10932022052015998,13.5,1.0,15,40.84502,-8.279722
2025-11-29,ptprt,54,,,1.4481853073531832,1730.658867236997,0.17240301278014084,1.4481853073531832,0.18675834095836555,2025-11-29 17:45:00+00:00,2025-11-30 07:00:00+00:00,0.152821811441321,13.5,1.0,15,40.84502,-8.279722
2025-11-30,ptprt,54,,,1.0471730539264779,1371.2478911465869,0.12466345880077115,1.0471730539264779,0.20564965264423302,2025-11-30 17:45:00+00:00,2025-12-01 07:00:00+00:00,0.1014205381704544,13.5,1.0,15,40.84502,-8.279722
2025-12-01,ptprt,54,,,7.19210584467208,1812.237780885546,0.8562030767466761,7.19210584467208,0.2218853721422822,2025-12-01 17:45:00+00:00,2025-12-02 07:00:00+00:00,0.1806591616720349,13.5,1.0,15,40.84502,-8.279722
2025-12-02,ptprt,54,,,1.8236715808338313,1751.1135979245942,0.21710375962307515,1.8236715808338313,0.11205287357344186,2025-12-02 17:45:00+00:00,2025-12-03 07:00:00+00:00,0.15874638661727428,13.5,1.0,15,40.84502,-8.279722
2025-12-03,ptprt,54,2492.0440602149592,2175.196704140608,5.826777091829314,1854.4385769012,0.6936639395034896,5.826777091829314,0.5578799131283282,2025-12-03 17:45:00+00:00,2025-12-04 07:00:00+00:00,0.19040860475739205,13.5,1.0,15,40.84502,-8.279722
2025-12-04,ptprt,54,1239.7249153236219,537.1414469174531,2.364374273153091,1763.7816331875852,0.28147312775632033,2.364374273153091,0.7132612203652305,2025-12-04 17:45:00+00:00,2025-12-05 07:00:00+00:00,0.6329024122761828,13.5,1.0,15,40.84502,-8.279722
2025-12-05,ptprt,54,,,4.482712710483207,1465.181704688129,0.5336562750575246,4.482712710483207,0.18899365581469216,2025-12-05 17:45:00+00:00,2025-12-06 07:00:00+00:00,0.34693339132216006,13.5,1.0,15,40.84502,-8.279722
2025-12-06,ptprt,54,521.9815074567007,311.7526275502592,1.184745895303786,1758.8452433182954,0.14104117801235544,1.184745895303786,0.8126956736364715,2025-12-06 17:45:00+00:00,2025-12-07 07:00:00+00:00,0.20257967771197272,13.5,1.0,15,40.84502,-8.279722
2025-12-07,ptprt,54,,,1.1650248841072122,1511.089883731247,0.13869343858419192,1.1650248841072122,0.29122658733081375,2025-12-07 17:45:00+00:00,2025-12-08 07:00:00+00:00,0.18138943272476482,13.5,1.0,15,40.84502,-8.279722
2025-12-08,ptprt,54,2101.3892158795275,553.2953213599478,4.0213974740908105,1540.0618893389099,0.4787377945346203,4.0213974740908105,0.558118150460658,2025-12-08 17:45:00+00:00,2025-12-09 07:00:00+00:00,0.2619858834144919,13.5,1.0,15,40.84502,-8.279722
2025-12-09,ptprt,55,,,0.7220867907628417,1933.0658971511152,0.08596271318605257,0.7220867907628417,0.3718046180588803,2025-12-09 17:45:00+00:00,2025-12-10 07:15:00+00:00,0.12171215834449478,13.75,1.0,15,40.84502,-8.279722
2025-12-10,ptprt,55,,,1.0528398962488228,1355.7602811577267,0.12533808288676462,1.0528398962488228,0.12161371248303715,2025-12-10 17:45:00+00:00,2025-12-11 07:15:00+00:00,0.06374611769918746,13.75,1.0,15,40.84502,-8.279722
2025-12-11,ptprt,55,,,2.688058682763103,1371.8166266297912,0.3200069860432264,2.688058682763103,0.08689526419385765,2025-12-11 17:45:00+00:00,2025-12-12 07:15:00+00:00,0.1063997185676031,13.75,1.0,15,40.84502,-8.279722
2025-12-12,ptprt,55,221.3432888123672,112.05457687627012,1.2192745544829153,1605.6531645388234,0.14515173267653753,1.2192745544829153,0.5247842288239366,2025-12-12 17:45:00+00:00,2025-12-13 07:15:00+00:00,0.0646197842133622,13.75,1.0,15,40.84502,-8.279722
2025-12-13,ptprt,55,,,1.0835747737014156,1367.6132918995022,0.12899699686921615,1.0835747737014156,0.35695488854882734,2025-12-13 17:45:00+00:00,2025-12-14 07:15:00+00:00,0.07644017836573988,13.75,1.0,15,40.84502,-8.279722
2025-12-14,ptprt,55,,,1.3998186190460213,1487.8777660221629,0.16664507369595496,1.3998186190460213,0.051944574394773665,2025-12-14 17:45:00+00:00,2025-12-15 07:15:00+00:00,0.04230415502766264,13.75,1.0,15,40.84502,-8.279722
2025-12-17,ptprt,55,,,1.2953386683285828,1363.2030008694499,0.1542069843248313,1.2953386683285828,0.03136857165944674,2025-12-17 17:45:00+00:00,2025-12-18 07:15:00+00:00,0.08469699806161017,13.75,1.0,15,40.84502,-8.279722
2025-12-18,ptprt,55,,,5.065322647094726,1916.682699804033,0.6030146008446103,5.065322647094726,0.1339555464746505,2025-12-18 17:45:00+00:00,2025-12-19 07:15:00+00:00,0.28168548022707307,13.75,1.0,15,40.84502,-8.279722
2025-12-19,ptprt,55,,,1.0317414589768106,1408.5528318934143,0.12282636416390602,1.0317414589768106,0.06116141392427352,2025-12-19 17:45:00+00:00,2025-12-20 07:15:00+00:00,0.29079786162485816,13.75,1.0,15,40.84502,-8.279722
2025-12-20,ptprt,55,,,3.686819366549396,2205.486215573064,0.4389070674463566,3.686819366549396,0.2989798873904458,2025-12-20 17:45:00+00:00,2025-12-21 07:15:00+00:00,0.48661901236700605,13.75,1.0,15,40.84502,-8.279722
2025-12-21,ptprt,55,,,1.2446226113103331,1671.1092459723154,0.14816935848932533,1.2446226113103331,0.3127952056114276,2025-12-21 17:45:00+00:00,2025-12-22 07:15:00+00:00,0.14229431313200752,13.75,1.0,15,40.84502,-8.279722
2025-12-22,ptprt,55,,,7.330420890050856,1998.737801673228,0.8726691535774828,7.330420890050856,0.21442651253641237,2025-12-22 17:45:00+00:00,2025-12-23 07:15:00+00:00,0.1758719509018273,13.75,1.0,15,40.84502,-8.279722
2025-12-23,ptprt,55,,,1.418257456960326,1537.4572594653234,0.16884017344765784,1.418257456960326,0.19122142824996952,2025-12-23 17:45:00+00:00,2025-12-24 07:15:00+00:00,0.13168311107777825,13.75,1.0,15,40.84502,-8.279722
2025-12-24,ptprt,55,,,1.2393547177687287,1387.907887866049,0.14754222830580102,1.2393547177687287,0.05773735203301027,2025-12-24 17:45:00+00:00,2025-12-25 07:15:00+00:00,0.16338747507175816,13.75,1.0,15,40.84502,-8.279722
2025-12-25,ptprt,55,,,0.3970414457410911,1483.1168565819205,0.047266838778701324,0.3970414457410911,0.03305316939269355,2025-12-25 17:45:00+00:00,2025-12-26 07:15:00+00:00,0.11408963060856275,13.75,1.0,15,40.84502,-8.279722
2025-12-26,ptprt,55,,,1.1002708436684174,1378.4885090233906,0.13098462424624016,1.1002708436684174,0.2268270454302679,2025-12-26 17:45:00+00:00,2025-12-27 07:15:00+00:00,0.13310128347962497,13.75,1.0,15,40.84502,-8.279722
2025-12-27,ptprt,55,,,1.8460590193827044,1589.4828455715488,0.21976893087889338,1.8460590193827044,0.38460312542490843,2025-12-27 17:45:00+00:00,2025-12-28 07:15:00+00:00,0.1587670022598861,13.75,1.0,15,40.84502,-8.279722
2025-12-28,ptprt,55,,,1.0297893253104253,1387.6810371761085,0.12259396729886014,1.0297893253104253,0.01580683253120363,2025-12-28 17:45:00+00:00,2025-12-29 07:15:00+00:00,0.06832580418238693,13.75,1.0,15,40.84502,-8.279722
2025-12-29,ptprt,55,,,0.3208394436529751,1508.5282783803111,0.03819517186344942,0.3208394436529751,0.0,2025-12-29 17:45:00+00:00,2025-12-30 07:15:00+00:00,0.048456281027649324,13.75,1.0,15,40.84502,-8.279722
2025-12-30,ptprt,54,,,0.3860538036700475,1406.17698329942,0.04595878615119613,0.3860538036700475,0.0,2025-12-30 18:00:00+00:00,2025-12-31 07:15:00+00:00,0.055020191844613715,13.5,1.0,15,40.84502,-8.279722
2025-12-31,ptprt,54,,,0.805148733900515,1430.4382219566462,0.0958510397500613,0.805148733900515,0.08284203502852783,2025-12-31 18:00:00+00:00,2026-01-01 07:15:00+00:00,0.052376306533309006,13.5,1.0,15,40.84502,-8.279722
2026-01-01,ptprt,54,,,6.466440931652431,1832.1745992355284,0.7698143966252894,6.466440931652431,0.4230526274169232,2026-01-01 18:00:00+00:00,2026-01-02 07:15:00+00:00,0.5210529671638229,13.5,1.0,15,40.84502,-8.279722
2026-01-02,ptprt,54,,,6.459327440143183,1812.888995537902,0.768967552397998,6.459327440143183,0.4079237611590843,2026-01-02 18:00:00+00:00,2026-01-03 07:15:00+00:00,0.3918987112230666,13.5,1.0,15,40.84502,-8.279722
2026-01-03,ptprt,54,,,1.9375769083836563,1494.7827249047305,0.230663917664721,1.9375769083836563,0.4669399050089261,2026-01-03 18:00:00+00:00,2026-01-04 07:15:00+00:00,0.041367267018705155,13.5,1.0,15,40.84502,-8.279722
2026-01-04,ptprt,54,,,1.2829994393995516,1394.1756342290737,0.1527380284999466,1.2829994393995516,0.029152667641335787,2026-01-04 18:00:00+00:00,2026-01-05 07:15:00+00:00,0.09023446541201943,13.5,1.0,15,40.84502,-8.279722
2026-01-05,ptprt,54,,,1.0179359381259592,1367.1945054530543,0.12118284977689989,1.0179359381259592,0.09150316737915234,2026-01-05 18:00:00+00:00,2026-01-06 07:15:00+00:00,0.12247865961191043,13.5,1.0,15,40.84502,-8.279722
2026-01-06,ptprt,54,,,2.4666265992102803,2027.4858291190146,0.2936460237155095,2.4666265992102803,0.43191655401099877,2026-01-06 18:00:00+00:00,2026-01-07 07:15:00+00:00,0.10749591392439989,13.5,1.0,15,40.84502,-8.279722
2026-01-07,ptprt,54,,,0.5980470466220543,1438.1734924026048,0.071196076978816,0.5980470466220543,0.029748335141609513,2026-01-07 18:00:00+00:00,2026-01-08 07:15:00+00:00,0.09622734705390895,13.5,1.0,15,40.84502,-8.279722
2026-01-08,ptprt,54,,,4.429933419637383,1747.698594803945,0.5273730261473074,4.429933419637383,0.42961220247018783,2026-01-08 18:00:00+00:00,2026-01-09 07:15:00+00:00,0.2951992269511157,13.5,1.0,15,40.84502,-8.279722
2026-01-09,ptprt,54,,,1.0113800689371095,1628.414826427073,0.12040238915917971,1.0113800689371095,0.419868897580142,2026-01-09 18:00:00+00:00,2026-01-10 07:15:00+00:00,0.2028810305817474,13.5,1.0,15,40.84502,-8.279722
2026-01-10,ptprt,54,209.62269026892108,97.32141583931954,1.0339285447883109,1893.9317084354434,0.12308673152241797,1.0339285447883109,0.5598162008032387,2026-01-10 18:00:00+00:00,2026-01-11 07:15:00+00:00,0.1864498959600626,13.5,1.0,15,40.84502,-8.279722
2026-01-11,ptprt,54,1413.1465734143771,363.7033830449814,2.199601215745012,1599.4897049313722,0.2618572875886919,2.199601215745012,0.8330946075371,2026-01-11 18:00:00+00:00,2026-01-12 07:15:00+00:00,0.2500071254159723,13.5,1.0,15,40.84502,-8.279722
2026-01-12,ptprt,54,1898.7295376123907,583.2822512290095,3.3230466737110103,1575.1650744499207,0.395600794489406,3.3230466737110103,0.6167411635962169,2026-01-12 18:00:00+00:00,2026-01-13 07:15:00+00:00,0.23249607579505427,13.5,1.0,15,40.84502,-8.279722
2026-01-13,ptprt,54,64.47544287056377,51.34551306737579,0.34223122025529545,2489.4503571041632,0.04074181193515422,0.34223122025529545,0.7236934178289304,2026-01-13 18:00:00+00:00,2026-01-14 07:15:00+00:00,0.05303894819001012,13.5,1.0,15,40.84502,-8.279722
2026-01-14,ptprt,54,,,0.789926895485432,1618.418873865532,0.0940389161292181,0.789926895485432,0.34005253738359786,2026-01-14 18:00:00+00:00,2026-01-15 07:15:00+00:00,0.3657916994358199,13.5,1.0,15,40.84502,-8.279722
2026-01-15,ptprt,53,,,0.9657549367338981,1965.6863735361576,0.11497082580165453,0.9657549367338981,0.3947323979744504,2026-01-15 18:15:00+00:00,2026-01-16 07:15:00+00:00,0.43517907846498627,13.25,1.0,15,40.84502,-8.279722
2026-01-16,ptprt,53,,,1.0674292899387061,1586.2952481604975,0.12707491546889357,1.0674292899387061,0.17896685801846374,2026-01-16 18:15:00+00:00,2026-01-17 07:15:00+00:00,0.12051820200041452,13.25,1.0,15,40.84502,-8.279722
2026-01-19,ptprt,53,,,0.8032848281258681,1402.752849233285,0.09562914620546048,0.8032848281258681,0.03010774908389702,2026-01-19 18:15:00+00:00,2026-01-20 07:15:00+00:00,0.1310872376639756,13.25,1.0,15,40.84502,-8.279722
2026-01-20,ptprt,53,,,7.499058223782846,1915.7912983759907,0.8927450266408149,7.499058223782846,0.30946520179612774,2026-01-20 18:15:00+00:00,2026-01-21 07:15:00+00:00,0.747380541355321,13.25,1.0,15,40.84502,-8.279722
2026-01-21,ptprt,53,,,2.446157399494693,1999.1330975970238,0.2912092142255587,2.446157399494693,0.3600552551620243,2026-01-21 18:15:00+00:00,2026-01-22 07:15:00+00:00,1.062730749749678,13.25,1.0,15,40.84502,-8.279722
2026-01-22,ptprt,53,,,9.593634958635525,2104.3517124045043,1.1420993998375624,9.593634958635525,0.48738017115877863,2026-01-22 18:15:00+00:00,2026-01-23 07:15:00+00:00,1.4165135224115957,13.25,1.0,15,40.84502,-8.279722
2026-01-24,ptprt,45,2862.9360230907505,1387.6525599931933,5.777803783504804,2012.163578886084,0.6878337837505718,5.777803783504804,0.580398541064433,2026-01-24 20:15:00+00:00,2026-01-25 07:15:00+00:00,0.5700957491420783,11.25,1.0,15,40.84502,-8.279722
2026-01-25,ptprt,53,,,1.8021047740612388,1556.4759146640129,0.21453628262633798,1.8021047740612388,0.35354269488982604,2026-01-25 18:15:00+00:00,2026-01-26 07:15:00+00:00,0.5783099407266801,13.25,1.0,15,40.84502,-8.279722
2026-01-26,ptprt,53,,,6.900966758010383,1902.988543935055,0.8215436616679026,6.900966758010383,0.11589831603703672,2026-01-26 18:15:00+00:00,2026-01-27 07:15:00+00:00,0.8672173702443132,13.25,1.0,15,40.84502,-8.279722
2026-01-27,ptprt,46,,,10.784106224985875,2194.774142960024,1.2838221696411756,10.784106224985875,0.31231484990075276,2026-01-27 18:15:00+00:00,2026-01-28 05:30:00+00:00,1.0848324517416355,11.5,1.0,15,40.84502,-8.279722
2026-01-29,ptprt,52,4555.955966102917,4098.0873183780795,7.096919936471834,2018.647716410786,0.8448714210085517,7.096919936471834,0.8144901473199111,2026-01-29 18:30:00+00:00,2026-01-30 07:15:00+00:00,1.8900313608202282,13.0,1.0,15,40.84502,-8.279722
2026-01-30,ptprt,28,888.0519547875358,606.5649523152681,2.604227364589263,1946.9782162788724,0.3179819464904249,2.604227364589263,0.6867917120662378,2026-01-30 18:30:00+00:00,2026-01-31 07:15:00+00:00,1.1020397177878387,7.0,0.5384615384615384,15,40.84502,-8.279722
2026-01-31,ptprt,51,,,2.2698109712232566,1605.6018524693916,0.27021559181229243,2.2698109712232566,0.46780750244701824,2026-01-31 18:30:00+00:00,2026-02-01 07:00:00+00:00,0.15751234997241267,12.75,1.0,15,40.84502,-8.279722
2026-02-01,ptprt,51,,,5.991346686435681,1927.243911562073,0.7132555579090096,5.991346686435681,0.21196033611471538,2026-02-01 18:30:00+00:00,2026-02-02 07:00:00+00:00,0.3370302599110343,12.75,1.0,15,40.84502,-8.279722
2026-02-02,ptprt,51,,,2.799516487358978,1627.12224902615,0.3332757723046403,2.799516487358978,0.0918262730497644,2026-02-02 18:30:00+00:00,2026-02-03 07:00:00+00:00,0.5233511113159384,12.75,1.0,15,40.84502,-8.279722
2026-02-03,ptprt,51,,,22.128287029792283,2146.9925214325513,2.634319884499081,22.128287029792283,0.4033652203451289,2026-02-03 18:30:00+00:00,2026-02-04 07:00:00+00:00,0.549094426471005,12.75,1.0,15,40.84502,-8.279722
2026-02-04,ptprt,51,,,5.485895838727262,1915.6144607486212,0.6530828379437216,5.485895838727262,0.050016266847529904,2026-02-04 18:30:00+00:00,2026-02-05 07:00:00+00:00,0.9402562398815668,12.75,1.0,15,40.84502,-8.279722
2026-02-05,ptprt,51,,,6.296292511037752,2080.9972273902995,0.7495586322663991,6.296292511037752,0.49050626901860306,2026-02-05 18:30:00+00:00,2026-02-06 07:00:00+00:00,1.1117130586797899,12.75,1.0,15,40.84502,-8.279722
2026-02-06,ptprt,51,,,2.401673817791629,1707.8021416347724,0.2859135497370987,2.401673817791629,0.3785824439929378,2026-02-06 18:30:00+00:00,2026-02-07 07:00:00+00:00,0.43092537390221547,12.75,1.0,15,40.84502,-8.279722
2026-02-07,ptprt,7,,,11.842604027049884,2084.7821137387195,1.50229355999503,11.842604027049884,0.0,2026-02-07 18:30:00+00:00,2026-02-07 20:00:00+00:00,1.3276733307226347,1.75,1.0,15,40.84502,-8.279722
2026-02-08,ptprt,51,,,8.576542664976682,1738.4073030129903,1.0210169839257954,8.576542664976682,0.48142795648917225,2026-02-08 18:30:00+00:00,2026-02-09 07:00:00+00:00,0.6129176465737154,12.75,1.0,15,40.84502,-8.279722
2026-02-09,ptprt,51,,,3.449071312527739,1932.6451383787403,0.41060372768187364,3.449071312527739,0.3695312542506766,2026-02-09 18:30:00+00:00,2026-02-10 07:00:00+00:00,0.41604906309544654,12.75,1.0,15,40.84502,-8.279722
2026-02-10,ptprt,33,,,5.039345922072729,2173.962300584023,0.5999221335800867,5.039345922072729,0.18463651851012597,2026-02-10 23:00:00+00:00,2026-02-11 07:00:00+00:00,0.6260557007845692,8.25,1.0,15,40.84502,-8.279722
2026-02-12,ptprt,3,,,4.184614730005463,2006.978301433249,0.6465267425639526,4.184614730005463,0.0,2026-02-13 05:45:00+00:00,2026-02-13 06:15:00+00:00,0.9872597388568379,0.75,1.0,15,40.84502,-8.279722
2026-02-13,ptprt,50,,,2.442559961169958,1668.1144201621214,0.29078094775832836,2.442559961169958,0.3932201170468191,2026-02-13 18:45:00+00:00,2026-02-14 07:00:00+00:00,0.6691527787015858,12.5,1.0,15,40.84502,-8.279722
2026-02-14,ptprt,49,,,0.8611120583299471,1530.7056261466957,0.10251334027737465,0.8611120583299471,0.24683405310173018,2026-02-14 18:45:00+00:00,2026-02-15 06:45:00+00:00,0.15854605812665695,12.25,1.0,15,40.84502,-8.279722
2026-02-15,ptprt,49,2095.0734075336773,416.0583369262715,3.929771608752864,1796.832732386823,0.46782995342295997,3.929771608752864,0.7717700049757409,2026-02-15 18:45:00+00:00,2026-02-16 06:45:00+00:00,0.20905781314592026,12.25,1.0,15,40.84502,-8.279722
2026-02-16,ptprt,49,328.87856540848975,137.63292254079968,0.8858863623318625,2193.3545578377734,0.10546266218236457,0.8858863623318625,0.8099336384554064,2026-02-16 18:45:00+00:00,2026-02-17 06:45:00+00:00,0.10755640474897354,12.25,1.0,15,40.84502,-8.279722
2026-02-17,ptprt,49,348.6257901855146,246.03899402492445,0.9839606485348574,1772.6279000370262,0.11713817244462589,0.9839606485348574,0.7150839025554923,2026-02-17 18:45:00+00:00,2026-02-18 06:45:00+00:00,0.4166442974631612,12.25,1.0,15,40.84502,-8.279722
2026-02-18,ptprt,49,756.1927928783574,503.84823140809254,1.7644294350427023,2068.922781417035,0.2100511232193693,1.7644294350427023,0.6798886337298845,2026-02-18 18:45:00+00:00,2026-02-19 06:45:00+00:00,0.8070726266280909,12.25,1.0,15,40.84502,-8.279722
2026-02-19,ptprt,49,,,0.8415153352961856,1358.3441125543159,0.10018039705906971,0.8415153352961856,0.03726137470186818,2026-02-19 18:45:00+00:00,2026-02-20 06:45:00+00:00,0.09552196696708666,12.25,1.0,15,40.84502,-8.279722
2026-02-20,ptprt,49,,,0.6911321024049301,1481.1946890265947,0.08227763123868215,0.6911321024049301,0.11171159120227314,2026-02-20 18:45:00+00:00,2026-02-21 06:45:00+00:00,0.07317365588044908,12.25,1.0,15,40.84502,-8.279722
2026-02-21,ptprt,49,,,1.2048736655932604,1482.6352083483864,0.14343734114205478,1.2048736655932604,0.4805536076249451,2026-02-21 18:45:00+00:00,2026-02-22 06:45:00+00:00,0.13102284211196888,12.25,1.0,15,40.84502,-8.279722
2026-02-22,ptprt,49,261.68766124623045,49.49134804781355,1.7011651497904439,1472.0296880906435,0.20251966068933855,1.7011651497904439,0.554235583262116,2026-02-22 18:45:00+00:00,2026-02-23 06:45:00+00:00,0.1330454446288947,12.25,1.0,15,40.84502,-8.279722
2026-02-23,ptprt,49,717.2573611166637,205.98694916769895,2.1612554601830793,1477.4532642827703,0.2572923166884618,2.1612554601830793,0.5888145861817373,2026-02-23 18:45:00+00:00,2026-02-24 06:45:00+00:00,0.15931756474395817,12.25,1.0,15,40.84502,-8.279722
2026-02-24,ptprt,48,,,1.6309585373848676,1483.7108867904615,0.19416173064105569,1.6309585373848676,0.36782003190454554,2026-02-24 19:00:00+00:00,2026-02-25 06:45:00+00:00,0.26455310536309695,12.0,1.0,15,40.84502,-8.279722
2026-02-25,ptprt,47,,,0.6351634471934843,1395.4091884294724,0.0756146960944624,0.6351634471934843,0.06622644756696842,2026-02-25 19:00:00+00:00,2026-02-26 06:30:00+00:00,0.11092249066051509,11.75,1.0,15,40.84502,-8.279722
2026-02-26,ptprt,47,,,2.092271032905642,1447.6214866656792,0.2490798848697193,2.092271032905642,0.15136000906517233,2026-02-26 19:00:00+00:00,2026-02-27 06:30:00+00:00,0.2122333334401814,11.75,1.0,15,40.84502,-8.279722
2026-02-27,ptprt,47,,,0.983352409184296,1375.851263793157,0.11706576299813048,0.983352409184296,0.05182094385899654,2026-02-27 19:00:00+00:00,2026-02-28 06:30:00+00:00,0.09746023876449235,11.75,1.0,15,40.84502,-8.279722
2026-02-28,ptprt,47,,,1.1950137524845752,1384.5605169343035,0.14226354196244942,1.1950137524845752,0.1294837852829831,2026-02-28 19:00:00+00:00,2026-03-01 06:30:00+00:00,0.07027258157933455,11.75,1.0,15,40.84502,-8.279722
2026-03-01,ptprt,47,1294.107884894775,465.5454344402957,2.965472072751281,1474.7874711863333,0.3530323896132478,2.965472072751281,0.7685826781296826,2026-03-01 19:00:00+00:00,2026-03-02 06:30:00+00:00,0.2986290319157498,11.75,1.0,15,40.84502,-8.279722
2026-03-02,ptprt,47,,,2.7259609705768524,1787.5588310534622,0.324519163163911,2.7259609705768524,0.24558420416490723,2026-03-02 19:00:00+00:00,2026-03-03 06:30:00+00:00,0.25242687104124917,11.75,1.0,15,40.84502,-8.279722
2026-03-03,ptprt,47,,,1.370503725452309,1393.2784036886746,0.16315520541098916,1.370503725452309,0.21283523405523028,2026-03-03 19:00:00+00:00,2026-03-04 06:30:00+00:00,0.08194534556613531,11.75,1.0,15,40.84502,-8.279722
2026-03-04,ptprt,47,,,1.0222433709162981,1479.8287240648262,0.12169563939479738,1.0222433709162981,0.419137131618352,2026-03-04 19:00:00+00:00,2026-03-05 06:30:00+00:00,0.1143744331308609,11.75,1.0,15,40.84502,-8.279722
2026-03-05,ptprt,47,2075.5853937366983,436.1134294588557,6.0535994186046285,2020.9002544679083,0.7206665974529318,6.0535994186046285,0.5268179089657788,2026-03-05 19:00:00+00:00,2026-03-06 06:30:00+00:00,0.46802046360895816,11.75,1.0,15,40.84502,-8.279722
2026-03-06,ptprt,47,,,1.2605494395136199,1432.586354026348,0.15006540946590713,1.2605494395136199,0.027330037039671642,2026-03-06 19:00:00+00:00,2026-03-07 06:30:00+00:00,0.1328818894723705,11.75,1.0,15,40.84502,-8.279722
2026-03-07,ptprt,46,,,1.248304119321477,1507.8355575809107,0.1486076332525568,1.248304119321477,0.4623244869238213,2026-03-07 19:00:00+00:00,2026-03-08 06:15:00+00:00,0.043085742894339425,11.5,1.0,15,40.84502,-8.279722
2026-03-08,ptprt,46,,,1.5304346776202968,1649.9849719765411,0.18219460447860678,1.5304346776202968,0.2803061811187162,2026-03-08 19:00:00+00:00,2026-03-09 06:15:00+00:00,0.22376078321370238,11.5,1.0,15,40.84502,-8.279722
2026-03-09,ptprt,45,,,1.7156665018532014,1751.501035355162,0.20424601212538107,1.7156665018532014,0.31348511244312605,2026-03-09 19:15:00+00:00,2026-03-10 06:15:00+00:00,0.09994508070784647,11.25,1.0,15,40.84502,-8.279722
2026-03-10,ptprt,45,,,1.0397741828527716,1711.0197292013331,0.12378264081580613,1.0397741828527716,0.21487020626467315,2026-03-10 19:15:00+00:00,2026-03-11 06:15:00+00:00,0.059431503174188716,11.25,1.0,15,40.84502,-8.279722
2026-03-11,ptprt,45,1044.1140792196336,315.31777310000666,3.083742638975382,1748.7001308034758,0.36711221892564067,3.083742638975382,0.8658163194994667,2026-03-11 19:15:00+00:00,2026-03-12 06:15:00+00:00,0.04680810421214242,11.25,1.0,15,40.84502,-8.279722
2026-03-12,ptprt,45,429.52725792733725,125.69405397218493,1.9677493688133028,1440.6132186714729,0.23425587723967892,1.9677493688133028,0.614314341786146,2026-03-12 19:15:00+00:00,2026-03-13 06:15:00+00:00,0.11710732781718815,11.25,1.0,15,40.84502,-8.279722
2026-03-13,ptprt,45,592.0496375016462,253.0479255390338,1.4649085697366133,1942.6106205630797,0.1743938773495968,1.4649085697366133,0.6974091470700549,2026-03-13 19:15:00+00:00,2026-03-14 06:15:00+00:00,0.33554666488950174,11.25,1.0,15,40.84502,-8.279722
2026-03-14,ptprt,19,,,0.9674285245765196,1426.885173873334,0.11517006244958566,0.9674285245765196,0.11840205101321052,2026-03-14 19:15:00+00:00,2026-03-14 23:45:00+00:00,0.5185147175760496,4.75,1.0,15,40.84502,-8.279722
2026-03-15,ptprt,4,21.747510695298335,60.37369836400326,1.8899311857298016,1434.3843206876988,0.2912594165786036,1.8899311857298016,0.6314322705502051,2026-03-16 00:00:00+00:00,2026-03-16 06:15:00+00:00,0.3386110704935466,1.0,0.15384615384615385,15,40.84502,-8.279722
2026-03-16,ptprt,44,12322.305927084824,3382.56125026426,20.837458043867215,1855.648238768157,2.4806497671270495,20.837458043867215,0.9913924694756803,2026-03-16 19:15:00+00:00,2026-03-17 06:00:00+00:00,0.7485986889720558,11.0,1.0,15,40.84502,-8.279722
2026-03-17,ptprt,44,2364.3501197284295,738.8434609389423,5.040889280153947,1538.6815506777034,0.6001058666849937,5.040889280153947,0.8149166487316465,2026-03-17 19:15:00+00:00,2026-03-18 06:00:00+00:00,1.023902635804789,11.0,1.0,15,40.84502,-8.279722
2026-03-18,ptprt,44,861.4126428323733,146.72791951871218,2.336268487691202,1446.1196842590246,0.27812720091561927,2.336268487691202,0.8388556058789085,2026-03-18 19:15:00+00:00,2026-03-19 06:00:00+00:00,0.3123950443494646,11.0,1.0,15,40.84502,-8.279722
2026-03-19,ptprt,44,,,5.347089054809079,1668.1527634608358,0.6365582208106046,5.347089054809079,0.10144030391070476,2026-03-19 19:15:00+00:00,2026-03-20 06:00:00+00:00,0.2069547052905407,11.0,1.0,15,40.84502,-8.279722
2026-03-20,ptprt,44,409.5552309091085,101.58040323036,1.7951859976164997,1529.2815058560584,0.213712618763869,1.7951859976164997,0.7922511486966596,2026-03-20 19:15:00+00:00,2026-03-21 06:00:00+00:00,0.11362187412176361,11.0,1.0,15,40.84502,-8.279722
2026-03-21,ptprt,44,1738.3533979952226,294.6289609237598,7.459049678534608,1395.1174674738575,0.8879821045874533,7.459049678534608,0.955068331969049,2026-03-21 19:15:00+00:00,2026-03-22 06:00:00+00:00,0.03191379973719308,11.0,1.0,15,40.84502,-8.279722
2026-03-22,ptprt,44,2365.4880053057705,445.55647938316457,7.915594575350936,1667.1081785031836,0.956522107414611,7.915594575350936,0.954346779365731,2026-03-22 19:15:00+00:00,2026-03-23 06:00:00+00:00,0.09921558303365412,11.0,1.0,15,40.84502,-8.279722
2026-03-23,ptprt,43,1678.901754118688,303.6911006605063,6.883128583188666,1692.9440291758247,0.8194200694272222,6.883128583188666,0.969998338659257,2026-03-23 19:30:00+00:00,2026-03-24 06:00:00+00:00,0.1706537036205041,10.75,1.0,15,40.84502,-8.279722
2026-03-24,ptprt,43,1912.1750579712511,495.45242525434077,7.296931644338508,1525.5012124726566,0.8689051485957695,7.296931644338508,0.9645428451254454,2026-03-24 19:30:00+00:00,2026-03-25 06:00:00+00:00,0.21055152280925415,10.75,1.0,15,40.84502,-8.279722
2026-03-25,ptprt,42,883.5693547386759,280.4920613222544,5.000685873698621,1525.7079466899595,0.5953197468688833,5.000685873698621,0.8842241355063593,2026-03-25 19:30:00+00:00,2026-03-26 05:45:00+00:00,0.15717526828342024,10.5,1.0,15,40.84502,-8.279722
2026-03-26,ptprt,42,,,1.8114844580491385,1463.8343633393454,0.21565291167251646,1.8114844580491385,0.42936736183624635,2026-03-26 19:30:00+00:00,2026-03-27 05:45:00+00:00,0.20533311963869783,10.5,1.0,15,40.84502,-8.279722
2026-03-27,ptprt,42,413.04161718897694,139.4970199060003,2.7246387601519624,1418.8173344083293,0.32436175716094795,2.7246387601519624,0.6864553213154908,2026-03-27 19:30:00+00:00,2026-03-28 05:45:00+00:00,0.13625726085753945,10.5,1.0,15,40.84502,-8.279722
2026-03-28,ptprt,42,401.0955543902775,107.4767934791075,2.1251308965541065,1344.6434198454244,0.2529917733992984,2.1251308965541065,0.6536161186821923,2026-03-28 19:30:00+00:00,2026-03-29 05:45:00+00:00,0.15959971490186903,10.5,1.0,15,40.84502,-8.279722
2026-03-29,ptprt,42,252.31598242631156,103.40572911746128,1.8475614074440228,1353.7086949497275,0.21994778660047892,1.8475614074440228,0.524078816335578,2026-03-29 19:30:00+00:00,2026-03-30 05:45:00+00:00,0.10723222252637087,10.5,1.0,15,40.84502,-8.279722
2026-03-30,ptprt,42,489.7533083346195,141.64866870864955,2.4875353206747346,1277.7024902473738,0.2961351572231827,2.4875353206747346,0.668156749615419,2026-03-30 19:30:00+00:00,2026-03-31 05:45:00+00:00,0.23892048346293285,10.5,1.0,15,40.84502,-8.279722
2026-03-31,ptprt,42,1292.4957589807952,371.46706901600254,7.222401079446787,1555.3274408225764,0.8598096523150938,7.222401079446787,0.9520621535777368,2026-03-31 19:30:00+00:00,2026-04-01 05:45:00+00:00,0.3791980654209482,10.5,1.0,15,40.84502,-8.279722
2026-04-01,ptprt,42,456.9023045914959,156.206817939392,2.9428555838675017,1250.8425801437545,0.3503399504604169,2.9428555838675017,0.7514737937329085,2026-04-01 19:30:00+00:00,2026-04-02 05:45:00+00:00,0.2876214425038068,10.5,1.0,15,40.84502,-8.279722
2026-04-02,ptprt,42,264.8212037778087,126.82987355679951,2.61764573824725,1273.861453060865,0.31162449264848213,2.61764573824725,0.5703042073734095,2026-04-02 19:30:00+00:00,2026-04-03 05:45:00+00:00,0.2946272481360143,10.5,1.0,15,40.84502,-8.279722
2026-04-03,ptprt,41,3964.6416069048523,738.6012235395808,12.217357525511122,1803.769475021002,1.4544473244656098,12.217357525511122,0.9922101605190012,2026-04-03 19:30:00+00:00,2026-04-04 05:30:00+00:00,0.6204563967332121,10.25,1.0,15,40.84502,-8.279722
2026-04-04,ptprt,41,2323.1372111232854,573.7451507642041,7.357888605581914,1749.0823607930383,0.8759391197121327,7.357888605581914,0.9913530833006012,2026-04-04 19:30:00+00:00,2026-04-05 05:30:00+00:00,0.03883831580333396,10.25,1.0,15,40.84502,-8.279722
2026-04-05,ptprt,41,3489.5896902979807,593.3984596073476,7.591518315527498,1843.9041014706095,0.9037521804199401,7.591518315527498,0.9903014253288432,2026-04-05 19:30:00+00:00,2026-04-06 05:30:00+00:00,0.8513846910184036,10.25,1.0,15,40.84502,-8.279722
2026-04-06,ptprt,40,5976.204408259443,2060.249458736431,11.892544757947325,1523.8893333932429,1.4157791378508722,11.892544757947325,0.7198093777569301,2026-04-06 19:45:00+00:00,2026-04-07 05:30:00+00:00,1.078931054181543,10.0,1.0,15,40.84502,-8.279722
2026-04-07,ptprt,40,538.3584625447412,257.8523316249221,2.371447026943788,1850.1481618056423,0.2823151222552128,2.371447026943788,0.5611622806917036,2026-04-07 19:45:00+00:00,2026-04-08 05:30:00+00:00,0.9598560561841163,10.0,1.0,15,40.84502,-8.279722
2026-04-08,ptprt,40,2040.1945771117357,474.1935705123736,5.652156756492332,1399.038923644982,0.6728758043443251,5.652156756492332,0.9563314734375834,2026-04-08 19:45:00+00:00,2026-04-09 05:30:00+00:00,0.31405972644180463,10.0,1.0,15,40.84502,-8.279722
2026-04-09,ptprt,40,6736.199038935852,1338.136414435659,16.68542946550995,1780.4867134190058,1.9863606506559468,16.68542946550995,0.9984005127945056,2026-04-09 19:45:00+00:00,2026-04-10 05:30:00+00:00,0.861223146047109,10.0,1.0,15,40.84502,-8.279722
2026-04-10,ptprt,40,3817.7203826194777,810.5880868734168,20.775588493291288,1702.4337642042615,2.4732843444394392,20.775588493291288,0.7689112508851096,2026-04-10 19:45:00+00:00,2026-04-11 05:30:00+00:00,0.6623303659262919,10.0,1.0,15,40.84502,-8.279722
2026-04-11,ptprt,40,,,1.21912675072439,1409.7611131865694,0.1451341369909988,1.21912675072439,0.3146346282673166,2026-04-11 19:45:00+00:00,2026-04-12 05:30:00+00:00,0.13562870014362804,10.0,1.0,15,40.84502,-8.279722
2026-04-12,ptprt,39,,,0.9186108478177817,1703.6057567751407,0.10935843426402161,0.9186108478177817,0.3682005346237971,2026-04-12 19:45:00+00:00,2026-04-13 05:15:00+00:00,0.15250804727630954,9.75,1.0,15,40.84502,-8.279722
2026-04-13,ptprt,39,,,1.1454284964654688,1549.3210027833302,0.1363605352935082,1.1454284964654688,0.37106904434474364,2026-04-13 19:45:00+00:00,2026-04-14 05:15:00+00:00,0.08136739897530613,9.75,1.0,15,40.84502,-8.279722
2026-04-14,ptprt,39,541.8191196468658,414.53112753500824,2.4247447572553003,1734.5727749104396,0.2886600901494405,2.4247447572553003,0.8103354842789415,2026-04-14 19:45:00+00:00,2026-04-15 05:15:00+00:00,0.04723624046014193,9.75,1.0,15,40.84502,-8.279722
2026-04-15,ptprt,39,865.3936760079167,322.3504340691899,3.2684148320402855,1611.577472547306,0.3890970038143197,3.2684148320402855,0.8764431287794694,2026-04-15 19:45:00+00:00,2026-04-16 05:15:00+00:00,0.28989113020222806,9.75,1.0,15,40.84502,-8.279722
2026-04-16,ptprt,39,1170.6036945094363,322.7792813781138,4.817864734278276,1622.9802525507193,0.5735553255093185,4.817864734278276,0.9809691046680343,2026-04-16 19:45:00+00:00,2026-04-17 05:15:00+00:00,0.47530390650931786,9.75,1.0,15,40.84502,-8.279722
2026-04-17,ptprt,39,3684.888453996155,898.0097686100105,10.8573235734342,1745.098228854356,1.2925385206469286,10.8573235734342,0.9967911725082798,2026-04-17 19:45:00+00:00,2026-04-18 05:15:00+00:00,0.16570546355485857,9.75,1.0,15,40.84502,-8.279722
2026-04-18,ptprt,39,3387.078618876197,968.6702482652248,14.792103800979945,1593.8165199633236,1.7609647382118983,14.792103800979945,0.9605254706669049,2026-04-18 19:45:00+00:00,2026-04-19 05:15:00+00:00,0.14713279981133542,9.75,1.0,15,40.84502,-8.279722
2026-04-19,ptprt,38,2771.15896546272,772.6786544029034,10.294922327769822,1615.1532673534807,1.2255859914011693,10.294922327769822,0.987669559431307,2026-04-19 20:00:00+00:00,2026-04-20 05:15:00+00:00,0.012527256268207833,9.5,1.0,15,40.84502,-8.279722
2026-04-20,ptprt,38,10045.85276966101,2955.7150434258288,21.487612087044276,1652.4729842822837,2.5580490579814614,21.487612087044276,0.9774225225698614,2026-04-20 20:00:00+00:00,2026-04-21 05:15:00+00:00,1.1766440380107617,9.5,1.0,15,40.84502,-8.279722
2026-04-21,ptprt,38,2825.256396458788,1331.5628622411773,6.31105498929361,1808.857663293177,0.7513160701540011,6.31105498929361,0.9591989830920642,2026-04-21 20:00:00+00:00,2026-04-22 05:15:00+00:00,2.1875023651891636,9.5,1.0,15,40.84502,-8.279722
2026-04-22,ptprt,37,1529.8318351677174,638.883673651547,5.36313959327904,1726.2498855423667,0.6384689991998856,5.36313959327904,0.9058315850180819,2026-04-22 20:00:00+00:00,2026-04-23 05:00:00+00:00,0.09240701020603856,9.25,1.0,15,40.84502,-8.279722
2026-04-23,ptprt,37,3036.8909008754868,938.4644190302721,14.809202103860475,1585.012769781266,1.76300025045958,14.809202103860475,0.9706896689450143,2026-04-23 20:00:00+00:00,2026-04-24 05:00:00+00:00,0.43163874129827184,9.25,1.0,15,40.84502,-8.279722
2026-04-24,ptprt,37,2105.8665529023615,773.3432840754857,14.551997454806761,1428.6325056850972,1.732380649381757,14.551997454806761,0.9783549985063439,2026-04-24 20:00:00+00:00,2026-04-25 05:00:00+00:00,0.4551914976321458,9.25,1.0,15,40.84502,-8.279722
2026-04-25,ptprt,37,2372.0172569814868,863.7231922568493,12.49269625105568,1498.4228639853545,1.487225744173295,12.49269625105568,0.9090475691186376,2026-04-25 20:00:00+00:00,2026-04-26 05:00:00+00:00,0.6261987754879963,9.25,1.0,15,40.84502,-8.279722
2026-04-26,ptprt,37,1285.3045411893756,956.1157869922234,7.415670556716018,1373.8837923423253,0.8828179234185735,7.415670556716018,0.8055302443272447,2026-04-26 20:00:00+00:00,2026-04-27 05:00:00+00:00,0.4303168925742796,9.25,1.0,15,40.84502,-8.279722
2026-04-27,ptprt,37,1568.1589291673422,437.955652214907,13.486931381233642,1282.1993975964422,1.6055870691944811,13.486931381233642,0.6279934187579472,2026-04-27 20:00:00+00:00,2026-04-28 05:00:00+00:00,0.2423322490346031,9.25,1.0,15,40.84502,-8.279722
2026-04-28,ptprt,37,1634.3715922321194,438.02561027548296,16.854628209085078,1581.4673527946027,2.006503358224414,16.854628209085078,0.5715437661746184,2026-04-28 20:00:00+00:00,2026-04-29 05:00:00+00:00,0.24235775580509702,9.25,1.0,15,40.84502,-8.279722
2026-04-29,ptprt,37,890.3516297569856,225.12150545169249,3.838906909968402,1576.8735351258645,0.45701272737719073,3.838906909968402,0.9183987544144008,2026-04-29 20:00:00+00:00,2026-04-30 05:00:00+00:00,0.20262922452463586,9.25,1.0,15,40.84502,-8.279722
2026-04-30,ptprt,37,125.46632745955088,40.18336400017612,0.7889702657187307,2213.0627767854253,0.09392503163318222,0.7889702657187307,0.78227986528808,2026-04-30 20:00:00+00:00,2026-05-01 05:00:00+00:00,0.02947289691142299,9.25,1.0,15,40.84502,-8.279722
2026-05-01,ptprt,37,,,0.0030972856405498982,1816.7400567261632,0.000368724481017845,0.0030972856405498982,0.0,2026-05-01 20:00:00+00:00,2026-05-02 05:00:00+00:00,0.022523673461654833,9.25,1.0,15,40.84502,-8.279722
2026-05-21,ptprt,33,259.8311870098875,226.47180605740405,0.8376411465081303,2108.3735475431995,0.09971918410811073,0.8376411465081303,0.9999999993488207,2026-05-21 20:30:00+00:00,2026-05-22 04:30:00+00:00,0.5922543041038201,8.25,1.0,15,40.84502,-8.279722
2026-05-22,ptprt,33,,,48.05478936469916,1748.4821410427403,5.720808257702281,48.05478936469916,0.32240581630421006,2026-05-22 20:30:00+00:00,2026-05-23 04:30:00+00:00,1.0394277434799442,8.25,1.0,15,40.84502,-8.279722
2026-05-23,ptprt,33,,,26.152238993211228,1388.2517639774844,3.113361784906098,26.152238993211228,0.13316336125097797,2026-05-23 20:30:00+00:00,2026-05-24 04:30:00+00:00,0.857046581182197,8.25,1.0,15,40.84502,-8.279722
2026-05-24,ptprt,33,551.8574698227992,331.62477816206206,1.0510223460919932,2634.565706126686,0.1251217078680944,1.0510223460919932,0.9379142316426932,2026-05-24 20:30:00+00:00,2026-05-25 04:30:00+00:00,0.6591771512567621,8.25,1.0,15,40.84502,-8.279722
2026-05-25,ptprt,33,1931.386163910637,749.2770773426023,6.000244580299565,1784.679423512286,0.7143148309880435,6.000244580299565,0.980879995417911,2026-05-25 20:30:00+00:00,2026-05-26 04:30:00+00:00,0.34396710395411345,8.25,1.0,15,40.84502,-8.279722
2026-05-26,ptprt,33,492.54078389422216,314.39442067736627,2.535229776754524,2000.2724885143728,0.3018130686612528,2.535229776754524,0.663965276863428,2026-05-26 20:30:00+00:00,2026-05-27 04:30:00+00:00,0.36621305235366186,8.25,1.0,15,40.84502,-8.279722
2026-05-27,ptprt,33,2298.9707036466375,821.2497446486452,7.454316227544438,1203.7409395821705,0.887418598517195,7.454316227544438,0.8848363338343347,2026-05-27 20:30:00+00:00,2026-05-28 04:30:00+00:00,0.1246628196105053,8.25,1.0,15,40.84502,-8.279722
2026-05-28,ptprt,33,345.5580236600568,192.17055255975606,3.012876715443351,1059.0503491484628,0.3586757994575418,3.012876715443351,0.9999999998893636,2026-05-28 20:30:00+00:00,2026-05-29 04:30:00+00:00,0.1144434009065311,8.25,1.0,15,40.84502,-8.279722
2026-05-29,ptprt,33,909.6528328859749,349.8280005544978,6.04034245375431,1410.4237450018331,0.7190883873517034,6.04034245375431,0.9966437409579497,2026-05-29 20:30:00+00:00,2026-05-30 04:30:00+00:00,0.16049872189300296,8.25,1.0,15,40.84502,-8.279722
2026-05-30,ptprt,33,1653.5451738283346,318.91617225579546,13.918780553950505,1511.9068552331619,1.6569976849941077,13.918780553950505,0.9926540517487691,2026-05-30 20:30:00+00:00,2026-05-31 04:30:00+00:00,0.21511604955573102,8.25,1.0,15,40.84502,-8.279722
2026-05-31,ptprt,32,1037.8538312406686,266.47034759650865,9.537312902882695,1254.2002662830876,1.1353943932003208,9.537312902882695,0.9931177095640009,2026-05-31 20:45:00+00:00,2026-06-01 04:30:00+00:00,0.13875692865420214,8.0,1.0,15,40.84502,-8.279722
2026-06-01,ptprt,32,754.7649227108111,457.3514027695262,4.061067808326333,1609.0774446363216,0.48346045337218263,4.061067808326333,0.8841637408380946,2026-06-01 20:45:00+00:00,2026-06-02 04:30:00+00:00,0.10973512582577667,8.0,1.0,15,40.84502,-8.279722
2026-06-02,ptprt,32,1422.4717554863932,464.2071023754114,5.864748846401927,1412.9620025680372,0.6981843864764198,5.864748846401927,0.9055372046959012,2026-06-02 20:45:00+00:00,2026-06-03 04:30:00+00:00,0.1639651016626523,8.0,1.0,15,40.84502,-8.279722
2026-06-03,ptprt,31,290.1424074023532,336.51958192948257,1.585956109182969,1902.3393822616645,0.18880429871225826,1.585956109182969,0.7494729244375233,2026-06-03 20:45:00+00:00,2026-06-04 04:15:00+00:00,0.09160333269828067,7.75,1.0,15,40.84502,-8.279722
2026-06-04,ptprt,31,1105.0012525105526,298.80405585651584,7.518675425925083,1374.6963131155146,0.895080407848224,7.518675425925083,0.9513088277393565,2026-06-04 20:45:00+00:00,2026-06-05 04:15:00+00:00,0.10001387228761917,7.75,1.0,15,40.84502,-8.279722
2026-06-05,ptprt,31,717.2637352966852,542.44929969753,2.7565478065081184,1514.2074769444237,0.32816045315572834,2.7565478065081184,0.9199811753653331,2026-06-05 20:45:00+00:00,2026-06-06 04:15:00+00:00,0.08004809623479325,7.75,1.0,15,40.84502,-8.279722
2026-06-06,ptprt,31,202.22404631851606,302.86919554255104,1.878676617241675,1441.4333731872537,0.22365197824305655,1.878676617241675,0.5753741847417889,2026-06-06 20:45:00+00:00,2026-06-07 04:15:00+00:00,0.07479177400856823,7.75,1.0,15,40.84502,-8.279722
2026-06-07,ptprt,31,2165.6769672751157,560.1252739005605,10.47294594544557,1359.2464670199452,1.2467792792197105,10.47294594544557,0.9879550993294776,2026-06-07 20:45:00+00:00,2026-06-08 04:15:00+00:00,0.12061883585358207,7.75,1.0,15,40.84502,-8.279722
2026-06-08,ptprt,31,3263.5137512634556,772.798617519963,22.89777565971017,1476.777669325607,2.7259256737750204,22.89777565971017,0.8822641898154117,2026-06-08 20:45:00+00:00,2026-06-09 04:15:00+00:00,0.1675456424046195,7.75,1.0,15,40.84502,-8.279722
2026-06-09,ptprt,31,5102.704780279437,1043.7064510506318,17.5880316011848,1412.5682539987054,2.093813285855333,17.5880316011848,0.9903303712945868,2026-06-09 20:45:00+00:00,2026-06-10 04:15:00+00:00,0.19304635105775547,7.75,1.0,15,40.84502,-8.279722
2026-06-10,ptprt,31,2419.777726833328,587.06914664287,26.464826796131753,1556.5197784813436,3.1505746185871133,26.464826796131753,0.6268247903351322,2026-06-10 20:45:00+00:00,2026-06-11 04:15:00+00:00,0.5005994385809868,7.75,1.0,15,40.84502,-8.279722
2026-06-11,ptprt,31,,,33.88672929781099,1410.7373167210676,4.034134440215594,33.88672929781099,0.4044733185985396,2026-06-11 20:45:00+00:00,2026-06-12 04:15:00+00:00,0.09929015313908135,7.75,1.0,15,40.84502,-8.279722
2026-06-12,ptprt,31,931.7650891905431,515.1241638243033,4.517666286037814,1740.600800162469,0.5378174150045016,4.517666286037814,0.9999999998786127,2026-06-12 20:45:00+00:00,2026-06-13 04:15:00+00:00,0.47283812705830575,7.75,1.0,15,40.84502,-8.279722
2026-06-13,ptprt,31,502.13213948687167,296.1011915349669,7.622205817699433,1620.1256042197163,0.9074054544880277,7.622205817699433,0.9550733376805834,2026-06-13 20:45:00+00:00,2026-06-14 04:15:00+00:00,0.7337086785310533,7.75,1.0,15,40.84502,-8.279722
2026-06-14,ptprt,31,1974.8640941420078,471.37968769339324,9.71169800282486,1459.6165800547344,1.1561545241458169,9.71169800282486,0.9869922682750755,2026-06-14 20:45:00+00:00,2026-06-15 04:15:00+00:00,0.34878807279938484,7.75,1.0,15,40.84502,-8.279722
2026-06-15,ptprt,31,1450.4150375035758,357.4159702833176,10.442306382617643,1482.877337466186,1.243131712216386,10.442306382617643,0.9980755035120692,2026-06-15 20:45:00+00:00,2026-06-16 04:15:00+00:00,0.11995202554510785,7.75,1.0,15,40.84502,-8.279722
2026-06-16,ptprt,31,318.31739848847945,111.82004570445632,4.13127332002886,1275.3075625960184,0.4918182523843879,4.13127332002886,0.8249043248596234,2026-06-16 20:45:00+00:00,2026-06-17 04:15:00+00:00,0.04420799614934178,7.75,1.0,15,40.84502,-8.279722
2026-06-17,ptprt,31,883.6913523010371,557.4046627296372,4.358189295184228,1356.2908714293885,0.5188320589505033,4.358189295184228,0.9999999999037777,2026-06-17 20:45:00+00:00,2026-06-18 04:15:00+00:00,0.062099079142659254,7.75,1.0,15,40.84502,-8.279722
2026-06-18,ptprt,31,855.9429159193699,242.19064607818837,5.784431737901704,1293.0220000221125,0.6886228259406789,5.784431737901704,0.9987757700314214,2026-06-18 20:45:00+00:00,2026-06-19 04:15:00+00:00,0.1833376285591812,7.75,1.0,15,40.84502,-8.279722
2026-06-19,ptprt,31,2057.0404354221832,408.3310806257876,11.632308796913394,1451.3099477078,1.3847986662992133,11.632308796913394,0.999031076723705,2026-06-19 20:45:00+00:00,2026-06-20 04:15:00+00:00,0.2529399413309056,7.75,1.0,15,40.84502,-8.279722
2026-06-20,ptprt,31,964.1149631839228,231.85128381299648,9.884122114796794,1389.6323509062565,1.1766812041424752,9.884122114796794,1.0,2026-06-20 20:45:00+00:00,2026-06-21 04:15:00+00:00,0.08801305196631007,7.75,1.0,15,40.84502,-8.279722
2026-06-21,ptprt,31,1781.6830805466516,502.4420633058734,9.580744459744423,1472.5597915687567,1.1405648166362408,9.580744459744423,1.0,2026-06-21 20:45:00+00:00,2026-06-22 04:15:00+00:00,0.23104526830183994,7.75,1.0,15,40.84502,-8.279722
2026-06-22,ptprt,31,2299.7625983568482,588.9095810915095,7.036412720141873,1691.648545296172,0.8376681809692705,7.036412720141873,0.9985366004990426,2026-06-22 20:45:00+00:00,2026-06-23 04:15:00+00:00,0.3238826700651542,7.75,1.0,15,40.84502,-8.279722
2026-06-23,ptprt,31,3718.405840032104,1074.3966304086466,11.874341330412896,1636.1220014733926,1.4136120631443923,11.874341330412896,0.9971147178493058,2026-06-23 20:45:00+00:00,2026-06-24 04:15:00+00:00,0.3185314074577965,7.75,1.0,15,40.84502,-8.279722
2026-06-24,ptprt,31,2058.3956508620745,556.0548251157138,11.342715253272365,1530.5461752227282,1.3503232444371862,11.342715253272365,0.9961902399026643,2026-06-24 20:45:00+00:00,2026-06-25 04:15:00+00:00,0.21495451121732143,7.75,1.0,15,40.84502,-8.279722
2026-06-25,ptprt,31,665.9254026470393,399.3922573232051,2.23939206814093,1939.2339558537099,0.2665942938263012,2.23939206814093,0.8984705486473715,2026-06-25 20:45:00+00:00,2026-06-26 04:15:00+00:00,0.1800860811245052,7.75,1.0,15,40.84502,-8.279722
2026-06-26,ptprt,31,689.8502961173248,213.6534086193604,4.30046352746506,1479.1266540400236,0.5119599437458403,4.30046352746506,0.9363454080768245,2026-06-26 20:45:00+00:00,2026-06-27 04:15:00+00:00,0.17812956194776347,7.75,1.0,15,40.84502,-8.279722
2026-06-27,ptprt,32,704.2896819488584,164.93242791623464,4.898817935353145,1494.4014418925633,0.5831926113515649,4.898817935353145,0.9341192798154695,2026-06-27 20:45:00+00:00,2026-06-28 04:30:00+00:00,0.3467954264352561,8.0,1.0,15,40.84502,-8.279722
2026-06-28,ptprt,32,710.0505480233622,198.18804091864234,6.950306840846316,1458.9428754552127,0.8274174810531327,6.950306840846316,0.987660023868667,2026-06-28 20:45:00+00:00,2026-06-29 04:30:00+00:00,0.6337075363286168,8.0,1.0,15,40.84502,-8.279722
2026-06-29,ptprt,32,191.31508707577765,54.398390224354145,3.048384074261412,1544.2640324994438,0.3629028659835014,3.048384074261412,0.9938288895942758,2026-06-29 20:45:00+00:00,2026-06-30 04:30:00+00:00,0.30651786651403184,8.0,1.0,15,40.84502,-8.279722
2026-06-30,ptprt,32,251.72254939635192,73.51676569652103,2.5977151341736318,1601.2697701002617,0.3092518016873371,2.5977151341736318,0.9917231883314488,2026-06-30 20:45:00+00:00,2026-07-01 04:30:00+00:00,0.2745196646411215,8.0,1.0,15,40.84502,-8.279722
2026-07-01,ptprt,32,2505.2713799488206,658.94030923243,13.379213713668287,1680.20144289221,1.5927635373414628,13.379213713668287,0.9986371495829021,2026-07-01 20:45:00+00:00,2026-07-02 04:30:00+00:00,0.805779344321769,8.0,1.0,15,40.84502,-8.279722
2026-07-02,ptprt,32,3175.8486767635763,673.324384348254,14.26589385084808,1846.6379924663538,1.6983206965295332,14.26589385084808,0.9970311019304732,2026-07-02 20:45:00+00:00,2026-07-03 04:30:00+00:00,1.0205467565927977,8.0,1.0,15,40.84502,-8.279722
2026-07-03,ptprt,32,1564.0832681565687,384.2427280610326,10.286508896760644,1568.4205930012881,1.2245843924715052,10.286508896760644,1.0,2026-07-03 20:45:00+00:00,2026-07-04 04:30:00+00:00,0.647046644063223,8.0,1.0,15,40.84502,-8.279722
2026-07-04,ptprt,32,531.2768002615443,172.50415006961143,5.026015593856574,1572.4905115877477,0.5983351897448301,5.026015593856574,0.9999999999751293,2026-07-04 20:45:00+00:00,2026-07-05 04:30:00+00:00,0.6243096484130862,8.0,1.0,15,40.84502,-8.279722
2026-07-05,ptprt,32,503.9685655266689,140.23776174648708,6.384253755770624,1381.4228878002,0.7600302090203124,6.384253755770624,0.9995118297340003,2026-07-05 20:45:00+00:00,2026-07-06 04:30:00+00:00,0.5767005686853508,8.0,1.0,15,40.84502,-8.279722
2026-07-06,ptprt,32,1420.3961405658235,295.48517804438643,7.998956068605185,1421.4811957575275,0.9522566748339505,7.998956068605185,0.9772133827833122,2026-07-06 20:45:00+00:00,2026-07-07 04:30:00+00:00,0.28033792727907736,8.0,1.0,15,40.84502,-8.279722
2026-07-07,ptprt,32,842.6585170683767,182.82165631501567,5.673584925872274,1512.719230336537,0.6754267768895564,5.673584925872274,0.9569469591841387,2026-07-07 20:45:00+00:00,2026-07-08 04:30:00+00:00,0.27566990778556444,8.0,1.0,15,40.84502,-8.279722
2026-07-08,ptprt,32,1041.3519241098684,182.8302294643806,7.197379245446064,1394.766364528216,0.8568308625531028,7.197379245446064,0.9796363432494374,2026-07-08 20:45:00+00:00,2026-07-09 04:30:00+00:00,0.3047251451236559,8.0,1.0,15,40.84502,-8.279722
2026-07-09,ptprt,32,1103.5266207046723,181.72469564923477,6.896213695430197,1391.6093519179751,0.8209778208845473,6.896213695430197,0.9394058919907232,2026-07-09 20:45:00+00:00,2026-07-10 04:30:00+00:00,0.19449148127460947,8.0,1.0,15,40.84502,-8.279722
2026-07-10,ptprt,32,1488.6135506127957,305.8953827354082,7.807871452975087,1501.8246027865853,0.929508506306558,7.807871452975087,0.9944376151321848,2026-07-10 20:45:00+00:00,2026-07-11 04:30:00+00:00,0.23795731780258858,8.0,1.0,15,40.84502,-8.279722
2026-07-11,ptprt,32,940.680339958922,198.60793095144373,5.943256303132512,1382.514869971337,0.7075305122776799,5.943256303132512,0.915797993400841,2026-07-11 20:45:00+00:00,2026-07-12 04:30:00+00:00,0.43654438069031115,8.0,1.0,15,40.84502,-8.279722
2026-07-12,ptprt,32,335.9384067893791,84.95103318119614,2.224801142991055,1384.589209408807,0.26485727892750655,2.224801142991055,0.7369392049668261,2026-07-12 20:45:00+00:00,2026-07-13 04:30:00+00:00,0.13896132677677395,8.0,1.0,15,40.84502,-8.279722
2026-07-13,ptprt,32,246.685174980659,60.863852773572944,2.3862892250064762,1452.2660882142047,0.28408205059600905,2.3862892250064762,0.8346373105338535,2026-07-13 20:45:00+00:00,2026-07-14 04:30:00+00:00,0.1346146103567107,8.0,1.0,15,40.84502,-8.279722
2026-07-14,ptprt,32,495.7113790662828,106.90004506405928,3.6415822692913937,1292.978456319549,0.4335216987251659,3.6415822692913937,0.9402588992352354,2026-07-14 20:45:00+00:00,2026-07-15 04:30:00+00:00,0.38219878997372847,8.0,1.0,15,40.84502,-8.279722
2026-07-15,ptprt,32,560.0303622958261,123.3195591725412,4.643760621966795,1379.9217411717893,0.5528286454722374,4.643760621966795,0.9529726398216569,2026-07-15 20:45:00+00:00,2026-07-16 04:30:00+00:00,0.3265718263516455,8.0,1.0,15,40.84502,-8.279722
2026-07-16,ptprt,32,279.14484804816476,79.58070023191924,2.6386680759955197,1371.9898417630998,0.3141271519042285,2.6386680759955197,0.8514412084565302,2026-07-16 20:45:00+00:00,2026-07-17 04:30:00+00:00,0.18678570928781357,8.0,1.0,15,40.84502,-8.279722
2026-07-17,ptprt,32,1418.675103510862,254.84097999685818,10.263567727187183,1351.776455931699,1.221853300855617,10.263567727187183,0.9918903277123986,2026-07-17 20:45:00+00:00,2026-07-18 04:30:00+00:00,0.25332090805401297,8.0,1.0,15,40.84502,-8.279722
2026-07-18,ptprt,33,1081.9839336250236,182.79457431681624,9.194681865394568,1360.8145264477982,1.0946049839755436,9.194681865394568,0.9872743730104401,2026-07-18 20:45:00+00:00,2026-07-19 04:45:00+00:00,0.13638079250839125,8.25,1.0,15,40.84502,-8.279722
2026-07-19,ptprt,33,839.2788801773618,215.2374294489096,6.478497076802182,1385.1423476564846,0.7712496520002596,6.478497076802182,0.9694528267227186,2026-07-19 20:45:00+00:00,2026-07-20 04:45:00+00:00,0.12858921091312073,8.25,1.0,15,40.84502,-8.279722
2026-07-20,ptprt,33,1270.9906380596203,304.4209296184502,7.5196698086054035,1322.8041475260152,0.8951987867387385,7.5196698086054035,0.9795673594835664,2026-07-20 20:45:00+00:00,2026-07-21 04:45:00+00:00,0.20347632633725826,8.25,1.0,15,40.84502,-8.279722
2026-07-21,ptprt,33,1674.0417490312407,344.01003112506544,9.09749578824549,1353.264730098155,1.083035212886368,9.09749578824549,0.980099976249495,2026-07-21 20:45:00+00:00,2026-07-22 04:45:00+00:00,0.41774680850121987,8.25,1.0,15,40.84502,-8.279722
2026-07-22,ptprt,33,1134.7617600226035,251.90894404017237,6.856064755672759,1346.2613621780606,0.8161981851991379,6.856064755672759,0.9491976430957189,2026-07-22 20:45:00+00:00,2026-07-23 04:45:00+00:00,0.2115475238490806,8.25,1.0,15,40.84502,-8.279722
2026-07-23,ptprt,34,451.1512993574045,134.4906909310593,3.1428625703077104,1383.8391091407057,0.37415030598901317,3.1428625703077104,0.8545250984905385,2026-07-23 20:30:00+00:00,2026-07-24 04:45:00+00:00,0.20534808164639842,8.5,1.0,15,40.84502,-8.279722
2026-07-24,ptprt,34,328.25021462140353,363.0734618419329,1.9954141219968307,2275.2065745971368,0.23754930023771792,1.9954141219968307,0.908217390488191,2026-07-24 20:30:00+00:00,2026-07-25 04:45:00+00:00,0.13218882738764048,8.5,1.0,15,40.84502,-8.279722
2026-07-25,ptprt,34,1920.0402683175514,452.7065319321478,9.452260789932573,1805.1134641695735,1.1252691416586398,9.452260789932573,0.983027114094536,2026-07-25 20:30:00+00:00,2026-07-26 04:45:00+00:00,0.33933926722317637,8.5,1.0,15,40.84502,-8.279722
2026-07-26,ptprt,34,1664.0513606751279,276.63906452214246,15.022023175087046,1623.3792358008152,1.7883360922722673,15.022023175087046,0.998654833778373,2026-07-26 20:30:00+00:00,2026-07-27 04:45:00+00:00,0.5622031222777868,8.5,1.0,15,40.84502,-8.279722
2026-07-27,ptprt,34,2164.0600128298015,440.5170224508196,16.294348579864295,1467.4099206504955,1.9398034023647965,16.294348579864295,0.9991066632601797,2026-07-27 20:30:00+00:00,2026-07-28 04:45:00+00:00,0.7382296279777224,8.5,1.0,15,40.84502,-8.279722
2026-07-28,ptprt,34,1760.265205292217,270.33246774610467,10.61047841458417,1314.4382933590564,1.2631521922124012,10.61047841458417,0.9915004004030201,2026-07-28 20:30:00+00:00,2026-07-29 04:45:00+00:00,0.16785162717066432,8.5,1.0,15,40.84502,-8.279722
2026-07-29,ptprt,34,803.0384135490107,177.58809387411534,3.7977399483323104,1314.6139868054279,0.4521118986109892,3.7977399483323104,0.9259624548779339,2026-07-29 20:30:00+00:00,2026-07-30 04:45:00+00:00,0.21392287449457514,8.5,1.0,15,40.84502,-8.279722
2026-07-30,ptprt,34,649.9139057040111,118.25003120665701,3.4859135939356163,1277.8233655596896,0.4149897135637638,3.4859135939356163,0.8525644088806431,2026-07-30 20:30:00+00:00,2026-07-31 04:45:00+00:00,0.19510916241055742,8.5,1.0,15,40.84502,-8.279722
2026-07-31,ptprt,34,2053.0947036231432,397.85999481604426,12.293644629933818,1375.634092343743,1.4635291226111686,12.293644629933818,0.9921935948812006,2026-07-31 20:30:00+00:00,2026-08-01 04:45:00+00:00,0.21656117190763818,8.5,1.0,15,40.84502,-8.279722
2026-08-01,ptprt,34,1634.7883407986353,350.59170171889997,8.478734889757984,1567.3599350284412,1.0093732011616647,8.478734889757984,0.9468556448201614,2026-08-01 20:30:00+00:00,2026-08-02 04:45:00+00:00,0.11218846692352286,8.5,1.0,15,40.84502,-8.279722
2026-08-02,ptprt,35,993.1596075669438,172.65579732870404,6.132382586130075,1406.1926224086706,0.730045545967866,6.132382586130075,0.9149678716417041,2026-08-02 20:30:00+00:00,2026-08-03 05:00:00+00:00,0.13587327633435145,8.75,1.0,15,40.84502,-8.279722
2026-08-03,ptprt,35,111.74336737247846,47.06230214648321,0.9926269507301705,1788.6926460015632,0.11816987508692504,0.9926269507301705,0.7648746868111753,2026-08-03 20:30:00+00:00,2026-08-04 05:00:00+00:00,0.14133016610323645,8.75,1.0,15,40.84502,-8.279722
2026-08-04,ptprt,35,787.1520553537573,144.68997444890596,6.092839896859868,1587.7103567646602,0.725338082959508,6.092839896859868,0.9481306932966738,2026-08-04 20:30:00+00:00,2026-08-05 05:00:00+00:00,0.12831930953398646,8.75,1.0,15,40.84502,-8.279722
2026-08-05,ptprt,36,2784.9266496612004,475.5876023286269,14.383072193877565,1536.4870039627574,1.7122704992711386,14.383072193877565,0.9760479804852029,2026-08-05 20:15:00+00:00,2026-08-06 05:00:00+00:00,0.25113643390457435,9.0,1.0,15,40.84502,-8.279722
2026-08-06,ptprt,36,2887.9156359902036,470.9354028704516,14.653634056076406,1445.2126720091978,1.7444802447710008,14.653634056076406,0.9760604230646664,2026-08-06 20:15:00+00:00,2026-08-07 05:00:00+00:00,0.22573389473026653,9.0,1.0,15,40.84502,-8.279722
2026-08-07,ptprt,36,1029.1474710230325,230.95546234054694,5.6999042681211405,1374.306265743113,0.6785600319191833,5.6999042681211405,0.9390025075107389,2026-08-07 20:15:00+00:00,2026-08-08 05:00:00+00:00,0.15226378335511728,9.0,1.0,15,40.84502,-8.279722
2026-08-08,ptprt,36,609.2957565101416,118.55715095296075,3.7849368618852974,1338.4058594074368,0.45058772165301164,3.7849368618852974,0.8687054619966794,2026-08-08 20:15:00+00:00,2026-08-09 05:00:00+00:00,0.06880251436740381,9.0,1.0,15,40.84502,-8.279722
2026-08-09,ptprt,36,2669.8676650260504,462.83929488985467,15.681666324494614,1383.7613987376074,1.8668650386303112,15.681666324494614,0.9925372518115054,2026-08-09 20:15:00+00:00,2026-08-10 05:00:00+00:00,0.1845564237829684,9.0,1.0,15,40.84502,-8.279722
2026-08-10,ptprt,36,4326.586224721473,669.2831028325738,23.059311672113836,1474.215486496733,2.745156151442123,23.059311672113836,0.9972335522021332,2026-08-10 20:15:00+00:00,2026-08-11 05:00:00+00:00,0.3462911665589174,9.0,1.0,15,40.84502,-8.279722
2026-08-11,ptprt,36,2982.945460680726,527.4158935635767,16.6793418272088,1557.157995504489,1.9856359318105712,16.6793418272088,0.9958643395394916,2026-08-11 20:15:00+00:00,2026-08-12 05:00:00+00:00,0.11531374184237349,9.0,1.0,15,40.84502,-8.279722
2026-08-12,ptprt,36,2213.6073321420736,333.4859216023751,13.556291974108253,1376.6831682079026,1.6138442826319348,13.556291974108253,0.9848720388035068,2026-08-12 20:15:00+00:00,2026-08-13 05:00:00+00:00,0.10115714189019942,9.0,1.0,15,40.84502,-8.279722
2026-08-13,ptprt,36,2210.0354968211113,431.9189458703907,13.665431196004567,1478.927714697094,1.6268370471434008,13.665431196004567,0.9908419513681431,2026-08-13 20:15:00+00:00,2026-08-14 05:00:00+00:00,0.11581308764893385,9.0,1.0,15,40.84502,-8.279722
2026-08-14,ptprt,36,4347.62771704899,1057.3047345308908,21.530324393469428,1475.7991784890412,2.563133856365408,21.530324393469428,0.9262048172609909,2026-08-14 20:15:00+00:00,2026-08-15 05:00:00+00:00,0.13515987941817867,9.0,1.0,15,40.84502,-8.279722
2026-08-15,ptprt,36,4956.553184345692,1223.444415581872,28.89862159871393,1620.1548553431921,3.4403120950849915,28.89862159871393,0.9813103201191612,2026-08-15 20:15:00+00:00,2026-08-16 05:00:00+00:00,0.13656619523252758,9.0,1.0,15,40.84502,-8.279722
2026-08-16,ptprt,38,3261.3010062587855,680.0215622890731,19.64620902530457,1596.414882378069,2.3388344077743533,19.64620902530457,0.9443266885632763,2026-08-16 20:00:00+00:00,2026-08-17 05:15:00+00:00,0.08544221740038623,9.5,1.0,15,40.84502,-8.279722
2026-08-17,ptprt,38,3512.179657115212,680.7989247172762,24.89178037917928,1532.2927484193156,2.963307187997533,24.89178037917928,0.9127357083931613,2026-08-17 20:00:00+00:00,2026-08-18 05:15:00+00:00,0.22292101675644516,9.5,1.0,15,40.84502,-8.279722
2026-08-18,ptprt,38,2114.514728894803,393.62708074545054,15.169997794053664,1660.4548690627955,1.8059521183397218,15.169997794053664,0.992634303624135,2026-08-18 20:00:00+00:00,2026-08-19 05:15:00+00:00,0.19923387193786246,9.5,1.0,15,40.84502,-8.279722
2026-08-19,ptprt,22,1052.977273438342,389.51875709874025,10.616592203724114,1734.7153805666208,1.299730640755426,10.616592203724114,0.9589413381485206,2026-08-20 00:00:00+00:00,2026-08-20 05:15:00+00:00,0.08682388268898995,5.5,1.0,15,40.84502,-8.279722
2026-08-20,ptprt,38,2179.2370554585023,515.0658538363344,9.853672570303866,1679.7509714587075,1.191540279824819,9.853672570303866,0.9451010192037076,2026-08-20 20:00:00+00:00,2026-08-21 05:15:00+00:00,0.16955837498552032,9.5,1.0,15,40.84502,-8.279722
2026-08-21,ptprt,36,3266.949164461879,571.2276096421501,15.415161345630057,1281.0259683832319,1.9175766501230775,15.415161345630057,0.9818466173545931,2026-08-21 20:00:00+00:00,2026-08-22 05:15:00+00:00,0.3558689657860391,9.0,0.9473684210526315,15,40.84502,-8.279722
2026-08-22,ptprt,38,1348.9277706783073,428.55814423896265,5.5499896746717,1345.3507216825744,0.6607130565085357,5.5499896746717,0.8687589431371288,2026-08-22 20:00:00+00:00,2026-08-23 05:15:00+00:00,0.20872190488507814,9.5,1.0,15,40.84502,-8.279722
2026-08-23,ptprt,38,,,3.135821801071104,1667.0533213828119,0.37331211917513146,3.135821801071104,0.4926596004831656,2026-08-23 20:00:00+00:00,2026-08-24 05:15:00+00:00,0.7359815640506254,9.5,1.0,15,40.84502,-8.279722
2026-08-24,ptprt,38,203.51883689845425,87.3212722552668,1.3167991706415227,2490.771783035238,0.1567618060287527,1.3167991706415227,0.7326457652349685,2026-08-24 20:00:00+00:00,2026-08-25 05:15:00+00:00,0.3223661686917378,9.5,1.0,15,40.84502,-8.279722
2026-08-25,ptprt,38,480.6034289964329,177.21307240425892,3.394202962155013,1333.3586900519488,0.40407178120893006,3.394202962155013,0.6003166951963204,2026-08-25 20:00:00+00:00,2026-08-26 05:15:00+00:00,0.5278265658784048,9.5,1.0,15,40.84502,-8.279722
2026-08-26,ptprt,39,355.11114439896323,112.21289084945224,1.8101086079310151,2262.698085627356,0.2154891199917875,1.8101086079310151,0.6682518196004278,2026-08-26 19:45:00+00:00,2026-08-27 05:15:00+00:00,0.6495996196142172,9.75,1.0,15,40.84502,-8.279722
2026-08-27,ptprt,39,667.830152793433,220.09388277245512,3.435888522786972,1653.2687561029043,0.40903434795083,3.435888522786972,0.762771167226759,2026-08-27 19:45:00+00:00,2026-08-28 05:15:00+00:00,0.1973345392921363,9.75,1.0,15,40.84502,-8.279722
2026-08-28,ptprt,39,1596.124899737223,243.03422634245663,7.936440897828494,1678.4800854210062,0.9448143925986301,7.936440897828494,0.9357807419833459,2026-08-28 19:45:00+00:00,2026-08-29 05:15:00+00:00,0.0552515657535488,9.75,1.0,15,40.84502,-8.279722
2026-08-29,ptprt,39,1538.133494621465,527.726736034274,7.295344380021859,1434.1215180183374,0.868493378574031,7.295344380021859,0.9517367506581457,2026-08-29 19:45:00+00:00,2026-08-30 05:15:00+00:00,0.03304316668996646,9.75,1.0,15,40.84502,-8.279722
2026-08-30,ptprt,39,8147.758037619007,1639.9862880169821,26.60196169666373,1504.2607264058754,3.1669002019837773,26.60196169666373,0.9802935094987676,2026-08-30 19:45:00+00:00,2026-08-31 05:30:00+00:00,0.06598373523650926,9.75,0.975,15,40.84502,-8.279722
2026-08-31,ptprt,7,553.083582942203,635.8924311041492,15.302749832506692,1373.6739664223385,2.211394408356626,15.302749832506692,0.8803356062757215,2026-08-31 19:45:00+00:00,2026-08-31 23:45:00+00:00,0.014239480288623709,1.75,0.4117647058823529,15,40.84502,-8.279722
